# Blender 4.4.3
# www.blender.org
mtllib Inverse3.mtl
o Inverse3
v 7.604275 1.665972 20.904190
v 7.604275 1.354137 22.151527
v 7.604275 -1.354195 22.151527
v 7.604274 -1.666027 2.132863
v 7.604274 -1.354193 0.885524
v 7.604274 1.354139 0.885524
v 7.604275 -1.666028 20.904190
v 7.604274 1.665973 2.132863
v -2.274125 1.665971 20.904190
v -2.274126 1.665972 2.132863
v -2.274126 1.354139 0.885524
v -2.274125 -1.354195 22.151527
v -2.274125 1.354137 22.151527
v -2.274126 -1.354193 0.885524
v -2.274126 -1.666027 2.132863
v -2.274125 -1.666029 20.904190
v 7.447475 -1.666028 20.904190
v 7.447474 -1.666027 2.132863
v 7.447474 -1.354193 0.885524
v 7.447474 1.354139 0.885524
v 7.447474 1.665973 2.132863
v 7.447475 1.665972 20.904190
v 7.447475 1.354137 22.151527
v 7.447475 -1.354195 22.151527
v -2.038925 1.665971 20.904190
v -2.038926 1.665972 2.132863
v -2.038926 1.354139 0.885524
v -2.038926 -1.354193 0.885524
v -2.038926 -1.666027 2.132863
v -2.038925 -1.666029 20.904190
v -2.038925 -1.354195 22.151527
v -2.038925 1.354137 22.151527
v 7.447475 -1.374491 22.347523
v 7.447475 -1.715028 20.985371
v 7.447474 -1.715027 2.051677
v 7.447474 -1.374489 0.689525
v 7.447474 1.374436 0.689525
v 7.447474 1.714973 2.051677
v 7.447475 1.714971 20.985371
v 7.447475 1.374434 22.347523
v -2.038925 -1.384640 22.445528
v -2.038925 1.384582 22.445528
v -2.038925 1.739471 21.025972
v -2.038926 1.739473 2.011083
v -2.038926 1.384584 0.591524
v -2.038926 -1.384638 0.591524
v -2.038926 -1.739527 2.011082
v -2.038925 -1.739529 21.025972
v 6.977075 -1.862027 1.808116
v 6.977075 -1.862029 21.228931
v 6.977075 -1.435379 0.101527
v 6.977075 1.435325 0.101527
v 6.977075 1.861973 1.808116
v 6.977075 1.861971 21.228931
v 6.977075 1.435323 22.935524
v 6.977075 -1.435381 22.935524
v -1.646927 1.861972 1.808116
v -1.646926 1.861971 21.228931
v -1.646927 1.435325 0.101527
v -1.646927 -1.435379 0.101527
v -1.646927 -1.862027 1.808116
v -1.646926 -1.862029 21.228931
v -1.646926 -1.435381 22.935524
v -1.646926 1.435323 22.935524
v 6.820275 -1.862027 1.808116
v 6.820275 -1.862029 21.228931
v 6.820275 -1.435379 0.101527
v 6.820275 1.435325 0.101527
v 6.820275 1.861973 1.808116
v 6.820275 1.861971 21.228931
v 6.820275 1.435323 22.935524
v 6.820275 -1.435381 22.935524
v 6.820275 -1.886527 1.791880
v 6.820275 -1.886529 21.245174
v -1.490126 -1.886527 1.791880
v -1.490125 -1.886529 21.245174
v -1.490126 -1.882222 1.750304
v -1.490126 -1.449833 0.020747
v 6.820275 -1.882221 1.750304
v 6.820275 -1.449832 0.020747
v 2.123910 -0.913081 0.003524
v 2.277459 -0.919398 0.003524
v -1.490126 -1.439438 0.003524
v 0.975526 -0.775324 0.003524
v 1.107577 -0.800611 0.003524
v -0.335099 -0.144641 0.003524
v -0.355314 -0.096657 0.003524
v -0.367465 -0.048408 0.003524
v 0.847891 -0.747911 0.003524
v 1.526552 -0.863061 0.003524
v 1.672542 -0.879217 0.003524
v 4.785040 -0.618595 0.003524
v 4.885622 -0.581793 0.003524
v 6.820275 -1.439438 0.003524
v 5.400082 -0.285693 0.003524
v 5.444066 -0.239288 0.003524
v -0.175037 0.331261 0.003524
v -0.226736 0.285639 0.003524
v -1.490126 1.439384 0.003524
v -0.270721 0.239235 0.003524
v -0.306875 0.192174 0.003524
v -0.371519 -0.000027 0.003524
v -0.367465 0.048354 0.003524
v 1.821038 -0.892963 0.003524
v 1.971631 -0.904261 0.003524
v 2.431853 0.923142 0.003524
v 2.277459 0.919344 0.003524
v -0.335099 0.144587 0.003524
v -0.355314 0.096603 0.003524
v -0.306875 -0.192228 0.003524
v -0.270721 -0.239289 0.003524
v -0.226736 -0.285693 0.003524
v 2.895889 -0.919398 0.003524
v 3.049436 -0.913081 0.003524
v 3.201716 -0.904261 0.003524
v 3.352310 -0.892963 0.003524
v 4.197821 -0.775324 0.003524
v 4.325455 -0.747910 0.003524
v 4.448324 -0.718448 0.003524
v 5.148542 -0.462244 0.003524
v 5.222443 -0.419712 0.003524
v 5.528661 0.096603 0.003524
v 5.508446 0.144587 0.003524
v 6.820275 1.439385 0.003524
v 5.480224 0.192174 0.003524
v 5.444066 0.239235 0.003524
v 5.400082 0.285639 0.003524
v 5.348385 0.331261 0.003524
v 5.289118 0.375975 0.003524
v 5.067623 0.503457 0.003524
v 4.979902 0.543343 0.003524
v 2.123910 0.913027 0.003524
v 1.971631 0.904208 0.003524
v 1.821038 0.892909 0.003524
v 1.672541 0.879163 0.003524
v 1.526551 0.863008 0.003524
v 1.383468 0.844486 0.003524
v -0.175037 -0.331315 0.003524
v -0.115769 -0.376029 0.003524
v -0.049096 -0.419712 0.003524
v 0.024803 -0.462245 0.003524
v 0.105725 -0.503510 0.003524
v 0.193445 -0.543396 0.003524
v 0.287727 -0.581793 0.003524
v 0.388308 -0.618595 0.003524
v 0.494916 -0.653701 0.003524
v 0.607256 -0.687016 0.003524
v 0.725022 -0.718448 0.003524
v 1.243683 -0.823704 0.003524
v 1.383468 -0.844540 0.003524
v 2.431853 -0.923195 0.003524
v 2.586674 -0.924462 0.003524
v 2.741494 -0.923195 0.003524
v 3.500806 -0.879217 0.003524
v 3.646796 -0.863061 0.003524
v 3.789879 -0.844540 0.003524
v 3.929666 -0.823704 0.003524
v 4.065769 -0.800611 0.003524
v 4.566092 -0.687016 0.003524
v 4.678432 -0.653701 0.003524
v 4.979902 -0.543396 0.003524
v 5.067623 -0.503510 0.003524
v 5.289118 -0.376029 0.003524
v 5.348385 -0.331315 0.003524
v 5.222443 0.419658 0.003524
v 5.148542 0.462191 0.003524
v 4.885622 0.581739 0.003524
v 4.785040 0.618541 0.003524
v 4.678432 0.653648 0.003524
v 1.243683 0.823651 0.003524
v 1.107577 0.800557 0.003524
v 0.975526 0.775270 0.003524
v 0.024803 0.462191 0.003524
v -0.049096 0.419658 0.003524
v -0.115769 0.375975 0.003524
v 5.480224 -0.192227 0.003524
v 5.508446 -0.144640 0.003524
v 5.528661 -0.096657 0.003524
v 5.540812 -0.048408 0.003524
v 5.544867 -0.000027 0.003524
v 5.540812 0.048354 0.003524
v 3.049436 0.913027 0.003524
v 2.895889 0.919344 0.003524
v 2.741494 0.923142 0.003524
v 2.586673 0.924408 0.003524
v 0.847891 0.747857 0.003524
v 0.725022 0.718394 0.003524
v 0.607256 0.686962 0.003524
v 0.494916 0.653647 0.003524
v 0.388308 0.618541 0.003524
v 0.287727 0.581739 0.003524
v 0.193445 0.543342 0.003524
v 0.105725 0.503456 0.003524
v 4.566092 0.686963 0.003524
v 4.448324 0.718394 0.003524
v 4.325455 0.747857 0.003524
v 4.197821 0.775270 0.003524
v 4.065769 0.800557 0.003524
v 3.929666 0.823651 0.003524
v 3.789879 0.844487 0.003524
v 3.646796 0.863008 0.003524
v 3.500806 0.879164 0.003524
v 3.352310 0.892909 0.003524
v 3.201716 0.904208 0.003524
v -1.490126 1.449779 0.020747
v -1.490126 1.882167 1.750304
v 6.820275 1.449779 0.020747
v 6.820275 1.882168 1.750304
v -1.490126 1.886473 1.791881
v -1.490125 1.886471 21.245174
v 6.820275 1.886473 1.791881
v 6.820275 1.886471 21.245174
v -1.490126 1.861972 1.808116
v -1.490125 1.861971 21.228931
v -1.490126 1.435325 0.101527
v -1.490126 -1.435379 0.101527
v -1.490126 -1.862027 1.808116
v -1.490125 -1.862029 21.228931
v -1.490125 -1.435381 22.935524
v -1.490125 1.435323 22.935524
v -1.490125 1.882166 21.286745
v -1.490125 1.449777 23.016304
v 6.820275 1.882166 21.286745
v 6.820275 1.449777 23.016304
v 6.820275 1.884869 21.271866
v 6.820275 1.884502 21.274569
v 6.820275 1.885201 21.269089
v 6.820275 1.884100 21.277193
v 6.820275 1.883664 21.279732
v 6.820275 1.883196 21.282173
v 6.820275 1.886392 1.785735
v 6.820275 1.886453 1.788802
v 6.820275 1.882696 21.284517
v 6.820275 1.449219 23.018421
v 6.820275 1.448633 23.020424
v 6.820275 1.448023 23.022297
v 6.820275 1.447389 23.024036
v 6.820275 1.886452 21.248249
v 6.820275 1.886391 21.251314
v 6.820275 -1.440879 0.003807
v 6.820275 -1.440159 0.003596
v 6.820275 -1.886458 21.250935
v 6.820275 -1.886511 21.248055
v 6.820275 -1.882223 21.286745
v 6.820275 -1.449834 23.016304
v 6.820275 -1.449276 23.018421
v 6.820275 1.440918 23.033205
v 6.820275 1.440152 23.033443
v 6.820275 1.439383 23.033527
v 6.820275 1.886291 21.254366
v 6.820275 1.886150 21.257401
v 6.820275 1.885970 21.260391
v 6.820275 1.885752 21.263338
v 6.820275 1.885495 21.266243
v 6.820275 -1.445063 0.008000
v 6.820275 -1.444390 0.006963
v 6.820275 -1.443705 0.006057
v 6.820275 -1.443010 0.005290
v 6.820275 -1.885256 1.767964
v 6.820275 -1.884925 1.765187
v 6.820275 -1.885669 21.264980
v 6.820275 -1.885896 21.262239
v 6.820275 -1.886088 21.259457
v 6.820275 -1.882721 21.284657
v 6.820275 -1.883192 21.282473
v 6.820275 -1.883636 21.280197
v 6.820275 -1.884051 21.277834
v 6.820275 -1.884437 21.275398
v 6.820275 -1.884793 21.272890
v 6.820275 -1.439440 23.033527
v 6.820275 -1.440209 23.033443
v 6.820275 -1.440976 23.033205
v 6.820275 1.446733 23.025650
v 6.820275 1.446056 23.027119
v 6.820275 1.445362 23.028444
v 6.820275 1.446941 0.011891
v 6.820275 1.446314 0.010470
v 6.820275 1.445670 0.009170
v 6.820275 1.447551 0.013433
v 6.820275 1.448141 0.015096
v 6.820275 1.448709 0.016872
v 6.820275 1.449257 0.018758
v 6.820275 1.882697 1.752538
v 6.820275 1.443652 0.006057
v 6.820275 1.444337 0.006963
v 6.820275 1.445010 0.008000
v 6.820275 -1.449310 0.018758
v 6.820275 -1.448763 0.016871
v 6.820275 -1.448195 0.015096
v 6.820275 -1.447605 0.013432
v 6.820275 -1.446995 0.011891
v 6.820275 -1.446368 0.010469
v 6.820275 -1.445723 0.009169
v 6.820275 -1.885117 21.270313
v 6.820275 -1.885410 21.267672
v 6.820275 -1.441739 23.032795
v 6.820275 -1.442496 23.032242
v 6.820275 -1.443245 23.031521
v 6.820275 1.885203 1.767964
v 6.820275 1.885497 1.770808
v 6.820275 1.885754 1.773711
v 6.820275 1.885972 1.776662
v 6.820275 1.886152 1.779656
v 6.820275 1.886292 1.782683
v 6.820275 1.883198 1.754875
v 6.820275 1.883666 1.757320
v 6.820275 1.884102 1.759856
v 6.820275 -1.442305 0.004656
v 6.820275 -1.441595 0.004161
v 6.820275 1.440106 0.003596
v 6.820275 1.440825 0.003807
v 6.820275 1.441542 0.004161
v 6.820275 -1.883719 1.757319
v 6.820275 -1.883251 1.754875
v 6.820275 -1.882751 1.752538
v 6.820275 -1.886246 21.256641
v 6.820275 -1.886369 21.253799
v 6.820275 -1.886507 1.788802
v 6.820275 -1.886446 1.785735
v 6.820275 -1.445419 23.028444
v 6.820275 -1.446113 23.027119
v 6.820275 -1.446790 23.025650
v 6.820275 -1.447446 23.024036
v 6.820275 -1.448080 23.022297
v 6.820275 -1.448691 23.020424
v 6.820275 1.444650 23.029621
v 6.820275 1.443925 23.030647
v 6.820275 1.443187 23.031521
v 6.820275 -1.443982 23.030647
v 6.820275 -1.444708 23.029621
v 6.820275 1.884504 1.762481
v 6.820275 1.884871 1.765187
v 6.820275 1.442253 0.004656
v 6.820275 1.442956 0.005290
v 6.820275 -1.884557 1.762481
v 6.820275 -1.884155 1.759856
v 6.820275 -1.886346 1.782683
v 6.820275 -1.886205 1.779655
v 6.820275 -1.886026 1.776662
v 6.820275 -1.885807 1.773711
v 6.820275 -1.885551 1.770808
v 6.820275 1.442439 23.032242
v 6.820275 1.441682 23.032795
v -1.490125 -1.449835 23.016304
v -1.490125 -1.882224 21.286745
v -1.490125 -1.442497 23.032242
v -1.490125 -1.441740 23.032795
v -1.490125 -1.439440 23.033527
v -1.490125 1.439382 23.033527
v -1.490126 -1.886507 1.788802
v -1.490126 -1.886446 1.785735
v -1.490125 1.886390 21.251314
v -1.490125 1.886451 21.248249
v -1.490125 -1.440977 23.033205
v -1.490125 -1.440210 23.033443
v -1.490125 -1.885410 21.267672
v -1.490125 -1.885670 21.264980
v -1.490125 -1.885896 21.262239
v -1.490126 1.440825 0.003807
v -1.490126 1.440105 0.003596
v -1.490125 -1.445419 23.028444
v -1.490125 -1.444708 23.029621
v -1.490125 -1.884438 21.275398
v -1.490125 -1.884051 21.277834
v -1.490125 -1.883636 21.280197
v -1.490125 -1.883192 21.282473
v -1.490125 -1.882721 21.284657
v -1.490125 -1.449277 23.018421
v -1.490125 -1.448691 23.020424
v -1.490125 -1.448081 23.022297
v -1.490125 -1.447447 23.024036
v -1.490125 -1.446790 23.025650
v -1.490125 -1.446114 23.027119
v -1.490125 -1.886511 21.248055
v -1.490125 -1.886458 21.250935
v -1.490125 -1.886370 21.253799
v -1.490126 -1.446995 0.011891
v -1.490126 -1.446368 0.010469
v -1.490126 -1.445723 0.009169
v -1.490126 -1.447605 0.013432
v -1.490126 -1.448195 0.015096
v -1.490126 -1.448764 0.016871
v -1.490126 -1.449310 0.018758
v -1.490126 -1.882752 1.752538
v -1.490126 1.445009 0.008000
v -1.490126 1.444337 0.006963
v -1.490126 1.443651 0.006057
v -1.490126 1.442955 0.005290
v -1.490126 1.885202 1.767964
v -1.490126 1.884871 1.765187
v -1.490125 1.884869 21.271866
v -1.490125 1.885201 21.269089
v -1.490125 -1.443983 23.030647
v -1.490125 -1.443245 23.031521
v -1.490125 1.440151 23.033443
v -1.490125 1.440918 23.033205
v -1.490125 1.441681 23.032795
v -1.490125 -1.885118 21.270313
v -1.490125 -1.884793 21.272890
v -1.490125 -1.886246 21.256641
v -1.490125 -1.886088 21.259457
v -1.490126 -1.883251 1.754875
v -1.490126 -1.883720 1.757319
v -1.490126 -1.884156 1.759856
v -1.490126 -1.443705 0.006057
v -1.490126 -1.444391 0.006963
v -1.490126 -1.445064 0.008000
v -1.490126 1.449256 0.018758
v -1.490126 1.448709 0.016872
v -1.490126 1.448141 0.015096
v -1.490126 1.447551 0.013433
v -1.490126 1.446941 0.011891
v -1.490126 1.446313 0.010470
v -1.490126 1.445669 0.009170
v -1.490125 1.885494 21.266243
v -1.490125 1.885752 21.263338
v -1.490125 1.885970 21.260391
v -1.490125 1.886150 21.257401
v -1.490125 1.886290 21.254366
v -1.490125 1.448022 23.022297
v -1.490125 1.448633 23.020424
v -1.490125 1.449218 23.018421
v -1.490125 1.882695 21.284517
v -1.490125 1.883196 21.282173
v -1.490125 1.883663 21.279732
v -1.490125 1.884100 21.277193
v -1.490125 1.884502 21.274569
v -1.490125 1.442439 23.032242
v -1.490125 1.443186 23.031521
v -1.490125 1.443925 23.030647
v -1.490126 -1.885257 1.767964
v -1.490126 -1.885551 1.770808
v -1.490126 -1.885808 1.773711
v -1.490126 -1.886026 1.776662
v -1.490126 -1.886206 1.779655
v -1.490126 -1.886346 1.782683
v -1.490126 -1.884558 1.762481
v -1.490126 -1.884925 1.765187
v -1.490126 1.442252 0.004656
v -1.490126 1.441541 0.004161
v -1.490126 -1.440160 0.003596
v -1.490126 -1.440879 0.003807
v -1.490126 -1.441595 0.004161
v -1.490126 1.883665 1.757320
v -1.490126 1.883197 1.754875
v -1.490126 1.882697 1.752538
v -1.490126 1.886453 1.788802
v -1.490126 1.886392 1.785735
v -1.490125 1.444649 23.029621
v -1.490125 1.445361 23.028444
v -1.490125 1.446056 23.027119
v -1.490126 -1.442306 0.004656
v -1.490126 -1.443010 0.005290
v -1.490126 1.884504 1.762481
v -1.490126 1.884102 1.759856
v -1.490126 1.886292 1.782683
v -1.490126 1.886152 1.779656
v -1.490126 1.885972 1.776662
v -1.490126 1.885753 1.773711
v -1.490126 1.885496 1.770808
v -1.490125 1.446733 23.025650
v -1.490125 1.447389 23.024036
v 2.741278 -0.921915 0.003389
v 2.895462 -0.918123 0.003389
v 3.048795 -0.911815 0.003389
v 3.200863 -0.903007 0.003389
v 3.351248 -0.891724 0.003389
v 3.499537 -0.877997 0.003389
v 3.645326 -0.861865 0.003389
v 3.788209 -0.843369 0.003389
v 3.927803 -0.822562 0.003389
v 4.063720 -0.799501 0.003389
v 4.195586 -0.774248 0.003389
v 4.323044 -0.746873 0.003389
v 4.445742 -0.717451 0.003389
v 4.563346 -0.686063 0.003389
v 4.675530 -0.652794 0.003389
v 4.781991 -0.617737 0.003389
v 4.882432 -0.580986 0.003389
v 4.976583 -0.542642 0.003389
v 5.064181 -0.502812 0.003389
v 5.144990 -0.461603 0.003389
v 5.218785 -0.419129 0.003389
v 5.285370 -0.375507 0.003389
v 5.344555 -0.330855 0.003389
v 5.396178 -0.285297 0.003389
v 5.440104 -0.238956 0.003389
v 5.476210 -0.191961 0.003389
v 5.504394 -0.144440 0.003389
v 5.524581 -0.096523 0.003389
v 5.536716 -0.048341 0.003389
v 5.540763 -0.000027 0.003389
v 5.536716 0.048287 0.003389
v 5.524581 0.096469 0.003389
v 5.504394 0.144387 0.003389
v 5.476210 0.191908 0.003389
v 5.440104 0.238903 0.003389
v 5.396178 0.285244 0.003389
v 5.344555 0.330802 0.003389
v 5.285370 0.375453 0.003389
v 5.218785 0.419076 0.003389
v 5.144990 0.461550 0.003389
v 5.064181 0.502759 0.003389
v 4.976583 0.542589 0.003389
v 4.882432 0.580932 0.003389
v 4.781991 0.617683 0.003389
v 4.675530 0.652741 0.003389
v 4.563346 0.686010 0.003389
v 4.445742 0.717398 0.003389
v 4.323044 0.746820 0.003389
v 4.195586 0.774194 0.003389
v 4.063719 0.799447 0.003389
v 3.927803 0.822508 0.003389
v 3.788209 0.843315 0.003389
v 3.645326 0.861811 0.003389
v 3.499537 0.877944 0.003389
v 3.351248 0.891671 0.003389
v 3.200863 0.902953 0.003389
v 3.048795 0.911760 0.003389
v 2.895461 0.918069 0.003389
v 2.741278 0.921861 0.003389
v 2.586673 0.923126 0.003389
v 2.432068 0.921861 0.003389
v 2.277887 0.918069 0.003389
v 2.124552 0.911760 0.003389
v 1.972484 0.902953 0.003389
v 1.822100 0.891671 0.003389
v 1.673810 0.877944 0.003389
v 1.528022 0.861811 0.003389
v 1.385138 0.843315 0.003389
v 1.245544 0.822508 0.003389
v 1.109629 0.799447 0.003389
v 0.977761 0.774194 0.003389
v 0.850304 0.746819 0.003389
v 0.727604 0.717398 0.003389
v 0.610001 0.686010 0.003389
v 0.497816 0.652741 0.003389
v 0.391357 0.617683 0.003389
v 0.290914 0.580932 0.003389
v 0.196765 0.542589 0.003389
v 0.109165 0.502758 0.003389
v 0.028357 0.461550 0.003389
v -0.045439 0.419076 0.003389
v -0.112021 0.375453 0.003389
v -0.171206 0.330802 0.003389
v -0.222832 0.285243 0.003389
v -0.266758 0.238902 0.003389
v -0.302863 0.191907 0.003389
v -0.331046 0.144386 0.003389
v -0.351233 0.096469 0.003389
v -0.363367 0.048287 0.003389
v -0.367416 -0.000027 0.003389
v -0.363367 -0.048341 0.003389
v -0.351233 -0.096523 0.003389
v -0.331046 -0.144440 0.003389
v -0.302863 -0.191961 0.003389
v -0.266758 -0.238956 0.003389
v -0.222832 -0.285297 0.003389
v -0.171206 -0.330856 0.003389
v -0.112021 -0.375507 0.003389
v -0.045439 -0.419130 0.003389
v 0.028357 -0.461604 0.003389
v 0.109165 -0.502812 0.003389
v 0.196765 -0.542643 0.003389
v 0.290914 -0.580986 0.003389
v 0.391357 -0.617737 0.003389
v 0.497816 -0.652795 0.003389
v 0.610001 -0.686064 0.003389
v 0.727604 -0.717452 0.003389
v 0.850304 -0.746873 0.003389
v 0.977761 -0.774248 0.003389
v 1.109629 -0.799501 0.003389
v 1.245544 -0.822562 0.003389
v 1.385138 -0.843369 0.003389
v 1.528023 -0.861865 0.003389
v 1.673810 -0.877997 0.003389
v 1.822100 -0.891725 0.003389
v 1.972484 -0.903007 0.003389
v 2.124552 -0.911815 0.003389
v 2.277887 -0.918123 0.003389
v 2.432068 -0.921915 0.003389
v 2.586674 -0.923180 0.003389
v 2.741065 -0.920638 0.002990
v 2.895032 -0.916851 0.002990
v 3.048154 -0.910551 0.002990
v 3.200012 -0.901756 0.002990
v 3.350189 -0.890489 0.002990
v 3.498274 -0.876782 0.002990
v 3.643859 -0.860671 0.002990
v 3.786546 -0.842201 0.002990
v 3.925944 -0.821423 0.002990
v 4.061674 -0.798393 0.002990
v 4.193357 -0.773176 0.002990
v 4.320639 -0.745839 0.002990
v 4.443167 -0.716457 0.002990
v 4.560607 -0.685113 0.002990
v 4.672638 -0.651891 0.002990
v 4.778949 -0.616881 0.002990
v 4.879254 -0.580181 0.002990
v 4.973271 -0.541891 0.002990
v 5.060750 -0.502115 0.002990
v 5.141448 -0.460964 0.002990
v 5.215140 -0.418549 0.002990
v 5.281630 -0.374987 0.002990
v 5.340734 -0.330397 0.002990
v 5.392286 -0.284902 0.002990
v 5.436152 -0.238625 0.002990
v 5.472208 -0.191695 0.002990
v 5.500353 -0.144240 0.002990
v 5.520512 -0.096389 0.002990
v 5.532629 -0.048274 0.002990
v 5.536672 -0.000027 0.002990
v 5.532629 0.048221 0.002990
v 5.520512 0.096336 0.002990
v 5.500353 0.144186 0.002990
v 5.472208 0.191642 0.002990
v 5.436152 0.238572 0.002990
v 5.392286 0.284848 0.002990
v 5.340734 0.330344 0.002990
v 5.281630 0.374934 0.002990
v 5.215140 0.418496 0.002990
v 5.141448 0.460910 0.002990
v 5.060750 0.502062 0.002990
v 4.973271 0.541837 0.002990
v 4.879254 0.580127 0.002990
v 4.778949 0.616827 0.002990
v 4.672638 0.651837 0.002990
v 4.560607 0.685059 0.002990
v 4.443167 0.716404 0.002990
v 4.320639 0.745785 0.002990
v 4.193357 0.773122 0.002990
v 4.061674 0.798340 0.002990
v 3.925944 0.821369 0.002990
v 3.786545 0.842147 0.002990
v 3.643859 0.860617 0.002990
v 3.498274 0.876728 0.002990
v 3.350189 0.890435 0.002990
v 3.200012 0.901702 0.002990
v 3.048154 0.910497 0.002990
v 2.895032 0.916798 0.002990
v 2.741065 0.920584 0.002990
v 2.586673 0.921848 0.002990
v 2.432283 0.920584 0.002990
v 2.278314 0.916798 0.002990
v 2.125193 0.910497 0.002990
v 1.973334 0.901702 0.002990
v 1.823158 0.890435 0.002990
v 1.675074 0.876728 0.002990
v 1.529490 0.860617 0.002990
v 1.386802 0.842147 0.002990
v 1.247403 0.821369 0.002990
v 1.111675 0.798340 0.002990
v 0.979989 0.773122 0.002990
v 0.852709 0.745785 0.002990
v 0.730181 0.716404 0.002990
v 0.612741 0.685059 0.002990
v 0.500710 0.651837 0.002990
v 0.394397 0.616827 0.002990
v 0.294094 0.580127 0.002990
v 0.200076 0.541837 0.002990
v 0.112597 0.502062 0.002990
v 0.031901 0.460910 0.002990
v -0.041794 0.418495 0.002990
v -0.108283 0.374933 0.002990
v -0.167385 0.330343 0.002990
v -0.218942 0.284848 0.002990
v -0.262805 0.238571 0.002990
v -0.298860 0.191641 0.002990
v -0.327004 0.144186 0.002990
v -0.347164 0.096335 0.002990
v -0.359282 0.048220 0.002990
v -0.363324 -0.000027 0.002990
v -0.359282 -0.048274 0.002990
v -0.347164 -0.096389 0.002990
v -0.327004 -0.144240 0.002990
v -0.298860 -0.191695 0.002990
v -0.262805 -0.238625 0.002990
v -0.218942 -0.284902 0.002990
v -0.167385 -0.330397 0.002990
v -0.108283 -0.374987 0.002990
v -0.041794 -0.418549 0.002990
v 0.031901 -0.460964 0.002990
v 0.112597 -0.502116 0.002990
v 0.200076 -0.541891 0.002990
v 0.294094 -0.580181 0.002990
v 0.394397 -0.616881 0.002990
v 0.500710 -0.651891 0.002990
v 0.612741 -0.685113 0.002990
v 0.730181 -0.716458 0.002990
v 0.852709 -0.745839 0.002990
v 0.979989 -0.773176 0.002990
v 1.111675 -0.798394 0.002990
v 1.247404 -0.821423 0.002990
v 1.386802 -0.842201 0.002990
v 1.529490 -0.860671 0.002990
v 1.675075 -0.876782 0.002990
v 1.823158 -0.890489 0.002990
v 1.973334 -0.901756 0.002990
v 2.125193 -0.910551 0.002990
v 2.278314 -0.916851 0.002990
v 2.432283 -0.920638 0.002990
v 2.586674 -0.921901 0.002990
v 2.740851 -0.919368 0.002321
v 2.894607 -0.915586 0.002321
v 3.047518 -0.909295 0.002321
v 3.199166 -0.900512 0.002321
v 3.349136 -0.889261 0.002321
v 3.497014 -0.875572 0.002321
v 3.642400 -0.859483 0.002321
v 3.784891 -0.841039 0.002321
v 3.924097 -0.820289 0.002321
v 4.059638 -0.797292 0.002321
v 4.191141 -0.772109 0.002321
v 4.318247 -0.744810 0.002321
v 4.440607 -0.715469 0.002321
v 4.557885 -0.684168 0.002321
v 4.669760 -0.650991 0.002321
v 4.775926 -0.616030 0.002321
v 4.876090 -0.579381 0.002321
v 4.969979 -0.541143 0.002321
v 5.057338 -0.501423 0.002321
v 5.137924 -0.460328 0.002321
v 5.211514 -0.417971 0.002321
v 5.277914 -0.374469 0.002321
v 5.336935 -0.329941 0.002321
v 5.388417 -0.284508 0.002321
v 5.432223 -0.238296 0.002321
v 5.468226 -0.191430 0.002321
v 5.496334 -0.144041 0.002321
v 5.516464 -0.096256 0.002321
v 5.528566 -0.048207 0.002321
v 5.532601 -0.000027 0.002321
v 5.528566 0.048154 0.002321
v 5.516464 0.096202 0.002321
v 5.496334 0.143988 0.002321
v 5.468226 0.191377 0.002321
v 5.432223 0.238243 0.002321
v 5.388417 0.284455 0.002321
v 5.336935 0.329888 0.002321
v 5.277914 0.374416 0.002321
v 5.211514 0.417918 0.002321
v 5.137924 0.460275 0.002321
v 5.057338 0.501369 0.002321
v 4.969979 0.541090 0.002321
v 4.876090 0.579328 0.002321
v 4.775926 0.615977 0.002321
v 4.669760 0.650937 0.002321
v 4.557885 0.684114 0.002321
v 4.440607 0.715416 0.002321
v 4.318247 0.744757 0.002321
v 4.191141 0.772056 0.002321
v 4.059638 0.797238 0.002321
v 3.924097 0.820236 0.002321
v 3.784891 0.840985 0.002321
v 3.642400 0.859429 0.002321
v 3.497014 0.875519 0.002321
v 3.349136 0.889207 0.002321
v 3.199166 0.900459 0.002321
v 3.047518 0.909241 0.002321
v 2.894607 0.915532 0.002321
v 2.740851 0.919315 0.002321
v 2.586673 0.920576 0.002321
v 2.432496 0.919315 0.002321
v 2.278740 0.915532 0.002321
v 2.125829 0.909241 0.002321
v 1.974181 0.900459 0.002321
v 1.824211 0.889207 0.002321
v 1.676332 0.875519 0.002321
v 1.530947 0.859429 0.002321
v 1.388456 0.840985 0.002321
v 1.249249 0.820236 0.002321
v 1.113710 0.797238 0.002321
v 0.982207 0.772056 0.002321
v 0.855101 0.744756 0.002321
v 0.732740 0.715416 0.002321
v 0.615463 0.684114 0.002321
v 0.503589 0.650937 0.002321
v 0.397423 0.615977 0.002321
v 0.297257 0.579327 0.002321
v 0.203367 0.541089 0.002321
v 0.116010 0.501369 0.002321
v 0.035425 0.460274 0.002321
v -0.038168 0.417918 0.002321
v -0.104567 0.374416 0.002321
v -0.163588 0.329887 0.002321
v -0.215071 0.284454 0.002321
v -0.258874 0.238243 0.002321
v -0.294879 0.191377 0.002321
v -0.322985 0.143987 0.002321
v -0.343117 0.096202 0.002321
v -0.355217 0.048154 0.002321
v -0.359254 -0.000027 0.002321
v -0.355217 -0.048207 0.002321
v -0.343117 -0.096256 0.002321
v -0.322985 -0.144041 0.002321
v -0.294879 -0.191431 0.002321
v -0.258874 -0.238297 0.002321
v -0.215071 -0.284509 0.002321
v -0.163588 -0.329941 0.002321
v -0.104567 -0.374470 0.002321
v -0.038168 -0.417972 0.002321
v 0.035425 -0.460328 0.002321
v 0.116010 -0.501423 0.002321
v 0.203367 -0.541143 0.002321
v 0.297257 -0.579381 0.002321
v 0.397423 -0.616031 0.002321
v 0.503589 -0.650991 0.002321
v 0.615463 -0.684168 0.002321
v 0.732740 -0.715470 0.002321
v 0.855101 -0.744810 0.002321
v 0.982207 -0.772109 0.002321
v 1.113710 -0.797292 0.002321
v 1.249249 -0.820290 0.002321
v 1.388456 -0.841039 0.002321
v 1.530947 -0.859483 0.002321
v 1.676332 -0.875572 0.002321
v 1.824211 -0.889261 0.002321
v 1.974181 -0.900513 0.002321
v 2.125829 -0.909295 0.002321
v 2.278740 -0.915586 0.002321
v 2.432496 -0.919368 0.002321
v 2.586674 -0.920630 0.002321
v 2.740641 -0.918109 0.001384
v 2.894186 -0.914332 0.001384
v 3.046887 -0.908050 0.001384
v 3.198328 -0.899279 0.001384
v 3.348091 -0.888043 0.001384
v 3.495768 -0.874372 0.001384
v 3.640954 -0.858306 0.001384
v 3.783250 -0.839887 0.001384
v 3.922266 -0.819166 0.001384
v 4.057621 -0.796200 0.001384
v 4.188944 -0.771051 0.001384
v 4.315875 -0.743789 0.001384
v 4.438067 -0.714489 0.001384
v 4.555183 -0.683231 0.001384
v 4.666905 -0.650100 0.001384
v 4.772926 -0.615186 0.001384
v 4.872954 -0.578587 0.001384
v 4.966715 -0.540402 0.001384
v 5.053953 -0.500736 0.001384
v 5.134429 -0.459698 0.001384
v 5.207919 -0.417399 0.001384
v 5.274227 -0.373957 0.001384
v 5.333168 -0.329489 0.001384
v 5.384579 -0.284119 0.001384
v 5.428324 -0.237970 0.001384
v 5.464279 -0.191169 0.001384
v 5.492348 -0.143843 0.001384
v 5.512450 -0.096124 0.001384
v 5.524532 -0.048141 0.001384
v 5.528568 -0.000027 0.001384
v 5.524532 0.048088 0.001384
v 5.512450 0.096071 0.001384
v 5.492348 0.143790 0.001384
v 5.464279 0.191115 0.001384
v 5.428324 0.237916 0.001384
v 5.384579 0.284066 0.001384
v 5.333168 0.329435 0.001384
v 5.274227 0.373903 0.001384
v 5.207919 0.417346 0.001384
v 5.134429 0.459644 0.001384
v 5.053953 0.500683 0.001384
v 4.966715 0.540348 0.001384
v 4.872954 0.578534 0.001384
v 4.772926 0.615133 0.001384
v 4.666905 0.650046 0.001384
v 4.555183 0.683177 0.001384
v 4.438067 0.714436 0.001384
v 4.315875 0.743736 0.001384
v 4.188944 0.770998 0.001384
v 4.057621 0.796147 0.001384
v 3.922266 0.819112 0.001384
v 3.783250 0.839833 0.001384
v 3.640954 0.858253 0.001384
v 3.495768 0.874319 0.001384
v 3.348091 0.887989 0.001384
v 3.198328 0.899225 0.001384
v 3.046887 0.907996 0.001384
v 2.894186 0.914279 0.001384
v 2.740641 0.918055 0.001384
v 2.586673 0.919315 0.001384
v 2.432708 0.918055 0.001384
v 2.279161 0.914279 0.001384
v 2.126461 0.907996 0.001384
v 1.975020 0.899225 0.001384
v 1.825256 0.887989 0.001384
v 1.677578 0.874319 0.001384
v 1.532394 0.858252 0.001384
v 1.390097 0.839833 0.001384
v 1.251083 0.819112 0.001384
v 1.115727 0.796146 0.001384
v 0.984404 0.770998 0.001384
v 0.857473 0.743736 0.001384
v 0.735281 0.714436 0.001384
v 0.618163 0.683177 0.001384
v 0.506443 0.650045 0.001384
v 0.400421 0.615133 0.001384
v 0.300395 0.578533 0.001384
v 0.206633 0.540348 0.001384
v 0.119394 0.500682 0.001384
v 0.038920 0.459644 0.001384
v -0.034573 0.417345 0.001384
v -0.100879 0.373903 0.001384
v -0.159819 0.329435 0.001384
v -0.211232 0.284065 0.001384
v -0.254976 0.237916 0.001384
v -0.290931 0.191115 0.001384
v -0.318999 0.143789 0.001384
v -0.339103 0.096070 0.001384
v -0.351188 0.048088 0.001384
v -0.355220 -0.000027 0.001384
v -0.351188 -0.048142 0.001384
v -0.339103 -0.096125 0.001384
v -0.318999 -0.143844 0.001384
v -0.290931 -0.191169 0.001384
v -0.254976 -0.237970 0.001384
v -0.211232 -0.284119 0.001384
v -0.159819 -0.329490 0.001384
v -0.100879 -0.373957 0.001384
v -0.034573 -0.417399 0.001384
v 0.038920 -0.459698 0.001384
v 0.119394 -0.500736 0.001384
v 0.206633 -0.540402 0.001384
v 0.300395 -0.578587 0.001384
v 0.400421 -0.615187 0.001384
v 0.506443 -0.650100 0.001384
v 0.618163 -0.683231 0.001384
v 0.735281 -0.714490 0.001384
v 0.857473 -0.743790 0.001384
v 0.984404 -0.771052 0.001384
v 1.115728 -0.796200 0.001384
v 1.251083 -0.819166 0.001384
v 1.390097 -0.839887 0.001384
v 1.532394 -0.858306 0.001384
v 1.677578 -0.874372 0.001384
v 1.825256 -0.888043 0.001384
v 1.975020 -0.899279 0.001384
v 2.126462 -0.908050 0.001384
v 2.279162 -0.914332 0.001384
v 2.432708 -0.918109 0.001384
v 2.586674 -0.919369 0.001384
v 2.740432 -0.916863 0.000188
v 2.893768 -0.913092 0.000188
v 3.046264 -0.906817 0.000188
v 3.197498 -0.898058 0.000188
v 3.347059 -0.886838 0.000188
v 3.494535 -0.873187 0.000188
v 3.639524 -0.857142 0.000188
v 3.781626 -0.838748 0.000188
v 3.920453 -0.818055 0.000188
v 4.055625 -0.795120 0.000188
v 4.186769 -0.770006 0.000188
v 4.313529 -0.742781 0.000188
v 4.435555 -0.713520 0.000188
v 4.552514 -0.682303 0.000188
v 4.664083 -0.649217 0.000188
v 4.769960 -0.614352 0.000188
v 4.869852 -0.577802 0.000188
v 4.963487 -0.539669 0.000188
v 5.050606 -0.500057 0.000188
v 5.130972 -0.459074 0.000188
v 5.204364 -0.416833 0.000188
v 5.270580 -0.373449 0.000188
v 5.329440 -0.329042 0.000188
v 5.380785 -0.283733 0.000188
v 5.424469 -0.237647 0.000188
v 5.460375 -0.190909 0.000188
v 5.488405 -0.143648 0.000188
v 5.508480 -0.095993 0.000188
v 5.520551 -0.048076 0.000188
v 5.524576 -0.000027 0.000188
v 5.520551 0.048022 0.000188
v 5.508480 0.095940 0.000188
v 5.488405 0.143595 0.000188
v 5.460375 0.190856 0.000188
v 5.424469 0.237594 0.000188
v 5.380785 0.283680 0.000188
v 5.329440 0.328989 0.000188
v 5.270580 0.373396 0.000188
v 5.204364 0.416779 0.000188
v 5.130972 0.459020 0.000188
v 5.050606 0.500003 0.000188
v 4.963487 0.539616 0.000188
v 4.869852 0.577749 0.000188
v 4.769960 0.614298 0.000188
v 4.664083 0.649164 0.000188
v 4.552514 0.682250 0.000188
v 4.435555 0.713467 0.000188
v 4.313529 0.742727 0.000188
v 4.186769 0.769952 0.000188
v 4.055625 0.795066 0.000188
v 3.920453 0.818001 0.000188
v 3.781626 0.838694 0.000188
v 3.639524 0.857088 0.000188
v 3.494535 0.873133 0.000188
v 3.347059 0.886784 0.000188
v 3.197498 0.898005 0.000188
v 3.046264 0.906764 0.000188
v 2.893768 0.913038 0.000188
v 2.740432 0.916809 0.000188
v 1.826289 -0.886838 0.000188
v 1.975850 -0.898058 0.000188
v 2.127084 -0.906817 0.000188
v 2.279579 -0.913092 0.000188
v 2.432916 -0.916863 0.000188
v 2.586674 -0.918121 0.000188
v 2.584678 -0.000027 0.000786
v 7.609068 0.049992 19.302048
v 7.609068 -1.010668 20.362709
v 7.609068 1.110652 20.362709
v 7.609068 0.049992 21.423367
v 7.809068 0.049992 19.302048
v 7.809068 -1.010668 20.362709
v 7.809068 1.110652 20.362709
v 7.809068 0.049992 21.423367
vn 1.0000 -0.0000 -0.0000
vn -1.0000 -0.0000 -0.0000
vn -0.0000 -1.0000 -0.0000
vn -0.0000 -0.9701 -0.2425
vn -0.0000 -0.0000 -1.0000
vn -0.0000 0.9701 -0.2425
vn -0.0000 1.0000 -0.0000
vn -0.0000 0.9701 0.2425
vn -0.0000 -0.0000 1.0000
vn -0.0000 -0.9701 0.2425
vn 0.2983 -0.9545 -0.0000
vn 0.3941 -0.8916 -0.2229
vn 0.7809 -0.0000 -0.6247
vn 0.3941 0.8916 -0.2229
vn 0.2983 0.9545 -0.0000
vn 0.3941 0.8916 0.2229
vn 0.7809 -0.0000 0.6247
vn 0.3941 -0.8916 0.2229
vn -0.2983 0.9545 -0.0000
vn -0.3941 0.8916 -0.2229
vn -0.7809 -0.0000 -0.6247
vn -0.3941 -0.8916 -0.2229
vn -0.2983 -0.9545 -0.0000
vn -0.3941 -0.8916 0.2229
vn -0.7809 -0.0000 0.6247
vn -0.3941 0.8916 0.2229
vn -0.0000 -1.0000 -0.0065
vn -0.0000 -1.0000 0.0061
vn -0.0000 -0.9730 -0.2308
vn -0.0000 -0.9702 -0.2425
vn -0.0000 -0.9672 -0.2541
vn -0.0000 0.9672 -0.2541
vn -0.0000 0.9701 -0.2426
vn -0.0000 0.9730 -0.2306
vn -0.0000 1.0000 -0.0065
vn -0.0000 1.0000 0.0064
vn -0.0000 0.9729 0.2312
vn -0.0000 0.9701 0.2427
vn -0.0000 0.9702 0.2424
vn -0.0000 0.9670 0.2549
vn 1.0000 -0.0000 -0.0001
vn 1.0000 -0.0000 0.0001
vn 1.0000 -0.0000 -0.0002
vn 1.0000 -0.0003 -0.0000
vn 1.0000 -0.0005 -0.0000
vn 1.0000 0.0004 -0.0000
vn 1.0000 0.0003 -0.0000
vn 1.0000 -0.0006 -0.0000
vn 1.0000 -0.0004 -0.0000
vn 1.0000 0.0006 -0.0000
vn -0.0000 -0.9670 0.2547
vn -0.0000 -0.9702 0.2425
vn -0.0000 -0.9701 0.2426
vn -0.0000 -0.9728 0.2318
vn -1.0000 0.0005 -0.0000
vn -1.0000 -0.0000 -0.0001
vn -1.0000 -0.0000 0.0001
vn -1.0000 -0.0004 -0.0000
vn -1.0000 -0.0003 -0.0000
vn -1.0000 -0.0000 -0.0003
vn -1.0000 0.0006 -0.0000
vn -1.0000 0.0007 -0.0000
vn -1.0000 -0.0005 -0.0000
vn -1.0000 -0.0002 -0.0000
vn -1.0000 0.0003 -0.0000
vn -1.0000 0.0004 -0.0000
vn -1.0000 -0.0006 -0.0000
vn -1.0000 -0.0007 0.0001
vn 0.0010 -0.1039 -0.9946
vn 0.0022 -0.1039 -0.9946
vn 0.0028 -0.1037 -0.9946
vn 0.0041 -0.1033 -0.9946
vn 0.0043 -0.1032 -0.9947
vn 0.0056 -0.1026 -0.9947
vn 0.0059 -0.1023 -0.9947
vn 0.0073 -0.1015 -0.9948
vn 0.0077 -0.1011 -0.9948
vn 0.0089 -0.1002 -0.9949
vn 0.0093 -0.0997 -0.9950
vn 0.0106 -0.0984 -0.9951
vn 0.0109 -0.0980 -0.9951
vn 0.0122 -0.0966 -0.9952
vn 0.0127 -0.0960 -0.9953
vn 0.0138 -0.0945 -0.9954
vn 0.0143 -0.0937 -0.9955
vn 0.0152 -0.0921 -0.9956
vn 0.0157 -0.0913 -0.9957
vn 0.0167 -0.0894 -0.9959
vn 0.0172 -0.0886 -0.9959
vn 0.0182 -0.0865 -0.9961
vn 0.0185 -0.0854 -0.9962
vn 0.0195 -0.0833 -0.9963
vn 0.0199 -0.0823 -0.9964
vn 0.0209 -0.0800 -0.9966
vn 0.0212 -0.0788 -0.9967
vn 0.0222 -0.0764 -0.9968
vn 0.0225 -0.0752 -0.9969
vn 0.0236 -0.0725 -0.9971
vn 0.0239 -0.0713 -0.9972
vn 0.0247 -0.0685 -0.9973
vn 0.0250 -0.0672 -0.9974
vn 0.0257 -0.0642 -0.9976
vn 0.0260 -0.0629 -0.9977
vn 0.0266 -0.0599 -0.9979
vn 0.0269 -0.0585 -0.9979
vn 0.0275 -0.0553 -0.9981
vn 0.0277 -0.0539 -0.9982
vn 0.0285 -0.0506 -0.9983
vn 0.0289 -0.0492 -0.9984
vn 0.0295 -0.0457 -0.9985
vn 0.0295 -0.0443 -0.9986
vn 0.0301 -0.0407 -0.9987
vn 0.0302 -0.0393 -0.9988
vn 0.0307 -0.0356 -0.9989
vn 0.0309 -0.0342 -0.9989
vn 0.0314 -0.0304 -0.9990
vn 0.0316 -0.0291 -0.9991
vn 0.0319 -0.0250 -0.9992
vn 0.0319 -0.0238 -0.9992
vn 0.0322 -0.0197 -0.9993
vn 0.0321 -0.0186 -0.9993
vn 0.0323 -0.0141 -0.9994
vn 0.0322 -0.0133 -0.9994
vn 0.0323 -0.0086 -0.9994
vn 0.0326 -0.0080 -0.9994
vn 0.0327 -0.0029 -0.9995
vn 0.0332 -0.0027 -0.9994
vn 0.0330 0.0027 -0.9995
vn 0.0330 0.0025 -0.9995
vn 0.0326 0.0084 -0.9994
vn 0.0319 0.0078 -0.9995
vn 0.0316 0.0140 -0.9994
vn 0.0324 0.0155 -0.9994
vn 0.0323 0.0173 -0.9993
vn 0.0321 0.0231 -0.9992
vn 0.0322 0.0204 -0.9993
vn 0.0317 0.0284 -0.9991
vn 0.0320 0.0259 -0.9992
vn 0.0311 0.0334 -0.9990
vn 0.0310 0.0312 -0.9990
vn 0.0302 0.0385 -0.9988
vn 0.0303 0.0365 -0.9989
vn 0.0295 0.0435 -0.9986
vn 0.0293 0.0417 -0.9987
vn 0.0286 0.0482 -0.9984
vn 0.0290 0.0466 -0.9985
vn 0.0279 0.0531 -0.9982
vn 0.0280 0.0515 -0.9983
vn 0.0266 0.0575 -0.9980
vn 0.0271 0.0562 -0.9981
vn 0.0258 0.0621 -0.9977
vn 0.0264 0.0608 -0.9978
vn 0.0251 0.0664 -0.9975
vn 0.0255 0.0651 -0.9976
vn 0.0239 0.0705 -0.9972
vn 0.0242 0.0694 -0.9973
vn 0.0230 0.0746 -0.9970
vn 0.0232 0.0733 -0.9970
vn 0.0214 0.0781 -0.9967
vn 0.0216 0.0771 -0.9968
vn 0.0200 0.0815 -0.9965
vn 0.0203 0.0806 -0.9965
vn 0.0186 0.0849 -0.9962
vn 0.0191 0.0840 -0.9963
vn 0.0174 0.0881 -0.9960
vn 0.0178 0.0870 -0.9960
vn 0.0157 0.0908 -0.9957
vn 0.0163 0.0899 -0.9958
vn 0.0141 0.0932 -0.9956
vn 0.0148 0.0926 -0.9956
vn 0.0128 0.0954 -0.9954
vn 0.0134 0.0950 -0.9954
vn 0.0108 0.0974 -0.9952
vn 0.0117 0.0970 -0.9952
vn 0.0092 0.0989 -0.9951
vn 0.0100 0.0987 -0.9951
vn 0.0078 0.1002 -0.9949
vn 0.0084 0.1003 -0.9949
vn 0.0071 0.1018 -0.9948
vn 0.0065 0.1015 -0.9948
vn 0.0052 0.1022 -0.9948
vn 0.0047 0.1025 -0.9947
vn 0.0038 0.1031 -0.9947
vn 0.0030 0.1034 -0.9946
vn 0.0022 0.1037 -0.9946
vn 0.0011 0.1037 -0.9946
vn 0.0006 0.1040 -0.9946
vn -0.0005 0.1041 -0.9946
vn -0.0011 0.1040 -0.9946
vn -0.0022 0.1038 -0.9946
vn -0.0025 0.1036 -0.9946
vn -0.0039 0.1033 -0.9946
vn -0.0043 0.1031 -0.9947
vn -0.0056 0.1025 -0.9947
vn -0.0061 0.1022 -0.9947
vn -0.0073 0.1015 -0.9948
vn -0.0077 0.1012 -0.9948
vn -0.0089 0.1001 -0.9949
vn -0.0093 0.0997 -0.9950
vn -0.0106 0.0984 -0.9951
vn -0.0110 0.0980 -0.9951
vn -0.0122 0.0967 -0.9952
vn -0.0127 0.0960 -0.9953
vn -0.0138 0.0945 -0.9954
vn -0.0142 0.0937 -0.9955
vn -0.0152 0.0921 -0.9956
vn -0.0157 0.0912 -0.9957
vn -0.0167 0.0895 -0.9959
vn -0.0172 0.0886 -0.9959
vn -0.0182 0.0865 -0.9961
vn -0.0185 0.0855 -0.9962
vn -0.0195 0.0833 -0.9963
vn -0.0199 0.0823 -0.9964
vn -0.0209 0.0800 -0.9966
vn -0.0212 0.0788 -0.9967
vn -0.0222 0.0764 -0.9968
vn -0.0224 0.0752 -0.9969
vn -0.0236 0.0725 -0.9971
vn -0.0239 0.0713 -0.9972
vn -0.0247 0.0686 -0.9973
vn -0.0250 0.0673 -0.9974
vn -0.0256 0.0643 -0.9976
vn -0.0260 0.0630 -0.9977
vn -0.0266 0.0598 -0.9979
vn -0.0269 0.0585 -0.9979
vn -0.0275 0.0553 -0.9981
vn -0.0277 0.0540 -0.9982
vn -0.0285 0.0506 -0.9983
vn -0.0287 0.0492 -0.9984
vn -0.0293 0.0458 -0.9985
vn -0.0294 0.0443 -0.9986
vn -0.0301 0.0408 -0.9987
vn -0.0302 0.0394 -0.9988
vn -0.0307 0.0356 -0.9989
vn -0.0309 0.0342 -0.9989
vn -0.0314 0.0304 -0.9990
vn -0.0316 0.0291 -0.9991
vn -0.0319 0.0250 -0.9992
vn -0.0319 0.0238 -0.9992
vn -0.0322 0.0197 -0.9993
vn -0.0321 0.0186 -0.9993
vn -0.0322 0.0142 -0.9994
vn -0.0322 0.0133 -0.9994
vn -0.0325 0.0086 -0.9994
vn -0.0329 0.0080 -0.9994
vn -0.0330 0.0029 -0.9995
vn -0.0328 0.0027 -0.9995
vn -0.0330 -0.0027 -0.9995
vn -0.0325 -0.0025 -0.9995
vn -0.0327 -0.0084 -0.9994
vn -0.0309 -0.0081 -0.9995
vn -0.0317 -0.0140 -0.9994
vn -0.0324 -0.0155 -0.9994
vn -0.0323 -0.0173 -0.9993
vn -0.0325 -0.0231 -0.9992
vn -0.0326 -0.0204 -0.9993
vn -0.0318 -0.0284 -0.9991
vn -0.0321 -0.0259 -0.9992
vn -0.0311 -0.0334 -0.9990
vn -0.0310 -0.0312 -0.9990
vn -0.0302 -0.0385 -0.9988
vn -0.0303 -0.0365 -0.9989
vn -0.0301 -0.0435 -0.9986
vn -0.0298 -0.0417 -0.9987
vn -0.0291 -0.0484 -0.9984
vn -0.0290 -0.0467 -0.9985
vn -0.0279 -0.0531 -0.9982
vn -0.0280 -0.0515 -0.9983
vn -0.0265 -0.0575 -0.9980
vn -0.0271 -0.0562 -0.9980
vn -0.0257 -0.0620 -0.9977
vn -0.0264 -0.0607 -0.9978
vn -0.0250 -0.0664 -0.9975
vn -0.0255 -0.0651 -0.9976
vn -0.0239 -0.0705 -0.9972
vn -0.0243 -0.0693 -0.9973
vn -0.0230 -0.0745 -0.9970
vn -0.0231 -0.0733 -0.9970
vn -0.0214 -0.0781 -0.9967
vn -0.0216 -0.0771 -0.9968
vn -0.0200 -0.0816 -0.9965
vn -0.0202 -0.0806 -0.9965
vn -0.0186 -0.0849 -0.9962
vn -0.0191 -0.0840 -0.9963
vn -0.0174 -0.0881 -0.9960
vn -0.0177 -0.0870 -0.9961
vn -0.0157 -0.0907 -0.9958
vn -0.0163 -0.0899 -0.9958
vn -0.0141 -0.0931 -0.9956
vn -0.0148 -0.0926 -0.9956
vn -0.0127 -0.0955 -0.9954
vn -0.0134 -0.0950 -0.9954
vn -0.0110 -0.0974 -0.9952
vn -0.0117 -0.0970 -0.9952
vn -0.0093 -0.0989 -0.9951
vn -0.0100 -0.0987 -0.9951
vn -0.0079 -0.1002 -0.9949
vn -0.0083 -0.1003 -0.9949
vn -0.0066 -0.1013 -0.9948
vn -0.0065 -0.1014 -0.9948
vn -0.0052 -0.1022 -0.9948
vn -0.0047 -0.1026 -0.9947
vn -0.0039 -0.1031 -0.9947
vn -0.0028 -0.1032 -0.9947
vn -0.0022 -0.1038 -0.9946
vn -0.0010 -0.1039 -0.9946
vn -0.0008 -0.1040 -0.9946
vn 0.0005 -0.1041 -0.9946
vn 0.0028 -0.2986 -0.9544
vn 0.0071 -0.2979 -0.9546
vn 0.0079 -0.2977 -0.9546
vn 0.0120 -0.2964 -0.9550
vn 0.0128 -0.2960 -0.9551
vn 0.0167 -0.2942 -0.9556
vn 0.0177 -0.2935 -0.9558
vn 0.0214 -0.2913 -0.9564
vn 0.0224 -0.2905 -0.9566
vn 0.0261 -0.2877 -0.9574
vn 0.0272 -0.2866 -0.9577
vn 0.0307 -0.2833 -0.9586
vn 0.0319 -0.2820 -0.9589
vn 0.0354 -0.2781 -0.9599
vn 0.0366 -0.2766 -0.9603
vn 0.0400 -0.2722 -0.9614
vn 0.0412 -0.2705 -0.9618
vn 0.0444 -0.2658 -0.9630
vn 0.0456 -0.2637 -0.9635
vn 0.0487 -0.2583 -0.9648
vn 0.0499 -0.2562 -0.9653
vn 0.0530 -0.2504 -0.9667
vn 0.0542 -0.2479 -0.9673
vn 0.0571 -0.2416 -0.9687
vn 0.0582 -0.2389 -0.9693
vn 0.0612 -0.2323 -0.9707
vn 0.0623 -0.2293 -0.9714
vn 0.0652 -0.2223 -0.9728
vn 0.0661 -0.2191 -0.9735
vn 0.0686 -0.2116 -0.9749
vn 0.0696 -0.2083 -0.9756
vn 0.0721 -0.2002 -0.9771
vn 0.0732 -0.1968 -0.9777
vn 0.0756 -0.1882 -0.9792
vn 0.0766 -0.1846 -0.9798
vn 0.0788 -0.1757 -0.9813
vn 0.0797 -0.1719 -0.9819
vn 0.0818 -0.1626 -0.9833
vn 0.0826 -0.1588 -0.9839
vn 0.0844 -0.1490 -0.9852
vn 0.0846 -0.1470 -0.9855
vn 0.0843 -0.1474 -0.9855
vn 0.0871 -0.1329 -0.9873
vn 0.0870 -0.1328 -0.9873
vn 0.0893 -0.1185 -0.9889
vn 0.0892 -0.1182 -0.9890
vn 0.0896 -0.1184 -0.9889
vn 0.0912 -0.1033 -0.9905
vn 0.0929 -0.0880 -0.9918
vn 0.0943 -0.0724 -0.9929
vn 0.0943 -0.0725 -0.9929
vn 0.0955 -0.0566 -0.9938
vn 0.0959 -0.0566 -0.9938
vn 0.0963 -0.0406 -0.9945
vn 0.0969 -0.0244 -0.9950
vn 0.0972 -0.0081 -0.9952
vn 0.0976 -0.0082 -0.9952
vn 0.0972 0.0081 -0.9952
vn 0.0969 0.0244 -0.9950
vn 0.0963 0.0406 -0.9945
vn 0.0955 0.0566 -0.9938
vn 0.0943 0.0725 -0.9929
vn 0.0943 0.0724 -0.9929
vn 0.0929 0.0880 -0.9918
vn 0.0912 0.1033 -0.9905
vn 0.0892 0.1183 -0.9890
vn 0.0892 0.1182 -0.9890
vn 0.0870 0.1328 -0.9873
vn 0.0871 0.1329 -0.9873
vn 0.0846 0.1470 -0.9855
vn 0.0847 0.1473 -0.9855
vn 0.0834 0.1562 -0.9842
vn 0.0840 0.1515 -0.9849
vn 0.0805 0.1695 -0.9822
vn 0.0813 0.1650 -0.9829
vn 0.0775 0.1822 -0.9802
vn 0.0788 0.1780 -0.9809
vn 0.0738 0.1945 -0.9781
vn 0.0753 0.1906 -0.9788
vn 0.0704 0.2060 -0.9760
vn 0.0716 0.2022 -0.9767
vn 0.0666 0.2170 -0.9739
vn 0.0680 0.2137 -0.9745
vn 0.0635 0.2274 -0.9717
vn 0.0645 0.2242 -0.9724
vn 0.0596 0.2372 -0.9696
vn 0.0604 0.2341 -0.9703
vn 0.0553 0.2462 -0.9676
vn 0.0564 0.2433 -0.9683
vn 0.0511 0.2547 -0.9657
vn 0.0524 0.2519 -0.9663
vn 0.0465 0.2623 -0.9639
vn 0.0479 0.2597 -0.9645
vn 0.0418 0.2693 -0.9622
vn 0.0437 0.2669 -0.9627
vn 0.0377 0.2755 -0.9606
vn 0.0396 0.2735 -0.9611
vn 0.0331 0.2811 -0.9591
vn 0.0353 0.2793 -0.9596
vn 0.0282 0.2859 -0.9578
vn 0.0305 0.2843 -0.9583
vn 0.0240 0.2901 -0.9567
vn 0.0263 0.2895 -0.9568
vn 0.0190 0.2935 -0.9558
vn 0.0205 0.2943 -0.9555
vn 0.0162 0.2963 -0.9550
vn 0.0139 0.2973 -0.9547
vn 0.0127 0.2973 -0.9547
vn 0.0076 0.2984 -0.9544
vn 0.0074 0.2982 -0.9545
vn 0.0025 0.2988 -0.9543
vn 0.0023 0.2988 -0.9543
vn -0.0023 0.2987 -0.9543
vn -0.0028 0.2985 -0.9544
vn -0.0072 0.2980 -0.9545
vn -0.0078 0.2978 -0.9546
vn -0.0119 0.2964 -0.9550
vn -0.0127 0.2960 -0.9551
vn -0.0167 0.2942 -0.9556
vn -0.0177 0.2936 -0.9558
vn -0.0213 0.2913 -0.9564
vn -0.0224 0.2904 -0.9566
vn -0.0261 0.2876 -0.9574
vn -0.0272 0.2866 -0.9577
vn -0.0307 0.2832 -0.9586
vn -0.0319 0.2819 -0.9589
vn -0.0354 0.2781 -0.9599
vn -0.0367 0.2765 -0.9603
vn -0.0399 0.2722 -0.9614
vn -0.0411 0.2704 -0.9619
vn -0.0442 0.2656 -0.9631
vn -0.0455 0.2637 -0.9635
vn -0.0488 0.2584 -0.9648
vn -0.0501 0.2562 -0.9653
vn -0.0530 0.2505 -0.9667
vn -0.0542 0.2479 -0.9673
vn -0.0570 0.2417 -0.9687
vn -0.0582 0.2389 -0.9693
vn -0.0611 0.2322 -0.9707
vn -0.0623 0.2293 -0.9714
vn -0.0652 0.2222 -0.9728
vn -0.0660 0.2191 -0.9735
vn -0.0685 0.2116 -0.9750
vn -0.0695 0.2082 -0.9756
vn -0.0721 0.2002 -0.9771
vn -0.0732 0.1967 -0.9777
vn -0.0755 0.1882 -0.9792
vn -0.0765 0.1846 -0.9798
vn -0.0788 0.1757 -0.9813
vn -0.0797 0.1719 -0.9819
vn -0.0818 0.1626 -0.9833
vn -0.0826 0.1587 -0.9839
vn -0.0844 0.1490 -0.9852
vn -0.0847 0.1473 -0.9855
vn -0.0846 0.1470 -0.9855
vn -0.0874 0.1330 -0.9873
vn -0.0870 0.1329 -0.9873
vn -0.0870 0.1328 -0.9873
vn -0.0892 0.1183 -0.9890
vn -0.0892 0.1182 -0.9890
vn -0.0912 0.1033 -0.9905
vn -0.0912 0.1034 -0.9905
vn -0.0929 0.0881 -0.9918
vn -0.0929 0.0880 -0.9918
vn -0.0943 0.0724 -0.9929
vn -0.0954 0.0566 -0.9938
vn -0.0963 0.0406 -0.9945
vn -0.0959 0.0407 -0.9946
vn -0.0969 0.0244 -0.9950
vn -0.0972 0.0081 -0.9952
vn -0.0968 0.0082 -0.9953
vn -0.0972 -0.0081 -0.9952
vn -0.0969 -0.0244 -0.9950
vn -0.0973 -0.0245 -0.9950
vn -0.0975 -0.0245 -0.9949
vn -0.0963 -0.0406 -0.9945
vn -0.0954 -0.0566 -0.9938
vn -0.0943 -0.0724 -0.9929
vn -0.0929 -0.0880 -0.9918
vn -0.0932 -0.0882 -0.9917
vn -0.0915 -0.1035 -0.9904
vn -0.0912 -0.1034 -0.9905
vn -0.0912 -0.1033 -0.9905
vn -0.0892 -0.1183 -0.9890
vn -0.0870 -0.1328 -0.9873
vn -0.0870 -0.1329 -0.9873
vn -0.0846 -0.1470 -0.9855
vn -0.0834 -0.1561 -0.9842
vn -0.0840 -0.1515 -0.9849
vn -0.0804 -0.1694 -0.9823
vn -0.0813 -0.1650 -0.9829
vn -0.0775 -0.1822 -0.9802
vn -0.0786 -0.1781 -0.9809
vn -0.0738 -0.1944 -0.9781
vn -0.0752 -0.1905 -0.9788
vn -0.0704 -0.2061 -0.9760
vn -0.0715 -0.2023 -0.9767
vn -0.0668 -0.2170 -0.9739
vn -0.0681 -0.2135 -0.9746
vn -0.0635 -0.2274 -0.9717
vn -0.0645 -0.2241 -0.9724
vn -0.0596 -0.2372 -0.9696
vn -0.0606 -0.2340 -0.9703
vn -0.0553 -0.2463 -0.9676
vn -0.0564 -0.2434 -0.9683
vn -0.0511 -0.2547 -0.9657
vn -0.0523 -0.2519 -0.9663
vn -0.0467 -0.2623 -0.9638
vn -0.0482 -0.2598 -0.9645
vn -0.0421 -0.2693 -0.9621
vn -0.0439 -0.2670 -0.9627
vn -0.0374 -0.2756 -0.9605
vn -0.0396 -0.2734 -0.9611
vn -0.0330 -0.2811 -0.9591
vn -0.0351 -0.2791 -0.9596
vn -0.0282 -0.2860 -0.9578
vn -0.0305 -0.2844 -0.9582
vn -0.0239 -0.2902 -0.9567
vn -0.0263 -0.2897 -0.9568
vn -0.0191 -0.2937 -0.9557
vn -0.0211 -0.2936 -0.9557
vn -0.0157 -0.2963 -0.9550
vn -0.0136 -0.2972 -0.9547
vn -0.0124 -0.2974 -0.9547
vn -0.0080 -0.2985 -0.9544
vn -0.0075 -0.2981 -0.9545
vn -0.0025 -0.2989 -0.9543
vn -0.0023 -0.2988 -0.9543
vn 0.0022 -0.2987 -0.9543
vn 0.0040 -0.4651 -0.8852
vn 0.0111 -0.4642 -0.8857
vn 0.0118 -0.4640 -0.8858
vn 0.0184 -0.4623 -0.8865
vn 0.0196 -0.4619 -0.8867
vn 0.0259 -0.4593 -0.8879
vn 0.0273 -0.4586 -0.8882
vn 0.0333 -0.4553 -0.8897
vn 0.0350 -0.4543 -0.8902
vn 0.0408 -0.4503 -0.8919
vn 0.0425 -0.4490 -0.8925
vn 0.0482 -0.4442 -0.8946
vn 0.0500 -0.4425 -0.8954
vn 0.0554 -0.4371 -0.8977
vn 0.0573 -0.4350 -0.8986
vn 0.0627 -0.4289 -0.9012
vn 0.0647 -0.4265 -0.9022
vn 0.0699 -0.4196 -0.9050
vn 0.0719 -0.4168 -0.9062
vn 0.0770 -0.4092 -0.9092
vn 0.0790 -0.4061 -0.9104
vn 0.0841 -0.3978 -0.9136
vn 0.0851 -0.3962 -0.9142
vn 0.0919 -0.3834 -0.9190
vn 0.0920 -0.3835 -0.9189
vn 0.0986 -0.3696 -0.9240
vn 0.0986 -0.3695 -0.9240
vn 0.1051 -0.3544 -0.9292
vn 0.1051 -0.3543 -0.9292
vn 0.1117 -0.3379 -0.9345
vn 0.1114 -0.3382 -0.9345
vn 0.1114 -0.3380 -0.9345
vn 0.1114 -0.3383 -0.9344
vn 0.1175 -0.3210 -0.9398
vn 0.1174 -0.3209 -0.9398
vn 0.1232 -0.3025 -0.9452
vn 0.1232 -0.3026 -0.9451
vn 0.1282 -0.2830 -0.9505
vn 0.1287 -0.2831 -0.9504
vn 0.1339 -0.2626 -0.9556
vn 0.1337 -0.2623 -0.9557
vn 0.1387 -0.2410 -0.9606
vn 0.1432 -0.2185 -0.9653
vn 0.1432 -0.2186 -0.9652
vn 0.1473 -0.1952 -0.9696
vn 0.1472 -0.1951 -0.9697
vn 0.1508 -0.1709 -0.9737
vn 0.1540 -0.1460 -0.9772
vn 0.1541 -0.1460 -0.9772
vn 0.1541 -0.1461 -0.9772
vn 0.1567 -0.1204 -0.9803
vn 0.1566 -0.1203 -0.9803
vn 0.1587 -0.0941 -0.9828
vn 0.1588 -0.0942 -0.9828
vn 0.1605 -0.0676 -0.9847
vn 0.1604 -0.0676 -0.9847
vn 0.1611 -0.0407 -0.9861
vn 0.1615 -0.0407 -0.9860
vn 0.1612 -0.0407 -0.9861
vn 0.1616 -0.0407 -0.9860
vn 0.1621 -0.0136 -0.9867
vn 0.1621 0.0136 -0.9867
vn 0.1616 0.0407 -0.9860
vn 0.1615 0.0407 -0.9860
vn 0.1608 0.0676 -0.9847
vn 0.1604 0.0676 -0.9847
vn 0.1600 0.0676 -0.9848
vn 0.1588 0.0942 -0.9828
vn 0.1591 0.0942 -0.9828
vn 0.1587 0.0942 -0.9828
vn 0.1566 0.1203 -0.9803
vn 0.1564 0.1202 -0.9803
vn 0.1567 0.1204 -0.9803
vn 0.1541 0.1460 -0.9772
vn 0.1540 0.1460 -0.9772
vn 0.1508 0.1709 -0.9737
vn 0.1472 0.1951 -0.9697
vn 0.1473 0.1952 -0.9696
vn 0.1432 0.2186 -0.9652
vn 0.1431 0.2185 -0.9653
vn 0.1387 0.2410 -0.9606
vn 0.1342 0.2623 -0.9556
vn 0.1339 0.2626 -0.9556
vn 0.1282 0.2830 -0.9505
vn 0.1287 0.2831 -0.9504
vn 0.1232 0.3026 -0.9451
vn 0.1232 0.3025 -0.9451
vn 0.1169 0.3208 -0.9399
vn 0.1174 0.3209 -0.9398
vn 0.1175 0.3210 -0.9398
vn 0.1114 0.3383 -0.9344
vn 0.1114 0.3382 -0.9345
vn 0.1050 0.3540 -0.9293
vn 0.1051 0.3543 -0.9292
vn 0.1051 0.3541 -0.9293
vn 0.1051 0.3544 -0.9291
vn 0.0986 0.3695 -0.9240
vn 0.0986 0.3696 -0.9240
vn 0.0920 0.3835 -0.9190
vn 0.0851 0.3962 -0.9142
vn 0.0801 0.4041 -0.9112
vn 0.0826 0.3998 -0.9129
vn 0.0732 0.4148 -0.9070
vn 0.0757 0.4110 -0.9085
vn 0.0655 0.4247 -0.9030
vn 0.0684 0.4212 -0.9044
vn 0.0583 0.4337 -0.8992
vn 0.0614 0.4304 -0.9005
vn 0.0512 0.4414 -0.8958
vn 0.0541 0.4383 -0.8972
vn 0.0433 0.4479 -0.8930
vn 0.0469 0.4452 -0.8942
vn 0.0352 0.4531 -0.8908
vn 0.0392 0.4509 -0.8917
vn 0.0276 0.4555 -0.8898
vn 0.0309 0.4551 -0.8899
vn 0.0256 0.4576 -0.8888
vn 0.0193 0.4589 -0.8883
vn 0.0197 0.4620 -0.8867
vn 0.0111 0.4647 -0.8854
vn 0.0116 0.4638 -0.8859
vn 0.0034 0.4651 -0.8853
vn 0.0037 0.4652 -0.8852
vn -0.0038 0.4652 -0.8852
vn -0.0040 0.4651 -0.8852
vn -0.0110 0.4641 -0.8857
vn -0.0119 0.4640 -0.8858
vn -0.0185 0.4621 -0.8866
vn -0.0196 0.4617 -0.8868
vn -0.0258 0.4593 -0.8879
vn -0.0272 0.4587 -0.8882
vn -0.0333 0.4554 -0.8896
vn -0.0350 0.4544 -0.8901
vn -0.0407 0.4504 -0.8919
vn -0.0425 0.4491 -0.8925
vn -0.0481 0.4443 -0.8946
vn -0.0499 0.4426 -0.8953
vn -0.0554 0.4372 -0.8977
vn -0.0574 0.4352 -0.8985
vn -0.0628 0.4290 -0.9011
vn -0.0647 0.4266 -0.9021
vn -0.0699 0.4196 -0.9050
vn -0.0718 0.4168 -0.9062
vn -0.0769 0.4092 -0.9092
vn -0.0789 0.4060 -0.9104
vn -0.0840 0.3977 -0.9136
vn -0.0850 0.3959 -0.9144
vn -0.0851 0.3962 -0.9142
vn -0.0924 0.3831 -0.9191
vn -0.0919 0.3834 -0.9190
vn -0.0920 0.3835 -0.9190
vn -0.0920 0.3835 -0.9189
vn -0.0990 0.3695 -0.9239
vn -0.0986 0.3696 -0.9240
vn -0.0986 0.3695 -0.9240
vn -0.1051 0.3544 -0.9292
vn -0.1051 0.3543 -0.9292
vn -0.1114 0.3381 -0.9345
vn -0.1114 0.3379 -0.9346
vn -0.1114 0.3382 -0.9344
vn -0.1174 0.3209 -0.9398
vn -0.1174 0.3210 -0.9398
vn -0.1232 0.3026 -0.9451
vn -0.1233 0.3027 -0.9451
vn -0.1288 0.2832 -0.9504
vn -0.1287 0.2831 -0.9504
vn -0.1342 0.2623 -0.9556
vn -0.1341 0.2621 -0.9557
vn -0.1339 0.2625 -0.9556
vn -0.1384 0.2409 -0.9606
vn -0.1387 0.2410 -0.9605
vn -0.1387 0.2410 -0.9606
vn -0.1432 0.2185 -0.9653
vn -0.1432 0.2186 -0.9653
vn -0.1432 0.2186 -0.9652
vn -0.1473 0.1952 -0.9696
vn -0.1472 0.1952 -0.9697
vn -0.1509 0.1710 -0.9737
vn -0.1505 0.1708 -0.9737
vn -0.1508 0.1709 -0.9737
vn -0.1501 0.1708 -0.9738
vn -0.1540 0.1459 -0.9772
vn -0.1540 0.1460 -0.9772
vn -0.1567 0.1204 -0.9803
vn -0.1563 0.1203 -0.9804
vn -0.1566 0.1203 -0.9803
vn -0.1588 0.0942 -0.9828
vn -0.1604 0.0676 -0.9847
vn -0.1615 0.0407 -0.9860
vn -0.1611 0.0408 -0.9861
vn -0.1611 0.0407 -0.9861
vn -0.1620 0.0136 -0.9867
vn -0.1621 0.0136 -0.9867
vn -0.1621 -0.0136 -0.9867
vn -0.1620 -0.0136 -0.9867
vn -0.1615 -0.0407 -0.9860
vn -0.1611 -0.0407 -0.9861
vn -0.1604 -0.0676 -0.9847
vn -0.1588 -0.0942 -0.9828
vn -0.1566 -0.1203 -0.9803
vn -0.1567 -0.1203 -0.9803
vn -0.1571 -0.1204 -0.9802
vn -0.1540 -0.1460 -0.9772
vn -0.1540 -0.1459 -0.9772
vn -0.1508 -0.1709 -0.9737
vn -0.1509 -0.1710 -0.9737
vn -0.1467 -0.1951 -0.9698
vn -0.1473 -0.1952 -0.9697
vn -0.1473 -0.1952 -0.9696
vn -0.1436 -0.2186 -0.9652
vn -0.1432 -0.2186 -0.9653
vn -0.1432 -0.2185 -0.9653
vn -0.1387 -0.2410 -0.9606
vn -0.1344 -0.2623 -0.9556
vn -0.1341 -0.2621 -0.9557
vn -0.1339 -0.2625 -0.9556
vn -0.1287 -0.2831 -0.9504
vn -0.1288 -0.2832 -0.9504
vn -0.1233 -0.3027 -0.9451
vn -0.1228 -0.3025 -0.9452
vn -0.1232 -0.3026 -0.9451
vn -0.1174 -0.3210 -0.9398
vn -0.1174 -0.3209 -0.9398
vn -0.1114 -0.3382 -0.9345
vn -0.1051 -0.3543 -0.9292
vn -0.1051 -0.3544 -0.9292
vn -0.0986 -0.3695 -0.9240
vn -0.0986 -0.3696 -0.9240
vn -0.0917 -0.3833 -0.9191
vn -0.0920 -0.3835 -0.9189
vn -0.0919 -0.3834 -0.9190
vn -0.0848 -0.3960 -0.9143
vn -0.0851 -0.3962 -0.9142
vn -0.0803 -0.4039 -0.9113
vn -0.0828 -0.3998 -0.9129
vn -0.0732 -0.4149 -0.9069
vn -0.0757 -0.4110 -0.9085
vn -0.0655 -0.4247 -0.9029
vn -0.0682 -0.4212 -0.9044
vn -0.0581 -0.4335 -0.8993
vn -0.0611 -0.4302 -0.9007
vn -0.0510 -0.4412 -0.8959
vn -0.0543 -0.4384 -0.8972
vn -0.0433 -0.4480 -0.8930
vn -0.0467 -0.4451 -0.8942
vn -0.0355 -0.4532 -0.8907
vn -0.0388 -0.4506 -0.8919
vn -0.0277 -0.4551 -0.8900
vn -0.0311 -0.4550 -0.8899
vn -0.0257 -0.4576 -0.8888
vn -0.0186 -0.4593 -0.8881
vn -0.0192 -0.4616 -0.8869
vn -0.0106 -0.4635 -0.8860
vn -0.0116 -0.4639 -0.8858
vn -0.0035 -0.4650 -0.8853
vn -0.0038 -0.4650 -0.8853
vn 0.0037 -0.4651 -0.8853
vn 0.0051 -0.5959 -0.8031
vn 0.0141 -0.5948 -0.8037
vn 0.0151 -0.5948 -0.8038
vn 0.0237 -0.5929 -0.8049
vn 0.0249 -0.5925 -0.8052
vn 0.0332 -0.5898 -0.8069
vn 0.0349 -0.5891 -0.8073
vn 0.0428 -0.5855 -0.8096
vn 0.0448 -0.5845 -0.8102
vn 0.0524 -0.5799 -0.8130
vn 0.0546 -0.5786 -0.8138
vn 0.0621 -0.5733 -0.8170
vn 0.0644 -0.5715 -0.8180
vn 0.0717 -0.5655 -0.8216
vn 0.0743 -0.5633 -0.8229
vn 0.0815 -0.5564 -0.8269
vn 0.0828 -0.5551 -0.8277
vn 0.0828 -0.5555 -0.8274
vn 0.0925 -0.5444 -0.8337
vn 0.0924 -0.5445 -0.8336
vn 0.0924 -0.5446 -0.8336
vn 0.0923 -0.5445 -0.8337
vn 0.1020 -0.5328 -0.8400
vn 0.1019 -0.5324 -0.8404
vn 0.1020 -0.5326 -0.8402
vn 0.1017 -0.5324 -0.8403
vn 0.1113 -0.5190 -0.8475
vn 0.1114 -0.5189 -0.8475
vn 0.1115 -0.5192 -0.8473
vn 0.1207 -0.5040 -0.8552
vn 0.1209 -0.5044 -0.8550
vn 0.1211 -0.5041 -0.8551
vn 0.1213 -0.5040 -0.8551
vn 0.1303 -0.4880 -0.8630
vn 0.1302 -0.4878 -0.8632
vn 0.1302 -0.4880 -0.8631
vn 0.1392 -0.4698 -0.8717
vn 0.1392 -0.4697 -0.8718
vn 0.1394 -0.4701 -0.8715
vn 0.1484 -0.4506 -0.8803
vn 0.1480 -0.4503 -0.8805
vn 0.1570 -0.4290 -0.8895
vn 0.1571 -0.4295 -0.8893
vn 0.1571 -0.4294 -0.8893
vn 0.1657 -0.4067 -0.8984
vn 0.1656 -0.4067 -0.8984
vn 0.1731 -0.3820 -0.9078
vn 0.1734 -0.3820 -0.9077
vn 0.1733 -0.3820 -0.9078
vn 0.1738 -0.3822 -0.9076
vn 0.1817 -0.3558 -0.9167
vn 0.1816 -0.3561 -0.9166
vn 0.1890 -0.3284 -0.9254
vn 0.1887 -0.3282 -0.9256
vn 0.1959 -0.2990 -0.9339
vn 0.1962 -0.2986 -0.9340
vn 0.1963 -0.2985 -0.9340
vn 0.2022 -0.2681 -0.9419
vn 0.2023 -0.2681 -0.9419
vn 0.2080 -0.2357 -0.9493
vn 0.2075 -0.2354 -0.9495
vn 0.2130 -0.2019 -0.9560
vn 0.2170 -0.1667 -0.9618
vn 0.2173 -0.1669 -0.9617
vn 0.2208 -0.1310 -0.9665
vn 0.2203 -0.1308 -0.9666
vn 0.2235 -0.0941 -0.9702
vn 0.2235 -0.0942 -0.9701
vn 0.2253 -0.0568 -0.9726
vn 0.2252 -0.0567 -0.9727
vn 0.2261 -0.0189 -0.9739
vn 0.2260 -0.0190 -0.9740
vn 0.2264 -0.0190 -0.9739
vn 0.2264 0.0190 -0.9739
vn 0.2260 0.0189 -0.9740
vn 0.2261 0.0190 -0.9739
vn 0.2248 0.0566 -0.9728
vn 0.2252 0.0567 -0.9727
vn 0.2249 0.0567 -0.9727
vn 0.2253 0.0567 -0.9726
vn 0.2236 0.0942 -0.9701
vn 0.2235 0.0942 -0.9701
vn 0.2234 0.0941 -0.9702
vn 0.2208 0.1310 -0.9665
vn 0.2173 0.1669 -0.9617
vn 0.2173 0.1664 -0.9618
vn 0.2129 0.2019 -0.9560
vn 0.2126 0.2017 -0.9561
vn 0.2130 0.2019 -0.9560
vn 0.2080 0.2357 -0.9493
vn 0.2026 0.2679 -0.9419
vn 0.2022 0.2681 -0.9419
vn 0.2017 0.2679 -0.9421
vn 0.1961 0.2987 -0.9340
vn 0.1960 0.2987 -0.9340
vn 0.1959 0.2990 -0.9339
vn 0.1885 0.3283 -0.9256
vn 0.1887 0.3282 -0.9256
vn 0.1890 0.3284 -0.9254
vn 0.1816 0.3561 -0.9166
vn 0.1816 0.3559 -0.9167
vn 0.1816 0.3562 -0.9166
vn 0.1738 0.3823 -0.9076
vn 0.1735 0.3821 -0.9077
vn 0.1738 0.3823 -0.9075
vn 0.1657 0.4068 -0.8984
vn 0.1656 0.4067 -0.8984
vn 0.1571 0.4295 -0.8893
vn 0.1570 0.4292 -0.8895
vn 0.1481 0.4502 -0.8805
vn 0.1482 0.4502 -0.8805
vn 0.1484 0.4505 -0.8803
vn 0.1394 0.4700 -0.8716
vn 0.1392 0.4698 -0.8717
vn 0.1303 0.4877 -0.8632
vn 0.1301 0.4877 -0.8633
vn 0.1302 0.4880 -0.8631
vn 0.1209 0.5043 -0.8550
vn 0.1212 0.5039 -0.8552
vn 0.1213 0.5041 -0.8551
vn 0.1115 0.5192 -0.8473
vn 0.1115 0.5193 -0.8473
vn 0.1115 0.5190 -0.8475
vn 0.1019 0.5323 -0.8404
vn 0.1020 0.5324 -0.8403
vn 0.1020 0.5326 -0.8402
vn 0.1021 0.5325 -0.8403
vn 0.0925 0.5449 -0.8334
vn 0.0924 0.5448 -0.8335
vn 0.0828 0.5555 -0.8274
vn 0.0750 0.5615 -0.8241
vn 0.0793 0.5577 -0.8262
vn 0.0643 0.5692 -0.8197
vn 0.0693 0.5666 -0.8211
vn 0.0548 0.5766 -0.8152
vn 0.0597 0.5739 -0.8167
vn 0.0450 0.5806 -0.8129
vn 0.0491 0.5800 -0.8131
vn 0.0385 0.5835 -0.8112
vn 0.0381 0.5847 -0.8103
vn 0.0325 0.5880 -0.8082
vn 0.0234 0.5906 -0.8066
vn 0.0237 0.5918 -0.8057
vn 0.0143 0.5933 -0.8048
vn 0.0146 0.5945 -0.8039
vn 0.0046 0.5956 -0.8032
vn 0.0047 0.5957 -0.8032
vn -0.0047 0.5958 -0.8031
vn -0.0051 0.5958 -0.8031
vn -0.0142 0.5950 -0.8036
vn -0.0150 0.5946 -0.8039
vn -0.0235 0.5929 -0.8049
vn -0.0249 0.5926 -0.8051
vn -0.0332 0.5897 -0.8069
vn -0.0349 0.5890 -0.8074
vn -0.0427 0.5854 -0.8096
vn -0.0447 0.5843 -0.8103
vn -0.0523 0.5800 -0.8130
vn -0.0545 0.5786 -0.8138
vn -0.0621 0.5733 -0.8170
vn -0.0644 0.5715 -0.8180
vn -0.0717 0.5654 -0.8217
vn -0.0742 0.5633 -0.8229
vn -0.0814 0.5563 -0.8270
vn -0.0828 0.5550 -0.8277
vn -0.0828 0.5554 -0.8275
vn -0.0924 0.5447 -0.8335
vn -0.0924 0.5448 -0.8334
vn -0.0923 0.5444 -0.8337
vn -0.1020 0.5328 -0.8401
vn -0.1019 0.5324 -0.8403
vn -0.1020 0.5327 -0.8402
vn -0.1115 0.5192 -0.8473
vn -0.1209 0.5044 -0.8550
vn -0.1211 0.5040 -0.8552
vn -0.1209 0.5043 -0.8550
vn -0.1213 0.5041 -0.8551
vn -0.1300 0.4877 -0.8633
vn -0.1302 0.4879 -0.8631
vn -0.1301 0.4878 -0.8632
vn -0.1303 0.4881 -0.8630
vn -0.1394 0.4701 -0.8715
vn -0.1393 0.4698 -0.8717
vn -0.1394 0.4700 -0.8716
vn -0.1484 0.4505 -0.8803
vn -0.1484 0.4506 -0.8803
vn -0.1572 0.4295 -0.8893
vn -0.1570 0.4292 -0.8894
vn -0.1571 0.4294 -0.8894
vn -0.1568 0.4290 -0.8896
vn -0.1656 0.4066 -0.8985
vn -0.1656 0.4063 -0.8986
vn -0.1655 0.4062 -0.8987
vn -0.1734 0.3820 -0.9077
vn -0.1738 0.3821 -0.9076
vn -0.1738 0.3823 -0.9075
vn -0.1736 0.3820 -0.9077
vn -0.1817 0.3562 -0.9166
vn -0.1816 0.3559 -0.9167
vn -0.1816 0.3561 -0.9166
vn -0.1815 0.3556 -0.9168
vn -0.1890 0.3284 -0.9255
vn -0.1887 0.3282 -0.9256
vn -0.1890 0.3284 -0.9254
vn -0.1963 0.2986 -0.9340
vn -0.1960 0.2987 -0.9340
vn -0.1958 0.2989 -0.9340
vn -0.2022 0.2680 -0.9420
vn -0.2020 0.2677 -0.9421
vn -0.2079 0.2356 -0.9493
vn -0.2130 0.2019 -0.9560
vn -0.2129 0.2018 -0.9560
vn -0.2173 0.1669 -0.9617
vn -0.2173 0.1670 -0.9617
vn -0.2208 0.1310 -0.9665
vn -0.2205 0.1308 -0.9666
vn -0.2205 0.1309 -0.9666
vn -0.2235 0.0942 -0.9701
vn -0.2253 0.0567 -0.9726
vn -0.2250 0.0566 -0.9727
vn -0.2263 0.0190 -0.9739
vn -0.2263 -0.0190 -0.9739
vn -0.2254 -0.0568 -0.9726
vn -0.2253 -0.0567 -0.9726
vn -0.2235 -0.0942 -0.9701
vn -0.2208 -0.1310 -0.9665
vn -0.2205 -0.1309 -0.9666
vn -0.2173 -0.1670 -0.9617
vn -0.2172 -0.1669 -0.9617
vn -0.2130 -0.2019 -0.9560
vn -0.2129 -0.2018 -0.9560
vn -0.2079 -0.2356 -0.9493
vn -0.2022 -0.2680 -0.9419
vn -0.2020 -0.2678 -0.9421
vn -0.2022 -0.2680 -0.9420
vn -0.2017 -0.2678 -0.9421
vn -0.1958 -0.2989 -0.9340
vn -0.1959 -0.2990 -0.9339
vn -0.1885 -0.3283 -0.9256
vn -0.1887 -0.3281 -0.9256
vn -0.1890 -0.3284 -0.9254
vn -0.1892 -0.3281 -0.9255
vn -0.1816 -0.3561 -0.9166
vn -0.1816 -0.3558 -0.9167
vn -0.1817 -0.3562 -0.9166
vn -0.1815 -0.3560 -0.9167
vn -0.1738 -0.3821 -0.9077
vn -0.1735 -0.3820 -0.9077
vn -0.1737 -0.3821 -0.9076
vn -0.1732 -0.3820 -0.9078
vn -0.1656 -0.4066 -0.8985
vn -0.1571 -0.4294 -0.8893
vn -0.1571 -0.4295 -0.8893
vn -0.1484 -0.4506 -0.8803
vn -0.1484 -0.4503 -0.8804
vn -0.1394 -0.4701 -0.8715
vn -0.1393 -0.4698 -0.8717
vn -0.1303 -0.4880 -0.8630
vn -0.1300 -0.4877 -0.8633
vn -0.1300 -0.4876 -0.8633
vn -0.1298 -0.4877 -0.8633
vn -0.1208 -0.5040 -0.8552
vn -0.1209 -0.5043 -0.8550
vn -0.1209 -0.5044 -0.8550
vn -0.1213 -0.5040 -0.8551
vn -0.1115 -0.5192 -0.8473
vn -0.1114 -0.5189 -0.8475
vn -0.1115 -0.5193 -0.8473
vn -0.1020 -0.5327 -0.8401
vn -0.1020 -0.5328 -0.8401
vn -0.0925 -0.5444 -0.8337
vn -0.0924 -0.5444 -0.8337
vn -0.0924 -0.5447 -0.8335
vn -0.0828 -0.5554 -0.8275
vn -0.0828 -0.5550 -0.8277
vn -0.0749 -0.5614 -0.8242
vn -0.0793 -0.5577 -0.8262
vn -0.0648 -0.5697 -0.8193
vn -0.0696 -0.5666 -0.8210
vn -0.0551 -0.5769 -0.8149
vn -0.0599 -0.5740 -0.8167
vn -0.0448 -0.5817 -0.8122
vn -0.0499 -0.5802 -0.8130
vn -0.0397 -0.5834 -0.8112
vn -0.0384 -0.5849 -0.8102
vn -0.0329 -0.5880 -0.8082
vn -0.0245 -0.5896 -0.8073
vn -0.0243 -0.5921 -0.8055
vn -0.0137 -0.5942 -0.8042
vn -0.0145 -0.5944 -0.8041
vn -0.0046 -0.5954 -0.8034
vn -0.0046 -0.5956 -0.8033
vn 0.0047 -0.5957 -0.8032
vn 0.0060 -0.6922 -0.7217
vn 0.0168 -0.6914 -0.7223
vn 0.0176 -0.6911 -0.7226
vn 0.0278 -0.6891 -0.7242
vn 0.0293 -0.6888 -0.7244
vn 0.0390 -0.6859 -0.7266
vn 0.0409 -0.6853 -0.7271
vn 0.0503 -0.6818 -0.7298
vn 0.0524 -0.6807 -0.7306
vn 0.0616 -0.6764 -0.7340
vn 0.0639 -0.6750 -0.7350
vn 0.0729 -0.6698 -0.7390
vn 0.0755 -0.6681 -0.7402
vn 0.0843 -0.6620 -0.7448
vn 0.0856 -0.6609 -0.7456
vn 0.0971 -0.6516 -0.7523
vn 0.0971 -0.6516 -0.7524
vn 0.0971 -0.6515 -0.7524
vn 0.1087 -0.6408 -0.7600
vn 0.1087 -0.6407 -0.7601
vn 0.1204 -0.6285 -0.7685
vn 0.1204 -0.6286 -0.7684
vn 0.1320 -0.6148 -0.7776
vn 0.1320 -0.6147 -0.7776
vn 0.1321 -0.6150 -0.7774
vn 0.1437 -0.5993 -0.7875
vn 0.1441 -0.5994 -0.7874
vn 0.1439 -0.5995 -0.7873
vn 0.1437 -0.5992 -0.7876
vn 0.1553 -0.5823 -0.7980
vn 0.1554 -0.5821 -0.7981
vn 0.1554 -0.5822 -0.7981
vn 0.1674 -0.5634 -0.8090
vn 0.1670 -0.5632 -0.8093
vn 0.1673 -0.5635 -0.8090
vn 0.1671 -0.5634 -0.8091
vn 0.1785 -0.5422 -0.8211
vn 0.1785 -0.5421 -0.8211
vn 0.1899 -0.5191 -0.8333
vn 0.1899 -0.5191 -0.8334
vn 0.2012 -0.4939 -0.8459
vn 0.2016 -0.4941 -0.8457
vn 0.2121 -0.4665 -0.8587
vn 0.2121 -0.4666 -0.8587
vn 0.2228 -0.4369 -0.8715
vn 0.2227 -0.4371 -0.8714
vn 0.2227 -0.4368 -0.8716
vn 0.2329 -0.4046 -0.8843
vn 0.2330 -0.4048 -0.8842
vn 0.2426 -0.3704 -0.8966
vn 0.2426 -0.3703 -0.8966
vn 0.2426 -0.3705 -0.8966
vn 0.2425 -0.3702 -0.8967
vn 0.2515 -0.3334 -0.9086
vn 0.2598 -0.2944 -0.9197
vn 0.2600 -0.2946 -0.9196
vn 0.2673 -0.2534 -0.9297
vn 0.2672 -0.2533 -0.9297
vn 0.2736 -0.2102 -0.9386
vn 0.2792 -0.1654 -0.9459
vn 0.2788 -0.1654 -0.9460
vn 0.2834 -0.1192 -0.9516
vn 0.2828 -0.1191 -0.9517
vn 0.2832 -0.1192 -0.9516
vn 0.2855 -0.0719 -0.9557
vn 0.2856 -0.0719 -0.9557
vn 0.2858 -0.0720 -0.9556
vn 0.2862 -0.0720 -0.9555
vn 0.2872 -0.0241 -0.9576
vn 0.2874 -0.0241 -0.9575
vn 0.2870 -0.0240 -0.9576
vn 0.2870 0.0241 -0.9576
vn 0.2872 0.0241 -0.9576
vn 0.2858 0.0720 -0.9556
vn 0.2859 0.0720 -0.9555
vn 0.2855 0.0719 -0.9557
vn 0.2832 0.1191 -0.9516
vn 0.2828 0.1192 -0.9517
vn 0.2788 0.1653 -0.9460
vn 0.2792 0.1654 -0.9459
vn 0.2736 0.2102 -0.9386
vn 0.2672 0.2533 -0.9297
vn 0.2674 0.2536 -0.9296
vn 0.2673 0.2534 -0.9297
vn 0.2670 0.2536 -0.9298
vn 0.2599 0.2945 -0.9196
vn 0.2598 0.2944 -0.9197
vn 0.2515 0.3334 -0.9086
vn 0.2516 0.3334 -0.9086
vn 0.2425 0.3702 -0.8967
vn 0.2426 0.3705 -0.8966
vn 0.2427 0.3704 -0.8966
vn 0.2330 0.4047 -0.8843
vn 0.2330 0.4048 -0.8842
vn 0.2228 0.4368 -0.8715
vn 0.2229 0.4372 -0.8713
vn 0.2227 0.4368 -0.8715
vn 0.2121 0.4665 -0.8587
vn 0.2012 0.4940 -0.8459
vn 0.1899 0.5191 -0.8333
vn 0.1899 0.5191 -0.8334
vn 0.1785 0.5421 -0.8211
vn 0.1786 0.5422 -0.8210
vn 0.1667 0.5635 -0.8091
vn 0.1670 0.5632 -0.8092
vn 0.1670 0.5632 -0.8093
vn 0.1554 0.5822 -0.7981
vn 0.1552 0.5823 -0.7980
vn 0.1554 0.5821 -0.7982
vn 0.1437 0.5992 -0.7876
vn 0.1437 0.5993 -0.7876
vn 0.1320 0.6147 -0.7777
vn 0.1321 0.6149 -0.7775
vn 0.1320 0.6147 -0.7776
vn 0.1204 0.6285 -0.7685
vn 0.1203 0.6284 -0.7685
vn 0.1087 0.6406 -0.7601
vn 0.1088 0.6408 -0.7599
vn 0.1087 0.6407 -0.7600
vn 0.0971 0.6515 -0.7524
vn 0.0970 0.6518 -0.7521
vn 0.0855 0.6608 -0.7456
vn 0.0779 0.6670 -0.7409
vn 0.0837 0.6636 -0.7434
vn 0.0658 0.6744 -0.7354
vn 0.0720 0.6711 -0.7379
vn 0.0548 0.6807 -0.7305
vn 0.0614 0.6786 -0.7320
vn 0.0473 0.6828 -0.7291
vn 0.0436 0.6842 -0.7279
vn 0.0412 0.6874 -0.7251
vn 0.0282 0.6900 -0.7232
vn 0.0293 0.6893 -0.7239
vn 0.0165 0.6914 -0.7222
vn 0.0174 0.6913 -0.7223
vn 0.0165 0.6920 -0.7217
vn 0.0057 0.6920 -0.7218
vn -0.0532 -0.6805 -0.7308
vn -0.0611 -0.6780 -0.7325
vn -0.0494 -0.6859 -0.7260
vn -0.0425 -0.6877 -0.7248
vn -0.0413 -0.6867 -0.7258
vn -0.0288 -0.6903 -0.7230
vn -0.0291 -0.6889 -0.7243
vn -0.0163 -0.6914 -0.7223
vn -0.0174 -0.6914 -0.7222
vn -0.0053 -0.6924 -0.7215
vn -0.0056 -0.6924 -0.7215
vn 0.0056 -0.6924 -0.7215
vn -0.0000 -0.9731 -0.2306
vn -0.0000 -0.9730 -0.2309
vn -0.0000 -0.9779 -0.2089
vn -0.0000 -0.9821 -0.1882
vn -0.0000 -0.9855 -0.1694
vn -0.0000 -0.9885 -0.1514
vn -0.0000 -0.9885 -0.1515
vn -0.0000 -0.9909 -0.1346
vn -0.0000 -0.9909 -0.1345
vn -0.0000 -0.9929 -0.1185
vn -0.0000 -0.9930 -0.1185
vn -0.0000 -0.9947 -0.1030
vn -0.0000 -0.9961 -0.0881
vn -0.0000 -0.9973 -0.0739
vn -0.0000 -0.9973 -0.0738
vn -0.0000 -0.9982 -0.0598
vn -0.0000 -0.9982 -0.0597
vn -0.0000 -0.9989 -0.0465
vn -0.0000 -0.9995 -0.0327
vn -0.0000 -0.9995 -0.0328
vn -0.0000 -0.9998 -0.0199
vn -0.0000 -0.9998 -0.0198
vn -0.0000 -1.0000 -0.0066
vn -0.0000 -0.9672 -0.2540
vn -0.0000 -0.9605 -0.2782
vn -0.0000 -0.9523 -0.3051
vn -0.0000 -0.9524 -0.3048
vn -0.0000 -0.9424 -0.3346
vn -0.0000 -0.9425 -0.3343
vn -0.0000 -0.9299 -0.3678
vn -0.0000 -0.9149 -0.4038
vn -0.0000 -0.9148 -0.4039
vn -0.0000 -0.8959 -0.4443
vn -0.0000 -0.8960 -0.4441
vn -0.0000 -0.8710 -0.4913
vn -0.0000 -0.8389 -0.5443
vn -0.0000 -0.7975 -0.6033
vn -0.0000 -0.7977 -0.6030
vn -0.0000 -0.7406 -0.6719
vn -0.0000 -0.6695 -0.7428
vn -0.0000 -0.6696 -0.7427
vn -0.0000 -0.5713 -0.8207
vn -0.0000 -0.5710 -0.8210
vn -0.0000 -0.5713 -0.8208
vn -0.0000 -0.4432 -0.8964
vn -0.0000 -0.2810 -0.9597
vn -0.0000 -0.2805 -0.9598
vn -0.0000 -0.1011 -0.9949
vn -0.0000 -0.1010 -0.9949
vn -0.0000 0.9672 -0.2540
vn -0.0000 0.9604 -0.2785
vn -0.0000 0.9604 -0.2787
vn -0.0000 0.9524 -0.3049
vn -0.0000 0.9524 -0.3048
vn -0.0000 0.9425 -0.3342
vn -0.0000 0.9424 -0.3345
vn -0.0000 0.9299 -0.3678
vn -0.0000 0.9299 -0.3679
vn -0.0000 0.9147 -0.4040
vn -0.0000 0.9148 -0.4039
vn -0.0000 0.8961 -0.4439
vn -0.0000 0.8962 -0.4436
vn -0.0000 0.8708 -0.4916
vn -0.0000 0.8391 -0.5440
vn -0.0000 0.7975 -0.6033
vn -0.0000 0.7976 -0.6032
vn -0.0000 0.7977 -0.6030
vn -0.0000 0.7404 -0.6722
vn -0.0000 0.7403 -0.6723
vn -0.0000 0.7405 -0.6720
vn -0.0000 0.6698 -0.7426
vn -0.0000 0.6700 -0.7424
vn -0.0000 0.5707 -0.8211
vn -0.0000 0.5711 -0.8209
vn -0.0000 0.5710 -0.8209
vn -0.0000 0.4431 -0.8965
vn -0.0000 0.4429 -0.8966
vn -0.0000 0.2811 -0.9597
vn -0.0000 0.2812 -0.9596
vn -0.0000 0.2809 -0.9597
vn -0.0000 0.1011 -0.9949
vn -0.0000 0.1010 -0.9949
vn -0.0000 0.1012 -0.9949
vn -0.0000 0.9730 -0.2307
vn -0.0000 0.9778 -0.2094
vn -0.0000 0.9822 -0.1880
vn -0.0000 0.9822 -0.1879
vn -0.0000 0.9855 -0.1695
vn -0.0000 0.9855 -0.1696
vn -0.0000 0.9885 -0.1515
vn -0.0000 0.9885 -0.1514
vn -0.0000 0.9909 -0.1344
vn -0.0000 0.9929 -0.1186
vn -0.0000 0.9947 -0.1027
vn -0.0000 0.9961 -0.0882
vn -0.0000 0.9961 -0.0883
vn -0.0000 0.9973 -0.0739
vn -0.0000 0.9973 -0.0738
vn -0.0000 0.9973 -0.0737
vn -0.0000 0.9982 -0.0601
vn -0.0000 0.9982 -0.0599
vn -0.0000 0.9989 -0.0463
vn -0.0000 0.9995 -0.0327
vn -0.0000 0.9998 -0.0199
vn -0.0000 1.0000 -0.0064
vn -0.0000 0.9730 0.2310
vn -0.0000 0.9729 0.2313
vn -0.0000 0.9779 0.2091
vn -0.0000 0.9779 0.2090
vn -0.0000 0.9780 0.2086
vn -0.0000 0.9821 0.1881
vn -0.0000 0.9821 0.1882
vn -0.0000 0.9856 0.1694
vn -0.0000 0.9856 0.1692
vn -0.0000 0.9885 0.1515
vn -0.0000 0.9885 0.1514
vn -0.0000 0.9909 0.1347
vn -0.0000 0.9909 0.1344
vn -0.0000 0.9929 0.1189
vn -0.0000 0.9929 0.1187
vn -0.0000 0.9930 0.1185
vn -0.0000 0.9947 0.1026
vn -0.0000 0.9947 0.1027
vn -0.0000 0.9961 0.0882
vn -0.0000 0.9961 0.0881
vn -0.0000 0.9973 0.0739
vn -0.0000 0.9973 0.0740
vn -0.0000 0.9982 0.0601
vn -0.0000 0.9982 0.0600
vn -0.0000 0.9989 0.0462
vn -0.0000 0.9995 0.0327
vn -0.0000 0.9998 0.0200
vn -0.0000 0.9998 0.0199
vn -0.0000 1.0000 0.0065
vn -0.0000 0.9669 0.2553
vn -0.0000 0.9670 0.2550
vn -0.0000 0.9599 0.2805
vn -0.0000 0.9599 0.2804
vn -0.0000 0.9598 0.2808
vn -0.0000 0.9508 0.3097
vn -0.0000 0.9509 0.3096
vn -0.0000 0.9507 0.3100
vn -0.0000 0.9395 0.3425
vn -0.0000 0.9395 0.3424
vn -0.0000 0.9396 0.3423
vn -0.0000 0.9262 0.3771
vn -0.0000 0.9263 0.3768
vn -0.0000 0.9084 0.4180
vn -0.0000 0.8858 0.4641
vn -0.0000 0.8857 0.4643
vn -0.0000 0.8857 0.4642
vn -0.0000 0.8559 0.5171
vn -0.0000 0.8558 0.5173
vn -0.0000 0.8166 0.5772
vn -0.0000 0.7633 0.6461
vn -0.0000 0.7634 0.6460
vn -0.0000 0.7635 0.6458
vn -0.0000 0.6938 0.7202
vn -0.0000 0.6939 0.7201
vn -0.0000 0.6936 0.7203
vn -0.0000 0.6937 0.7203
vn -0.0000 0.5913 0.8065
vn -0.0000 0.5913 0.8064
vn -0.0000 0.5912 0.8065
vn -0.0000 0.4723 0.8814
vn -0.0000 0.4724 0.8814
vn -0.0000 0.4723 0.8815
vn -0.0000 0.2964 0.9551
vn -0.0000 0.1101 0.9939
vn -0.0000 0.1104 0.9939
vn -0.0000 -0.9669 0.2550
vn -0.0000 -0.9670 0.2548
vn -0.0000 -0.9599 0.2805
vn -0.0000 -0.9599 0.2804
vn -0.0000 -0.9598 0.2808
vn -0.0000 -0.9508 0.3099
vn -0.0000 -0.9508 0.3098
vn -0.0000 -0.9395 0.3426
vn -0.0000 -0.9394 0.3428
vn -0.0000 -0.9395 0.3427
vn -0.0000 -0.9262 0.3769
vn -0.0000 -0.9263 0.3769
vn -0.0000 -0.9261 0.3773
vn -0.0000 -0.9086 0.4177
vn -0.0000 -0.9086 0.4178
vn -0.0000 -0.9084 0.4181
vn -0.0000 -0.8856 0.4644
vn -0.0000 -0.8561 0.5168
vn -0.0000 -0.8164 0.5774
vn -0.0000 -0.8164 0.5775
vn -0.0000 -0.7635 0.6458
vn -0.0000 -0.7636 0.6457
vn -0.0000 -0.6934 0.7206
vn -0.0000 -0.6935 0.7205
vn -0.0000 -0.5917 0.8062
vn -0.0000 -0.5916 0.8062
vn -0.0000 -0.4723 0.8814
vn -0.0000 -0.4724 0.8814
vn -0.0000 -0.4723 0.8815
vn -0.0000 -0.2962 0.9551
vn -0.0000 -0.1101 0.9939
vn -0.0000 -0.1104 0.9939
vn -0.0000 -0.9728 0.2317
vn -0.0000 -0.9727 0.2321
vn -0.0000 -0.9775 0.2108
vn -0.0000 -0.9775 0.2110
vn -0.0000 -0.9776 0.2107
vn -0.0000 -0.9815 0.1916
vn -0.0000 -0.9815 0.1914
vn -0.0000 -0.9849 0.1731
vn -0.0000 -0.9849 0.1733
vn -0.0000 -0.9876 0.1569
vn -0.0000 -0.9877 0.1565
vn -0.0000 -0.9901 0.1405
vn -0.0000 -0.9901 0.1401
vn -0.0000 -0.9922 0.1247
vn -0.0000 -0.9922 0.1250
vn -0.0000 -0.9939 0.1101
vn -0.0000 -0.9954 0.0958
vn -0.0000 -0.9954 0.0960
vn -0.0000 -0.9966 0.0824
vn -0.0000 -0.9966 0.0825
vn -0.0000 -0.9976 0.0688
vn -0.0000 -0.9976 0.0690
vn -0.0000 -0.9984 0.0560
vn -0.0000 -0.9984 0.0561
vn -0.0000 -0.9991 0.0434
vn -0.0000 -0.9995 0.0310
vn -0.0000 -0.9995 0.0309
vn -0.0000 -0.9998 0.0184
vn -0.0002 0.0001 -1.0000
vn 0.0002 -0.0004 -1.0000
vn -0.0015 0.0018 -1.0000
vn -0.0060 0.0054 -1.0000
vn -0.0001 0.0006 -1.0000
vn -0.0000 0.0006 -1.0000
vn -0.0039 0.0007 -1.0000
vn -0.0072 0.0009 -1.0000
vn -0.0000 -0.0006 -1.0000
vn -0.0001 -0.0006 -1.0000
vn -0.0001 -0.0005 -1.0000
vn -0.0002 -0.0004 -1.0000
vn -0.0002 -0.0003 -1.0000
vn -0.0002 -0.0002 -1.0000
vn -0.0002 -0.0001 -1.0000
vn -0.0002 -0.0000 -1.0000
vn -0.0001 0.0005 -1.0000
vn -0.0002 0.0004 -1.0000
vn -0.0002 0.0003 -1.0000
vn -0.0002 0.0002 -1.0000
vn -0.0000 0.0007 -1.0000
vn -0.0626 -0.6759 -0.7344
vn -0.0000 0.7071 0.7071
vn -0.0000 -0.7071 -0.7071
vn -0.0000 0.7071 -0.7071
vn -0.0000 -0.7071 0.7071
vt 0.000000 0.000000
vt 0.375000 0.000000
vt 0.625000 0.000000
vt 0.625000 0.250000
vt 0.375000 0.250000
vt 0.625000 0.500000
vt 0.375000 0.500000
vt 0.625000 0.750000
vt 0.375000 0.750000
vt 0.625000 1.000000
vt 0.375000 1.000000
vt 0.125000 0.500000
vt 0.125000 0.750000
vt 0.875000 0.500000
vt 0.875000 0.750000
s 1
f 1/1/1 2/1/1 3/1/1
f 4/1/1 5/1/1 6/1/1
f 4/1/1 6/1/1 7/1/1
f 7/1/1 6/1/1 3/1/1
f 3/1/1 6/1/1 8/1/1
f 3/1/1 8/1/1 1/1/1
f 9/1/2 10/1/2 11/1/2
f 12/1/2 13/1/2 9/1/2
f 11/1/2 14/1/2 15/1/2
f 9/1/2 11/1/2 12/1/2
f 12/1/2 11/1/2 15/1/2
f 12/1/2 15/1/2 16/1/2
f 17/1/3 18/1/3 7/1/3
f 7/1/3 18/1/3 4/1/3
f 18/1/4 19/1/4 4/1/4
f 4/1/4 19/1/4 5/1/4
f 19/1/5 20/1/5 5/1/5
f 5/1/5 20/1/5 6/1/5
f 20/1/6 21/1/6 6/1/6
f 6/1/6 21/1/6 8/1/6
f 21/1/7 22/1/7 8/1/7
f 8/1/7 22/1/7 1/1/7
f 22/1/8 23/1/8 1/1/8
f 1/1/8 23/1/8 2/1/8
f 23/1/9 24/1/9 2/1/9
f 2/1/9 24/1/9 3/1/9
f 24/1/10 17/1/10 3/1/10
f 3/1/10 17/1/10 7/1/10
f 25/1/7 26/1/7 9/1/7
f 9/1/7 26/1/7 10/1/7
f 26/1/6 27/1/6 10/1/6
f 10/1/6 27/1/6 11/1/6
f 27/1/5 28/1/5 11/1/5
f 11/1/5 28/1/5 14/1/5
f 28/1/4 29/1/4 14/1/4
f 14/1/4 29/1/4 15/1/4
f 29/1/3 30/1/3 15/1/3
f 15/1/3 30/1/3 16/1/3
f 30/1/10 31/1/10 16/1/10
f 16/1/10 31/1/10 12/1/10
f 31/1/9 32/1/9 12/1/9
f 12/1/9 32/1/9 13/1/9
f 32/1/8 25/1/8 13/1/8
f 13/1/8 25/1/8 9/1/8
f 24/1/1 33/1/1 17/1/1
f 17/1/1 33/1/1 34/1/1
f 17/1/1 34/1/1 18/1/1
f 18/1/1 34/1/1 35/1/1
f 18/1/1 35/1/1 19/1/1
f 19/1/1 35/1/1 36/1/1
f 19/1/1 36/1/1 20/1/1
f 20/1/1 36/1/1 37/1/1
f 20/1/1 37/1/1 21/1/1
f 21/1/1 37/1/1 38/1/1
f 21/1/1 38/1/1 22/1/1
f 22/1/1 38/1/1 39/1/1
f 22/1/1 39/1/1 23/1/1
f 23/1/1 39/1/1 40/1/1
f 23/1/1 40/1/1 24/1/1
f 24/1/1 40/1/1 33/1/1
f 31/1/2 41/1/2 32/1/2
f 32/1/2 41/1/2 42/1/2
f 32/1/2 42/1/2 25/1/2
f 25/1/2 42/1/2 43/1/2
f 25/1/2 43/1/2 26/1/2
f 26/1/2 43/1/2 44/1/2
f 26/1/2 44/1/2 27/1/2
f 27/1/2 44/1/2 45/1/2
f 27/1/2 45/1/2 28/1/2
f 28/1/2 45/1/2 46/1/2
f 28/1/2 46/1/2 29/1/2
f 29/1/2 46/1/2 47/1/2
f 29/1/2 47/1/2 30/1/2
f 30/1/2 47/1/2 48/1/2
f 30/1/2 48/1/2 31/1/2
f 31/1/2 48/1/2 41/1/2
f 49/1/11 35/1/11 50/1/11
f 50/1/11 35/1/11 34/1/11
f 51/1/12 36/1/12 49/1/12
f 49/1/12 36/1/12 35/1/12
f 52/1/13 37/1/13 51/1/13
f 51/1/13 37/1/13 36/1/13
f 53/1/14 38/1/14 52/1/14
f 52/1/14 38/1/14 37/1/14
f 54/1/15 39/1/15 53/1/15
f 53/1/15 39/1/15 38/1/15
f 55/1/16 40/1/16 54/1/16
f 54/1/16 40/1/16 39/1/16
f 56/1/17 33/1/17 55/1/17
f 55/1/17 33/1/17 40/1/17
f 50/1/18 34/1/18 56/1/18
f 56/1/18 34/1/18 33/1/18
f 57/1/19 44/1/19 58/1/19
f 58/1/19 44/1/19 43/1/19
f 59/1/20 45/1/20 57/1/20
f 57/1/20 45/1/20 44/1/20
f 60/1/21 46/1/21 59/1/21
f 59/1/21 46/1/21 45/1/21
f 61/1/22 47/1/22 60/1/22
f 60/1/22 47/1/22 46/1/22
f 62/1/23 48/1/23 61/1/23
f 61/1/23 48/1/23 47/1/23
f 63/1/24 41/1/24 62/1/24
f 62/1/24 41/1/24 48/1/24
f 64/1/25 42/1/25 63/1/25
f 63/1/25 42/1/25 41/1/25
f 58/1/26 43/1/26 64/1/26
f 64/1/26 43/1/26 42/1/26
f 65/1/3 49/1/3 66/1/3
f 66/1/3 49/1/3 50/1/3
f 67/1/4 51/1/4 65/1/4
f 65/1/4 51/1/4 49/1/4
f 68/1/5 52/1/5 67/1/5
f 67/1/5 52/1/5 51/1/5
f 69/1/6 53/1/6 68/1/6
f 68/1/6 53/1/6 52/1/6
f 70/1/7 54/1/7 69/1/7
f 69/1/7 54/1/7 53/1/7
f 71/1/8 55/1/8 70/1/8
f 70/1/8 55/1/8 54/1/8
f 72/1/9 56/1/9 71/1/9
f 71/1/9 56/1/9 55/1/9
f 66/1/10 50/1/10 72/1/10
f 72/1/10 50/1/10 56/1/10
f 73/1/27 74/1/3 75/1/3
f 75/1/3 74/1/3 76/1/28
f 77/1/29 78/1/30 79/1/4
f 79/1/4 78/1/30 80/1/31
f 81/1/5 82/1/5 83/1/5
f 84/1/5 85/1/5 83/1/5
f 86/1/5 83/1/5 87/1/5
f 87/1/5 83/1/5 88/1/5
f 84/1/5 83/1/5 89/1/5
f 90/1/5 91/1/5 83/1/5
f 92/1/5 93/1/5 94/1/5
f 95/1/5 96/1/5 94/1/5
f 97/1/5 98/1/5 99/1/5
f 99/1/5 98/1/5 100/1/5
f 99/1/5 100/1/5 101/1/5
f 88/1/5 83/1/5 102/1/5
f 102/1/5 83/1/5 99/1/5
f 102/1/5 99/1/5 103/1/5
f 91/1/5 104/1/5 83/1/5
f 83/1/5 104/1/5 105/1/5
f 83/1/5 105/1/5 81/1/5
f 106/1/5 107/1/5 99/1/5
f 101/1/5 108/1/5 99/1/5
f 99/1/5 108/1/5 109/1/5
f 99/1/5 109/1/5 103/1/5
f 86/1/5 110/1/5 83/1/5
f 83/1/5 110/1/5 111/1/5
f 83/1/5 111/1/5 112/1/5
f 113/1/5 114/1/5 94/1/5
f 94/1/5 114/1/5 115/1/5
f 94/1/5 115/1/5 116/1/5
f 117/1/5 118/1/5 94/1/5
f 94/1/5 118/1/5 119/1/5
f 94/1/5 120/1/5 121/1/5
f 122/1/5 123/1/5 124/1/5
f 124/1/5 123/1/5 125/1/5
f 124/1/5 125/1/5 126/1/5
f 126/1/5 127/1/5 124/1/5
f 124/1/5 127/1/5 128/1/5
f 124/1/5 128/1/5 129/1/5
f 124/1/5 130/1/5 131/1/5
f 107/1/5 132/1/5 99/1/5
f 99/1/5 132/1/5 133/1/5
f 99/1/5 133/1/5 134/1/5
f 134/1/5 135/1/5 99/1/5
f 99/1/5 135/1/5 136/1/5
f 99/1/5 136/1/5 137/1/5
f 112/1/5 138/1/5 83/1/5
f 83/1/5 138/1/5 139/1/5
f 83/1/5 139/1/5 140/1/5
f 140/1/5 141/1/5 83/1/5
f 83/1/5 141/1/5 142/1/5
f 83/1/5 142/1/5 143/1/5
f 143/1/5 144/1/5 83/1/5
f 83/1/5 144/1/5 145/1/5
f 83/1/5 145/1/5 146/1/5
f 146/1/5 147/1/5 83/1/5
f 83/1/5 147/1/5 148/1/5
f 83/1/5 148/1/5 89/1/5
f 85/1/5 149/1/5 83/1/5
f 83/1/5 149/1/5 150/1/5
f 83/1/5 150/1/5 90/1/5
f 82/1/5 151/1/5 83/1/5
f 83/1/5 151/1/5 152/1/5
f 83/1/5 152/1/5 94/1/5
f 94/1/5 152/1/5 153/1/5
f 94/1/5 153/1/5 113/1/5
f 116/1/5 154/1/5 94/1/5
f 94/1/5 154/1/5 155/1/5
f 94/1/5 155/1/5 156/1/5
f 156/1/5 157/1/5 94/1/5
f 94/1/5 157/1/5 158/1/5
f 94/1/5 158/1/5 117/1/5
f 119/1/5 159/1/5 94/1/5
f 94/1/5 159/1/5 160/1/5
f 94/1/5 160/1/5 92/1/5
f 93/1/5 161/1/5 94/1/5
f 94/1/5 161/1/5 162/1/5
f 94/1/5 162/1/5 120/1/5
f 121/1/5 163/1/5 94/1/5
f 94/1/5 163/1/5 164/1/5
f 94/1/5 164/1/5 95/1/5
f 129/1/5 165/1/5 124/1/5
f 124/1/5 165/1/5 166/1/5
f 124/1/5 166/1/5 130/1/5
f 131/1/5 167/1/5 124/1/5
f 124/1/5 167/1/5 168/1/5
f 124/1/5 168/1/5 169/1/5
f 137/1/5 170/1/5 99/1/5
f 99/1/5 170/1/5 171/1/5
f 99/1/5 171/1/5 172/1/5
f 173/1/5 174/1/5 99/1/5
f 99/1/5 174/1/5 175/1/5
f 99/1/5 175/1/5 97/1/5
f 96/1/5 176/1/5 94/1/5
f 94/1/5 176/1/5 177/1/5
f 94/1/5 177/1/5 178/1/5
f 178/1/5 179/1/5 94/1/5
f 94/1/5 179/1/5 180/1/5
f 94/1/5 180/1/5 124/1/5
f 124/1/5 180/1/5 181/1/5
f 124/1/5 181/1/5 122/1/5
f 182/1/5 183/1/5 124/1/5
f 124/1/5 183/1/5 184/1/5
f 124/1/5 184/1/5 99/1/5
f 99/1/5 184/1/5 185/1/5
f 99/1/5 185/1/5 106/1/5
f 172/1/5 186/1/5 99/1/5
f 99/1/5 186/1/5 187/1/5
f 99/1/5 187/1/5 188/1/5
f 188/1/5 189/1/5 99/1/5
f 99/1/5 189/1/5 190/1/5
f 99/1/5 190/1/5 191/1/5
f 191/1/5 192/1/5 99/1/5
f 99/1/5 192/1/5 193/1/5
f 99/1/5 193/1/5 173/1/5
f 169/1/5 194/1/5 124/1/5
f 124/1/5 194/1/5 195/1/5
f 124/1/5 195/1/5 196/1/5
f 196/1/5 197/1/5 124/1/5
f 124/1/5 197/1/5 198/1/5
f 124/1/5 198/1/5 199/1/5
f 199/1/5 200/1/5 124/1/5
f 124/1/5 200/1/5 201/1/5
f 124/1/5 201/1/5 202/1/5
f 202/1/5 203/1/5 124/1/5
f 124/1/5 203/1/5 204/1/5
f 124/1/5 204/1/5 182/1/5
f 205/1/32 206/1/6 207/1/33
f 207/1/33 206/1/6 208/1/34
f 209/1/35 210/1/7 211/1/7
f 211/1/7 210/1/7 212/1/36
f 213/1/7 57/1/7 214/1/7
f 214/1/7 57/1/7 58/1/7
f 215/1/6 59/1/6 213/1/6
f 213/1/6 59/1/6 57/1/6
f 216/1/5 60/1/5 215/1/5
f 215/1/5 60/1/5 59/1/5
f 217/1/4 61/1/4 216/1/4
f 216/1/4 61/1/4 60/1/4
f 218/1/3 62/1/3 217/1/3
f 217/1/3 62/1/3 61/1/3
f 219/1/10 63/1/10 218/1/10
f 218/1/10 63/1/10 62/1/10
f 220/1/9 64/1/9 219/1/9
f 219/1/9 64/1/9 63/1/9
f 214/1/8 58/1/8 220/1/8
f 220/1/8 58/1/8 64/1/8
f 221/1/37 222/1/38 223/1/39
f 223/1/39 222/1/38 224/1/40
f 225/1/1 226/1/1 70/1/1
f 225/1/1 70/1/1 227/1/1
f 226/1/1 228/1/1 70/1/1
f 70/1/1 228/1/1 229/1/41
f 70/1/1 229/1/41 230/1/1
f 231/1/42 232/1/43 69/1/1
f 69/1/1 232/1/43 211/1/1
f 69/1/1 211/1/1 70/1/1
f 230/1/1 233/1/1 70/1/1
f 70/1/1 233/1/1 223/1/1
f 70/1/1 223/1/1 71/1/1
f 71/1/1 223/1/1 224/1/1
f 71/1/1 224/1/1 234/1/1
f 234/1/1 235/1/42 71/1/1
f 71/1/1 235/1/42 236/1/1
f 71/1/1 236/1/1 237/1/41
f 211/1/1 212/1/1 70/1/1
f 70/1/1 212/1/1 238/1/41
f 70/1/1 238/1/41 239/1/1
f 240/1/1 241/1/44 67/1/1
f 67/1/1 241/1/44 94/1/1
f 67/1/1 94/1/1 68/1/1
f 68/1/1 94/1/1 124/1/1
f 67/1/1 65/1/1 79/1/1
f 242/1/42 243/1/1 66/1/1
f 66/1/1 243/1/1 74/1/41
f 66/1/1 74/1/41 65/1/1
f 244/1/1 66/1/1 245/1/1
f 245/1/1 66/1/1 72/1/1
f 245/1/1 72/1/1 246/1/1
f 247/1/1 248/1/1 71/1/1
f 71/1/1 248/1/1 249/1/1
f 71/1/1 249/1/1 72/1/1
f 239/1/1 250/1/41 70/1/1
f 70/1/1 250/1/41 251/1/42
f 70/1/1 251/1/42 252/1/1
f 252/1/1 253/1/1 70/1/1
f 70/1/1 253/1/1 254/1/1
f 70/1/1 254/1/1 227/1/1
f 255/1/45 256/1/1 67/1/1
f 67/1/1 256/1/1 257/1/46
f 67/1/1 257/1/46 258/1/1
f 65/1/1 259/1/1 260/1/1
f 261/1/41 262/1/1 66/1/1
f 66/1/1 262/1/1 263/1/42
f 244/1/1 264/1/41 66/1/1
f 66/1/1 264/1/41 265/1/1
f 66/1/1 265/1/1 266/1/47
f 266/1/47 267/1/47 66/1/1
f 66/1/1 267/1/47 268/1/1
f 66/1/1 268/1/1 269/1/1
f 249/1/1 270/1/1 72/1/1
f 72/1/1 270/1/1 271/1/1
f 72/1/1 271/1/1 272/1/1
f 237/1/41 273/1/1 71/1/1
f 71/1/1 273/1/1 274/1/1
f 71/1/1 274/1/1 275/1/47
f 276/1/1 68/1/1 277/1/41
f 277/1/41 68/1/1 278/1/1
f 276/1/1 279/1/41 68/1/1
f 68/1/1 279/1/41 280/1/42
f 68/1/1 280/1/42 281/1/1
f 281/1/1 282/1/1 68/1/1
f 68/1/1 282/1/1 207/1/1
f 68/1/1 207/1/1 69/1/1
f 69/1/1 207/1/1 208/1/1
f 69/1/1 208/1/1 283/1/1
f 284/1/45 285/1/48 68/1/1
f 68/1/1 285/1/48 286/1/47
f 68/1/1 286/1/47 278/1/1
f 79/1/1 80/1/1 67/1/1
f 67/1/1 80/1/1 287/1/1
f 67/1/1 287/1/1 288/1/1
f 288/1/1 289/1/42 67/1/1
f 67/1/1 289/1/42 290/1/41
f 67/1/1 290/1/41 291/1/42
f 291/1/42 292/1/1 67/1/1
f 67/1/1 292/1/1 293/1/1
f 67/1/1 293/1/1 255/1/45
f 269/1/1 294/1/1 66/1/1
f 66/1/1 294/1/1 295/1/1
f 66/1/1 295/1/1 261/1/41
f 272/1/1 296/1/44 72/1/1
f 72/1/1 296/1/44 297/1/44
f 72/1/1 297/1/44 298/1/1
f 299/1/1 300/1/1 69/1/1
f 69/1/1 300/1/1 301/1/1
f 69/1/1 301/1/1 302/1/1
f 302/1/1 303/1/1 69/1/1
f 69/1/1 303/1/1 304/1/41
f 69/1/1 304/1/41 231/1/42
f 283/1/1 305/1/1 69/1/1
f 69/1/1 305/1/1 306/1/41
f 69/1/1 306/1/41 307/1/1
f 258/1/1 308/1/49 67/1/1
f 67/1/1 308/1/49 309/1/49
f 67/1/1 309/1/49 240/1/1
f 124/1/1 310/1/1 68/1/1
f 68/1/1 310/1/1 311/1/1
f 68/1/1 311/1/1 312/1/50
f 313/1/42 314/1/1 65/1/1
f 65/1/1 314/1/1 315/1/1
f 65/1/1 315/1/1 79/1/1
f 263/1/42 316/1/1 66/1/1
f 66/1/1 316/1/1 317/1/41
f 66/1/1 317/1/41 242/1/42
f 74/1/41 73/1/41 65/1/1
f 65/1/1 73/1/41 318/1/1
f 65/1/1 318/1/1 319/1/1
f 320/1/45 321/1/45 72/1/1
f 72/1/1 321/1/45 322/1/1
f 72/1/1 322/1/1 323/1/1
f 323/1/1 324/1/1 72/1/1
f 72/1/1 324/1/1 325/1/1
f 72/1/1 325/1/1 246/1/1
f 275/1/47 326/1/1 71/1/1
f 71/1/1 326/1/1 327/1/1
f 71/1/1 327/1/1 328/1/1
f 298/1/1 329/1/1 72/1/1
f 72/1/1 329/1/1 330/1/1
f 72/1/1 330/1/1 320/1/45
f 307/1/1 331/1/42 69/1/1
f 69/1/1 331/1/42 332/1/1
f 69/1/1 332/1/1 299/1/1
f 312/1/50 333/1/50 68/1/1
f 68/1/1 333/1/50 334/1/1
f 68/1/1 334/1/1 284/1/45
f 260/1/1 335/1/42 65/1/1
f 65/1/1 335/1/42 336/1/41
f 65/1/1 336/1/41 313/1/42
f 319/1/1 337/1/1 65/1/1
f 65/1/1 337/1/1 338/1/1
f 65/1/1 338/1/1 339/1/1
f 339/1/1 340/1/1 65/1/1
f 65/1/1 340/1/1 341/1/1
f 65/1/1 341/1/1 259/1/1
f 328/1/1 342/1/47 71/1/1
f 71/1/1 342/1/47 343/1/1
f 71/1/1 343/1/1 247/1/1
f 344/1/51 345/1/52 245/1/53
f 245/1/53 345/1/52 244/1/54
f 346/1/2 347/1/55 219/1/2
f 219/1/2 348/1/2 220/1/2
f 220/1/2 348/1/2 349/1/2
f 76/1/2 218/1/2 75/1/56
f 75/1/56 218/1/2 217/1/2
f 75/1/56 217/1/2 350/1/57
f 350/1/57 217/1/2 351/1/56
f 352/1/56 353/1/2 214/1/2
f 214/1/2 353/1/2 210/1/57
f 214/1/2 210/1/57 213/1/2
f 347/1/55 354/1/2 219/1/2
f 219/1/2 354/1/2 355/1/58
f 219/1/2 355/1/58 348/1/2
f 356/1/59 218/1/2 357/1/60
f 357/1/60 218/1/2 358/1/2
f 359/1/61 360/1/62 215/1/2
f 215/1/2 360/1/62 99/1/2
f 215/1/2 99/1/2 216/1/2
f 216/1/2 99/1/2 83/1/2
f 215/1/2 213/1/2 206/1/2
f 221/1/2 214/1/2 222/1/56
f 222/1/56 214/1/2 220/1/2
f 219/1/2 361/1/63 362/1/63
f 363/1/64 364/1/59 218/1/2
f 218/1/2 364/1/59 365/1/2
f 218/1/2 365/1/2 366/1/2
f 366/1/2 367/1/57 218/1/2
f 218/1/2 367/1/57 345/1/2
f 218/1/2 345/1/2 219/1/2
f 219/1/2 345/1/2 344/1/56
f 219/1/2 344/1/56 368/1/57
f 368/1/57 369/1/2 219/1/2
f 219/1/2 369/1/2 370/1/56
f 219/1/2 370/1/56 371/1/55
f 371/1/55 372/1/55 219/1/2
f 219/1/2 372/1/55 373/1/2
f 219/1/2 373/1/2 361/1/63
f 76/1/2 374/1/2 218/1/2
f 218/1/2 374/1/2 375/1/57
f 218/1/2 375/1/57 376/1/2
f 377/1/2 216/1/2 378/1/63
f 378/1/63 216/1/2 379/1/63
f 377/1/2 380/1/64 216/1/2
f 216/1/2 380/1/64 381/1/2
f 216/1/2 381/1/2 382/1/65
f 382/1/65 383/1/2 216/1/2
f 216/1/2 383/1/2 78/1/57
f 216/1/2 78/1/57 217/1/2
f 217/1/2 78/1/57 77/1/2
f 217/1/2 77/1/2 384/1/2
f 385/1/2 386/1/2 215/1/2
f 215/1/2 386/1/2 387/1/2
f 215/1/2 387/1/2 388/1/61
f 213/1/2 389/1/2 390/1/57
f 214/1/2 391/1/56 392/1/2
f 362/1/63 393/1/2 219/1/2
f 219/1/2 393/1/2 394/1/2
f 219/1/2 394/1/2 346/1/2
f 349/1/2 395/1/66 220/1/2
f 220/1/2 395/1/66 396/1/2
f 220/1/2 396/1/2 397/1/63
f 356/1/59 398/1/57 218/1/2
f 218/1/2 398/1/57 399/1/56
f 218/1/2 399/1/56 363/1/64
f 376/1/2 400/1/57 218/1/2
f 218/1/2 400/1/57 401/1/56
f 218/1/2 401/1/56 358/1/2
f 384/1/2 402/1/2 217/1/2
f 217/1/2 402/1/2 403/1/2
f 217/1/2 403/1/2 404/1/2
f 405/1/2 406/1/2 216/1/2
f 216/1/2 406/1/2 407/1/2
f 216/1/2 407/1/2 379/1/63
f 206/1/2 205/1/57 215/1/2
f 215/1/2 205/1/57 408/1/56
f 215/1/2 408/1/56 409/1/67
f 409/1/67 410/1/68 215/1/2
f 215/1/2 410/1/68 411/1/57
f 215/1/2 411/1/57 412/1/2
f 412/1/2 413/1/66 215/1/2
f 215/1/2 413/1/66 414/1/66
f 215/1/2 414/1/66 385/1/2
f 392/1/2 415/1/2 214/1/2
f 214/1/2 415/1/2 416/1/2
f 214/1/2 416/1/2 417/1/2
f 417/1/2 418/1/2 214/1/2
f 214/1/2 418/1/2 419/1/2
f 214/1/2 419/1/2 352/1/56
f 420/1/2 421/1/57 220/1/2
f 220/1/2 421/1/57 422/1/2
f 220/1/2 422/1/2 222/1/56
f 221/1/2 423/1/2 214/1/2
f 214/1/2 423/1/2 424/1/57
f 214/1/2 424/1/57 425/1/2
f 425/1/2 426/1/57 214/1/2
f 214/1/2 426/1/57 427/1/2
f 214/1/2 427/1/2 391/1/56
f 397/1/63 428/1/2 220/1/2
f 220/1/2 428/1/2 429/1/2
f 220/1/2 429/1/2 430/1/2
f 431/1/59 432/1/64 217/1/2
f 217/1/2 432/1/64 433/1/2
f 217/1/2 433/1/2 434/1/2
f 434/1/2 435/1/2 217/1/2
f 217/1/2 435/1/2 436/1/2
f 217/1/2 436/1/2 351/1/56
f 404/1/2 437/1/2 217/1/2
f 217/1/2 437/1/2 438/1/2
f 217/1/2 438/1/2 431/1/59
f 388/1/61 439/1/61 215/1/2
f 215/1/2 439/1/61 440/1/2
f 215/1/2 440/1/2 359/1/61
f 83/1/2 441/1/59 216/1/2
f 216/1/2 441/1/59 442/1/2
f 216/1/2 442/1/2 443/1/2
f 444/1/2 445/1/57 213/1/2
f 213/1/2 445/1/57 446/1/2
f 213/1/2 446/1/2 206/1/2
f 210/1/57 209/1/56 213/1/2
f 213/1/2 209/1/56 447/1/2
f 213/1/2 447/1/2 448/1/2
f 430/1/2 449/1/55 220/1/2
f 220/1/2 449/1/55 450/1/55
f 220/1/2 450/1/55 451/1/2
f 443/1/2 452/1/58 216/1/2
f 216/1/2 452/1/58 453/1/58
f 216/1/2 453/1/58 405/1/2
f 390/1/57 454/1/2 213/1/2
f 213/1/2 454/1/2 455/1/56
f 213/1/2 455/1/56 444/1/2
f 448/1/2 456/1/56 213/1/2
f 213/1/2 456/1/56 457/1/57
f 213/1/2 457/1/57 458/1/59
f 458/1/59 459/1/59 213/1/2
f 213/1/2 459/1/59 460/1/2
f 213/1/2 460/1/2 389/1/2
f 451/1/2 461/1/58 220/1/2
f 220/1/2 461/1/58 462/1/58
f 220/1/2 462/1/58 420/1/2
f 153/1/69 463/1/70 113/1/71
f 113/1/71 463/1/70 464/1/72
f 113/1/71 464/1/72 114/1/73
f 114/1/73 464/1/72 465/1/74
f 114/1/73 465/1/74 115/1/75
f 115/1/75 465/1/74 466/1/76
f 115/1/75 466/1/76 116/1/77
f 116/1/77 466/1/76 467/1/78
f 116/1/77 467/1/78 154/1/79
f 154/1/79 467/1/78 468/1/80
f 154/1/79 468/1/80 155/1/81
f 155/1/81 468/1/80 469/1/82
f 155/1/81 469/1/82 156/1/83
f 156/1/83 469/1/82 470/1/84
f 156/1/83 470/1/84 157/1/85
f 157/1/85 470/1/84 471/1/86
f 157/1/85 471/1/86 158/1/87
f 158/1/87 471/1/86 472/1/88
f 158/1/87 472/1/88 117/1/89
f 117/1/89 472/1/88 473/1/90
f 117/1/89 473/1/90 118/1/91
f 118/1/91 473/1/90 474/1/92
f 118/1/91 474/1/92 119/1/93
f 119/1/93 474/1/92 475/1/94
f 119/1/93 475/1/94 159/1/95
f 159/1/95 475/1/94 476/1/96
f 159/1/95 476/1/96 160/1/97
f 160/1/97 476/1/96 477/1/98
f 160/1/97 477/1/98 92/1/99
f 92/1/99 477/1/98 478/1/100
f 92/1/99 478/1/100 93/1/101
f 93/1/101 478/1/100 479/1/102
f 93/1/101 479/1/102 161/1/103
f 161/1/103 479/1/102 480/1/104
f 161/1/103 480/1/104 162/1/105
f 162/1/105 480/1/104 481/1/106
f 162/1/105 481/1/106 120/1/107
f 120/1/107 481/1/106 482/1/108
f 120/1/107 482/1/108 121/1/109
f 121/1/109 482/1/108 483/1/110
f 121/1/109 483/1/110 163/1/111
f 163/1/111 483/1/110 484/1/112
f 163/1/111 484/1/112 164/1/113
f 164/1/113 484/1/112 485/1/114
f 164/1/113 485/1/114 95/1/115
f 95/1/115 485/1/114 486/1/116
f 95/1/115 486/1/116 96/1/117
f 96/1/117 486/1/116 487/1/118
f 96/1/117 487/1/118 176/1/119
f 176/1/119 487/1/118 488/1/120
f 176/1/119 488/1/120 177/1/121
f 177/1/121 488/1/120 489/1/122
f 177/1/121 489/1/122 178/1/123
f 178/1/123 489/1/122 490/1/124
f 178/1/123 490/1/124 179/1/125
f 179/1/125 490/1/124 491/1/126
f 179/1/125 491/1/126 180/1/127
f 180/1/127 491/1/126 492/1/128
f 180/1/127 492/1/128 181/1/129
f 181/1/129 492/1/128 493/1/130
f 181/1/129 493/1/130 122/1/131
f 122/1/131 493/1/130 494/1/132
f 122/1/131 494/1/132 123/1/133
f 123/1/133 494/1/132 495/1/134
f 123/1/133 495/1/134 125/1/135
f 125/1/135 495/1/134 496/1/136
f 125/1/135 496/1/136 126/1/137
f 126/1/137 496/1/136 497/1/138
f 126/1/137 497/1/138 127/1/139
f 127/1/139 497/1/138 498/1/140
f 127/1/139 498/1/140 128/1/141
f 128/1/141 498/1/140 499/1/142
f 128/1/141 499/1/142 129/1/143
f 129/1/143 499/1/142 500/1/144
f 129/1/143 500/1/144 165/1/145
f 165/1/145 500/1/144 501/1/146
f 165/1/145 501/1/146 166/1/147
f 166/1/147 501/1/146 502/1/148
f 166/1/147 502/1/148 130/1/149
f 130/1/149 502/1/148 503/1/150
f 130/1/149 503/1/150 131/1/151
f 131/1/151 503/1/150 504/1/152
f 131/1/151 504/1/152 167/1/153
f 167/1/153 504/1/152 505/1/154
f 167/1/153 505/1/154 168/1/155
f 168/1/155 505/1/154 506/1/156
f 168/1/155 506/1/156 169/1/157
f 169/1/157 506/1/156 507/1/158
f 169/1/157 507/1/158 194/1/159
f 194/1/159 507/1/158 508/1/160
f 194/1/159 508/1/160 195/1/161
f 195/1/161 508/1/160 509/1/162
f 195/1/161 509/1/162 196/1/163
f 196/1/163 509/1/162 510/1/164
f 196/1/163 510/1/164 197/1/165
f 197/1/165 510/1/164 511/1/166
f 197/1/165 511/1/166 198/1/167
f 198/1/167 511/1/166 512/1/168
f 198/1/167 512/1/168 199/1/169
f 199/1/169 512/1/168 513/1/170
f 199/1/169 513/1/170 200/1/171
f 200/1/171 513/1/170 514/1/172
f 200/1/171 514/1/172 201/1/173
f 201/1/173 514/1/172 515/1/174
f 201/1/173 515/1/174 202/1/175
f 202/1/175 515/1/174 516/1/176
f 202/1/175 516/1/176 203/1/177
f 203/1/177 516/1/176 517/1/178
f 203/1/177 517/1/178 204/1/179
f 204/1/179 517/1/178 518/1/180
f 204/1/179 518/1/180 182/1/181
f 182/1/181 518/1/180 519/1/182
f 182/1/181 519/1/182 183/1/183
f 183/1/183 519/1/182 520/1/184
f 183/1/183 520/1/184 184/1/185
f 184/1/185 520/1/184 521/1/186
f 184/1/185 521/1/186 185/1/187
f 185/1/187 521/1/186 522/1/188
f 185/1/187 522/1/188 106/1/189
f 106/1/189 522/1/188 523/1/190
f 106/1/189 523/1/190 107/1/191
f 107/1/191 523/1/190 524/1/192
f 107/1/191 524/1/192 132/1/193
f 132/1/193 524/1/192 525/1/194
f 132/1/193 525/1/194 133/1/195
f 133/1/195 525/1/194 526/1/196
f 133/1/195 526/1/196 134/1/197
f 134/1/197 526/1/196 527/1/198
f 134/1/197 527/1/198 135/1/199
f 135/1/199 527/1/198 528/1/200
f 135/1/199 528/1/200 136/1/201
f 136/1/201 528/1/200 529/1/202
f 136/1/201 529/1/202 137/1/203
f 137/1/203 529/1/202 530/1/204
f 137/1/203 530/1/204 170/1/205
f 170/1/205 530/1/204 531/1/206
f 170/1/205 531/1/206 171/1/207
f 171/1/207 531/1/206 532/1/208
f 171/1/207 532/1/208 172/1/209
f 172/1/209 532/1/208 533/1/210
f 172/1/209 533/1/210 186/1/211
f 186/1/211 533/1/210 534/1/212
f 186/1/211 534/1/212 187/1/213
f 187/1/213 534/1/212 535/1/214
f 187/1/213 535/1/214 188/1/215
f 188/1/215 535/1/214 536/1/216
f 188/1/215 536/1/216 189/1/217
f 189/1/217 536/1/216 537/1/218
f 189/1/217 537/1/218 190/1/219
f 190/1/219 537/1/218 538/1/220
f 190/1/219 538/1/220 191/1/221
f 191/1/221 538/1/220 539/1/222
f 191/1/221 539/1/222 192/1/223
f 192/1/223 539/1/222 540/1/224
f 192/1/223 540/1/224 193/1/225
f 193/1/225 540/1/224 541/1/226
f 193/1/225 541/1/226 173/1/227
f 173/1/227 541/1/226 542/1/228
f 173/1/227 542/1/228 174/1/229
f 174/1/229 542/1/228 543/1/230
f 174/1/229 543/1/230 175/1/231
f 175/1/231 543/1/230 544/1/232
f 175/1/231 544/1/232 97/1/233
f 97/1/233 544/1/232 545/1/234
f 97/1/233 545/1/234 98/1/235
f 98/1/235 545/1/234 546/1/236
f 98/1/235 546/1/236 100/1/237
f 100/1/237 546/1/236 547/1/238
f 100/1/237 547/1/238 101/1/239
f 101/1/239 547/1/238 548/1/240
f 101/1/239 548/1/240 108/1/241
f 108/1/241 548/1/240 549/1/242
f 108/1/241 549/1/242 109/1/243
f 109/1/243 549/1/242 550/1/244
f 109/1/243 550/1/244 103/1/245
f 103/1/245 550/1/244 551/1/246
f 103/1/245 551/1/246 102/1/247
f 102/1/247 551/1/246 552/1/248
f 102/1/247 552/1/248 88/1/249
f 88/1/249 552/1/248 553/1/250
f 88/1/249 553/1/250 87/1/251
f 87/1/251 553/1/250 554/1/252
f 87/1/251 554/1/252 86/1/253
f 86/1/253 554/1/252 555/1/254
f 86/1/253 555/1/254 110/1/255
f 110/1/255 555/1/254 556/1/256
f 110/1/255 556/1/256 111/1/257
f 111/1/257 556/1/256 557/1/258
f 111/1/257 557/1/258 112/1/259
f 112/1/259 557/1/258 558/1/260
f 112/1/259 558/1/260 138/1/261
f 138/1/261 558/1/260 559/1/262
f 138/1/261 559/1/262 139/1/263
f 139/1/263 559/1/262 560/1/264
f 139/1/263 560/1/264 140/1/265
f 140/1/265 560/1/264 561/1/266
f 140/1/265 561/1/266 141/1/267
f 141/1/267 561/1/266 562/1/268
f 141/1/267 562/1/268 142/1/269
f 142/1/269 562/1/268 563/1/270
f 142/1/269 563/1/270 143/1/271
f 143/1/271 563/1/270 564/1/272
f 143/1/271 564/1/272 144/1/273
f 144/1/273 564/1/272 565/1/274
f 144/1/273 565/1/274 145/1/275
f 145/1/275 565/1/274 566/1/276
f 145/1/275 566/1/276 146/1/277
f 146/1/277 566/1/276 567/1/278
f 146/1/277 567/1/278 147/1/279
f 147/1/279 567/1/278 568/1/280
f 147/1/279 568/1/280 148/1/281
f 148/1/281 568/1/280 569/1/282
f 148/1/281 569/1/282 89/1/283
f 89/1/283 569/1/282 570/1/284
f 89/1/283 570/1/284 84/1/285
f 84/1/285 570/1/284 571/1/286
f 84/1/285 571/1/286 85/1/287
f 85/1/287 571/1/286 572/1/288
f 85/1/287 572/1/288 149/1/289
f 149/1/289 572/1/288 573/1/290
f 149/1/289 573/1/290 150/1/291
f 150/1/291 573/1/290 574/1/292
f 150/1/291 574/1/292 90/1/293
f 90/1/293 574/1/292 575/1/294
f 90/1/293 575/1/294 91/1/295
f 91/1/295 575/1/294 576/1/296
f 91/1/295 576/1/296 104/1/297
f 104/1/297 576/1/296 577/1/298
f 104/1/297 577/1/298 105/1/299
f 105/1/299 577/1/298 578/1/300
f 105/1/299 578/1/300 81/1/301
f 81/1/301 578/1/300 579/1/302
f 81/1/301 579/1/302 82/1/303
f 82/1/303 579/1/302 580/1/304
f 82/1/303 580/1/304 151/1/305
f 151/1/305 580/1/304 581/1/306
f 151/1/305 581/1/306 152/1/307
f 152/1/307 581/1/306 582/1/308
f 152/1/307 582/1/308 153/1/69
f 153/1/69 582/1/308 463/1/70
f 463/1/309 583/1/310 464/1/311
f 464/1/311 583/1/310 584/1/312
f 464/1/311 584/1/312 465/1/313
f 465/1/313 584/1/312 585/1/314
f 465/1/313 585/1/314 466/1/315
f 466/1/315 585/1/314 586/1/316
f 466/1/315 586/1/316 467/1/317
f 467/1/317 586/1/316 587/1/318
f 467/1/317 587/1/318 468/1/319
f 468/1/319 587/1/318 588/1/320
f 468/1/319 588/1/320 469/1/321
f 469/1/321 588/1/320 589/1/322
f 469/1/321 589/1/322 470/1/323
f 470/1/323 589/1/322 590/1/324
f 470/1/323 590/1/324 471/1/325
f 471/1/325 590/1/324 591/1/326
f 471/1/325 591/1/326 472/1/327
f 472/1/327 591/1/326 592/1/328
f 472/1/327 592/1/328 473/1/329
f 473/1/329 592/1/328 593/1/330
f 473/1/329 593/1/330 474/1/331
f 474/1/331 593/1/330 594/1/332
f 474/1/331 594/1/332 475/1/333
f 475/1/333 594/1/332 595/1/334
f 475/1/333 595/1/334 476/1/335
f 476/1/335 595/1/334 596/1/336
f 476/1/335 596/1/336 477/1/337
f 477/1/337 596/1/336 597/1/338
f 477/1/337 597/1/338 478/1/339
f 478/1/339 597/1/338 598/1/340
f 478/1/339 598/1/340 479/1/341
f 479/1/341 598/1/340 599/1/342
f 479/1/341 599/1/342 480/1/343
f 480/1/343 599/1/342 600/1/344
f 480/1/343 600/1/344 481/1/345
f 481/1/345 600/1/344 601/1/346
f 481/1/345 601/1/346 482/1/347
f 482/1/347 601/1/346 602/1/348
f 482/1/347 602/1/348 483/1/349
f 483/1/349 602/1/348 603/1/350
f 483/1/351 603/1/351 484/1/352
f 484/1/352 603/1/351 604/1/352
f 484/1/353 604/1/354 485/1/354
f 485/1/354 604/1/354 605/1/355
f 485/1/356 605/1/356 486/1/356
f 486/1/356 605/1/356 606/1/356
f 486/1/357 606/1/357 487/1/357
f 487/1/357 606/1/357 607/1/357
f 487/1/358 607/1/358 488/1/359
f 488/1/359 607/1/358 608/1/359
f 488/1/360 608/1/360 489/1/360
f 489/1/360 608/1/360 609/1/361
f 489/1/362 609/1/362 490/1/362
f 490/1/362 609/1/362 610/1/362
f 490/1/363 610/1/363 491/1/363
f 491/1/363 610/1/363 611/1/363
f 491/1/364 611/1/364 492/1/364
f 492/1/364 611/1/364 612/1/365
f 492/1/366 612/1/366 493/1/366
f 493/1/366 612/1/366 613/1/366
f 493/1/367 613/1/367 494/1/367
f 494/1/367 613/1/367 614/1/367
f 494/1/368 614/1/368 495/1/368
f 495/1/368 614/1/368 615/1/368
f 495/1/369 615/1/369 496/1/369
f 496/1/369 615/1/369 616/1/369
f 496/1/370 616/1/370 497/1/371
f 497/1/371 616/1/370 617/1/371
f 497/1/372 617/1/372 498/1/372
f 498/1/372 617/1/372 618/1/372
f 498/1/373 618/1/373 499/1/373
f 499/1/373 618/1/373 619/1/373
f 499/1/374 619/1/374 500/1/375
f 500/1/375 619/1/374 620/1/375
f 500/1/376 620/1/376 501/1/377
f 501/1/377 620/1/376 621/1/377
f 501/1/378 621/1/379 502/1/380
f 502/1/380 621/1/379 622/1/381
f 502/1/380 622/1/381 503/1/382
f 503/1/382 622/1/381 623/1/383
f 503/1/382 623/1/383 504/1/384
f 504/1/384 623/1/383 624/1/385
f 504/1/384 624/1/385 505/1/386
f 505/1/386 624/1/385 625/1/387
f 505/1/386 625/1/387 506/1/388
f 506/1/388 625/1/387 626/1/389
f 506/1/388 626/1/389 507/1/390
f 507/1/390 626/1/389 627/1/391
f 507/1/390 627/1/391 508/1/392
f 508/1/392 627/1/391 628/1/393
f 508/1/392 628/1/393 509/1/394
f 509/1/394 628/1/393 629/1/395
f 509/1/394 629/1/395 510/1/396
f 510/1/396 629/1/395 630/1/397
f 510/1/396 630/1/397 511/1/398
f 511/1/398 630/1/397 631/1/399
f 511/1/398 631/1/399 512/1/400
f 512/1/400 631/1/399 632/1/401
f 512/1/400 632/1/401 513/1/402
f 513/1/402 632/1/401 633/1/403
f 513/1/402 633/1/403 514/1/404
f 514/1/404 633/1/403 634/1/405
f 514/1/404 634/1/405 515/1/406
f 515/1/406 634/1/405 635/1/407
f 515/1/406 635/1/407 516/1/408
f 516/1/408 635/1/407 636/1/409
f 516/1/408 636/1/409 517/1/410
f 517/1/410 636/1/409 637/1/411
f 517/1/410 637/1/411 518/1/412
f 518/1/412 637/1/411 638/1/413
f 518/1/412 638/1/413 519/1/414
f 519/1/414 638/1/413 639/1/415
f 519/1/414 639/1/415 520/1/416
f 520/1/416 639/1/415 640/1/417
f 520/1/416 640/1/417 521/1/418
f 521/1/418 640/1/417 641/1/419
f 521/1/418 641/1/419 522/1/420
f 522/1/420 641/1/419 642/1/421
f 522/1/420 642/1/421 523/1/422
f 523/1/422 642/1/421 643/1/423
f 523/1/422 643/1/423 524/1/424
f 524/1/424 643/1/423 644/1/425
f 524/1/424 644/1/425 525/1/426
f 525/1/426 644/1/425 645/1/427
f 525/1/426 645/1/427 526/1/428
f 526/1/428 645/1/427 646/1/429
f 526/1/428 646/1/429 527/1/430
f 527/1/430 646/1/429 647/1/431
f 527/1/430 647/1/431 528/1/432
f 528/1/432 647/1/431 648/1/433
f 528/1/432 648/1/433 529/1/434
f 529/1/434 648/1/433 649/1/435
f 529/1/434 649/1/435 530/1/436
f 530/1/436 649/1/435 650/1/437
f 530/1/436 650/1/437 531/1/438
f 531/1/438 650/1/437 651/1/439
f 531/1/438 651/1/439 532/1/440
f 532/1/440 651/1/439 652/1/441
f 532/1/440 652/1/441 533/1/442
f 533/1/442 652/1/441 653/1/443
f 533/1/442 653/1/443 534/1/444
f 534/1/444 653/1/443 654/1/445
f 534/1/444 654/1/445 535/1/446
f 535/1/446 654/1/445 655/1/447
f 535/1/446 655/1/447 536/1/448
f 536/1/448 655/1/447 656/1/449
f 536/1/448 656/1/449 537/1/450
f 537/1/450 656/1/449 657/1/451
f 537/1/450 657/1/451 538/1/452
f 538/1/452 657/1/451 658/1/453
f 538/1/452 658/1/453 539/1/454
f 539/1/454 658/1/453 659/1/455
f 539/1/454 659/1/455 540/1/456
f 540/1/456 659/1/455 660/1/457
f 540/1/456 660/1/457 541/1/458
f 541/1/458 660/1/457 661/1/459
f 541/1/458 661/1/459 542/1/460
f 542/1/460 661/1/459 662/1/461
f 542/1/460 662/1/461 543/1/462
f 543/1/462 662/1/461 663/1/463
f 543/1/464 663/1/465 544/1/466
f 544/1/466 663/1/465 664/1/466
f 544/1/467 664/1/467 545/1/468
f 545/1/468 664/1/467 665/1/468
f 545/1/469 665/1/469 546/1/470
f 546/1/470 665/1/469 666/1/470
f 546/1/471 666/1/471 547/1/472
f 547/1/472 666/1/471 667/1/472
f 547/1/473 667/1/473 548/1/473
f 548/1/473 667/1/473 668/1/473
f 548/1/474 668/1/474 549/1/474
f 549/1/474 668/1/474 669/1/474
f 549/1/475 669/1/475 550/1/475
f 550/1/475 669/1/475 670/1/476
f 550/1/477 670/1/477 551/1/477
f 551/1/477 670/1/477 671/1/477
f 551/1/478 671/1/478 552/1/478
f 552/1/478 671/1/478 672/1/479
f 552/1/480 672/1/480 553/1/480
f 553/1/480 672/1/480 673/1/480
f 553/1/481 673/1/482 554/1/481
f 554/1/481 673/1/482 674/1/483
f 554/1/484 674/1/484 555/1/484
f 555/1/484 674/1/484 675/1/484
f 555/1/485 675/1/485 556/1/485
f 556/1/485 675/1/485 676/1/485
f 556/1/486 676/1/486 557/1/486
f 557/1/486 676/1/486 677/1/486
f 557/1/487 677/1/487 558/1/487
f 558/1/487 677/1/487 678/1/488
f 558/1/489 678/1/490 559/1/491
f 559/1/491 678/1/490 679/1/491
f 559/1/492 679/1/492 560/1/492
f 560/1/492 679/1/492 680/1/492
f 560/1/493 680/1/493 561/1/494
f 561/1/494 680/1/493 681/1/494
f 561/1/495 681/1/495 562/1/496
f 562/1/496 681/1/495 682/1/497
f 562/1/496 682/1/497 563/1/498
f 563/1/498 682/1/497 683/1/499
f 563/1/498 683/1/499 564/1/500
f 564/1/500 683/1/499 684/1/501
f 564/1/500 684/1/501 565/1/502
f 565/1/502 684/1/501 685/1/503
f 565/1/502 685/1/503 566/1/504
f 566/1/504 685/1/503 686/1/505
f 566/1/504 686/1/505 567/1/506
f 567/1/506 686/1/505 687/1/507
f 567/1/506 687/1/507 568/1/508
f 568/1/508 687/1/507 688/1/509
f 568/1/508 688/1/509 569/1/510
f 569/1/510 688/1/509 689/1/511
f 569/1/510 689/1/511 570/1/512
f 570/1/512 689/1/511 690/1/513
f 570/1/512 690/1/513 571/1/514
f 571/1/514 690/1/513 691/1/515
f 571/1/514 691/1/515 572/1/516
f 572/1/516 691/1/515 692/1/517
f 572/1/516 692/1/517 573/1/518
f 573/1/518 692/1/517 693/1/519
f 573/1/518 693/1/519 574/1/520
f 574/1/520 693/1/519 694/1/521
f 574/1/520 694/1/521 575/1/522
f 575/1/522 694/1/521 695/1/523
f 575/1/522 695/1/523 576/1/524
f 576/1/524 695/1/523 696/1/525
f 576/1/524 696/1/525 577/1/526
f 577/1/526 696/1/525 697/1/527
f 577/1/526 697/1/527 578/1/528
f 578/1/528 697/1/527 698/1/529
f 578/1/528 698/1/529 579/1/530
f 579/1/530 698/1/529 699/1/531
f 579/1/530 699/1/531 580/1/532
f 580/1/532 699/1/531 700/1/533
f 580/1/532 700/1/533 581/1/534
f 581/1/534 700/1/533 701/1/535
f 581/1/534 701/1/535 582/1/536
f 582/1/536 701/1/535 702/1/537
f 582/1/536 702/1/537 463/1/309
f 463/1/309 702/1/537 583/1/310
f 583/1/538 703/1/539 584/1/540
f 584/1/540 703/1/539 704/1/541
f 584/1/540 704/1/541 585/1/542
f 585/1/542 704/1/541 705/1/543
f 585/1/542 705/1/543 586/1/544
f 586/1/544 705/1/543 706/1/545
f 586/1/544 706/1/545 587/1/546
f 587/1/546 706/1/545 707/1/547
f 587/1/546 707/1/547 588/1/548
f 588/1/548 707/1/547 708/1/549
f 588/1/548 708/1/549 589/1/550
f 589/1/550 708/1/549 709/1/551
f 589/1/550 709/1/551 590/1/552
f 590/1/552 709/1/551 710/1/553
f 590/1/552 710/1/553 591/1/554
f 591/1/554 710/1/553 711/1/555
f 591/1/554 711/1/555 592/1/556
f 592/1/556 711/1/555 712/1/557
f 592/1/556 712/1/557 593/1/558
f 593/1/558 712/1/557 713/1/559
f 593/1/558 713/1/559 594/1/560
f 594/1/560 713/1/559 714/1/560
f 594/1/561 714/1/561 595/1/562
f 595/1/562 714/1/561 715/1/562
f 595/1/563 715/1/563 596/1/564
f 596/1/564 715/1/563 716/1/564
f 596/1/565 716/1/565 597/1/566
f 597/1/566 716/1/565 717/1/566
f 597/1/567 717/1/568 598/1/569
f 598/1/569 717/1/568 718/1/570
f 598/1/571 718/1/571 599/1/572
f 599/1/572 718/1/571 719/1/572
f 599/1/573 719/1/573 600/1/574
f 600/1/574 719/1/573 720/1/574
f 600/1/575 720/1/576 601/1/576
f 601/1/576 720/1/576 721/1/576
f 601/1/577 721/1/577 602/1/577
f 602/1/577 721/1/577 722/1/578
f 602/1/579 722/1/579 603/1/579
f 603/1/579 722/1/579 723/1/579
f 603/1/580 723/1/580 604/1/581
f 604/1/581 723/1/580 724/1/581
f 604/1/582 724/1/582 605/1/583
f 605/1/583 724/1/582 725/1/583
f 605/1/584 725/1/584 606/1/584
f 606/1/584 725/1/584 726/1/584
f 606/1/585 726/1/585 607/1/586
f 607/1/586 726/1/585 727/1/587
f 607/1/588 727/1/588 608/1/589
f 608/1/589 727/1/588 728/1/589
f 608/1/590 728/1/591 609/1/591
f 609/1/591 728/1/591 729/1/591
f 609/1/592 729/1/592 610/1/593
f 610/1/593 729/1/592 730/1/593
f 610/1/594 730/1/595 611/1/596
f 611/1/596 730/1/595 731/1/597
f 611/1/598 731/1/598 612/1/598
f 612/1/598 731/1/598 732/1/598
f 612/1/599 732/1/599 613/1/599
f 613/1/599 732/1/599 733/1/599
f 613/1/600 733/1/600 614/1/601
f 614/1/601 733/1/600 734/1/601
f 614/1/602 734/1/603 615/1/603
f 615/1/603 734/1/603 735/1/604
f 615/1/605 735/1/605 616/1/606
f 616/1/606 735/1/605 736/1/607
f 616/1/608 736/1/608 617/1/609
f 617/1/609 736/1/608 737/1/610
f 617/1/611 737/1/611 618/1/612
f 618/1/612 737/1/611 738/1/612
f 618/1/613 738/1/613 619/1/613
f 619/1/613 738/1/613 739/1/613
f 619/1/614 739/1/614 620/1/615
f 620/1/615 739/1/614 740/1/615
f 620/1/616 740/1/616 621/1/617
f 621/1/617 740/1/616 741/1/617
f 621/1/618 741/1/618 622/1/618
f 622/1/618 741/1/618 742/1/618
f 622/1/619 742/1/620 623/1/620
f 623/1/620 742/1/620 743/1/620
f 623/1/621 743/1/622 624/1/622
f 624/1/622 743/1/622 744/1/622
f 624/1/623 744/1/623 625/1/624
f 625/1/624 744/1/623 745/1/624
f 625/1/625 745/1/626 626/1/627
f 626/1/627 745/1/626 746/1/627
f 626/1/628 746/1/628 627/1/629
f 627/1/629 746/1/628 747/1/629
f 627/1/630 747/1/631 628/1/632
f 628/1/632 747/1/631 748/1/633
f 628/1/634 748/1/634 629/1/635
f 629/1/635 748/1/634 749/1/635
f 629/1/636 749/1/636 630/1/636
f 630/1/636 749/1/636 750/1/636
f 630/1/637 750/1/637 631/1/638
f 631/1/638 750/1/637 751/1/639
f 631/1/638 751/1/639 632/1/640
f 632/1/640 751/1/639 752/1/641
f 632/1/640 752/1/641 633/1/642
f 633/1/642 752/1/641 753/1/643
f 633/1/642 753/1/643 634/1/644
f 634/1/644 753/1/643 754/1/645
f 634/1/644 754/1/645 635/1/646
f 635/1/646 754/1/645 755/1/647
f 635/1/646 755/1/647 636/1/648
f 636/1/648 755/1/647 756/1/649
f 636/1/648 756/1/649 637/1/650
f 637/1/650 756/1/649 757/1/651
f 637/1/650 757/1/651 638/1/652
f 638/1/652 757/1/651 758/1/653
f 638/1/652 758/1/653 639/1/654
f 639/1/654 758/1/653 759/1/655
f 639/1/654 759/1/655 640/1/656
f 640/1/656 759/1/655 760/1/657
f 640/1/656 760/1/657 641/1/658
f 641/1/658 760/1/657 761/1/659
f 641/1/658 761/1/659 642/1/660
f 642/1/660 761/1/659 762/1/661
f 642/1/660 762/1/661 643/1/662
f 643/1/662 762/1/661 763/1/663
f 643/1/662 763/1/663 644/1/664
f 644/1/664 763/1/663 764/1/665
f 644/1/664 764/1/665 645/1/666
f 645/1/666 764/1/665 765/1/667
f 645/1/666 765/1/667 646/1/668
f 646/1/668 765/1/667 766/1/669
f 646/1/668 766/1/669 647/1/670
f 647/1/670 766/1/669 767/1/671
f 647/1/670 767/1/671 648/1/672
f 648/1/672 767/1/671 768/1/673
f 648/1/672 768/1/673 649/1/674
f 649/1/674 768/1/673 769/1/675
f 649/1/674 769/1/675 650/1/676
f 650/1/676 769/1/675 770/1/677
f 650/1/676 770/1/677 651/1/678
f 651/1/678 770/1/677 771/1/679
f 651/1/678 771/1/679 652/1/680
f 652/1/680 771/1/679 772/1/681
f 652/1/680 772/1/681 653/1/682
f 653/1/682 772/1/681 773/1/683
f 653/1/682 773/1/683 654/1/684
f 654/1/684 773/1/683 774/1/685
f 654/1/686 774/1/687 655/1/688
f 655/1/688 774/1/687 775/1/689
f 655/1/690 775/1/691 656/1/692
f 656/1/692 775/1/691 776/1/692
f 656/1/693 776/1/693 657/1/694
f 657/1/694 776/1/693 777/1/694
f 657/1/695 777/1/695 658/1/696
f 658/1/696 777/1/695 778/1/697
f 658/1/698 778/1/698 659/1/699
f 659/1/699 778/1/698 779/1/699
f 659/1/700 779/1/700 660/1/701
f 660/1/701 779/1/700 780/1/701
f 660/1/702 780/1/702 661/1/703
f 661/1/703 780/1/702 781/1/703
f 661/1/704 781/1/705 662/1/706
f 662/1/706 781/1/705 782/1/706
f 662/1/707 782/1/708 663/1/709
f 663/1/709 782/1/708 783/1/709
f 663/1/710 783/1/710 664/1/711
f 664/1/711 783/1/710 784/1/712
f 664/1/713 784/1/713 665/1/714
f 665/1/714 784/1/713 785/1/714
f 665/1/715 785/1/716 666/1/717
f 666/1/717 785/1/716 786/1/718
f 666/1/719 786/1/719 667/1/720
f 667/1/720 786/1/719 787/1/720
f 667/1/721 787/1/722 668/1/723
f 668/1/723 787/1/722 788/1/723
f 668/1/724 788/1/724 669/1/724
f 669/1/724 788/1/724 789/1/724
f 669/1/725 789/1/725 670/1/725
f 670/1/725 789/1/725 790/1/725
f 670/1/726 790/1/727 671/1/726
f 671/1/726 790/1/727 791/1/728
f 671/1/729 791/1/730 672/1/730
f 672/1/730 791/1/730 792/1/730
f 672/1/731 792/1/731 673/1/732
f 673/1/732 792/1/731 793/1/732
f 673/1/733 793/1/733 674/1/734
f 674/1/734 793/1/733 794/1/733
f 674/1/735 794/1/735 675/1/735
f 675/1/735 794/1/735 795/1/735
f 675/1/736 795/1/736 676/1/736
f 676/1/736 795/1/736 796/1/736
f 676/1/737 796/1/737 677/1/738
f 677/1/738 796/1/737 797/1/739
f 677/1/740 797/1/740 678/1/741
f 678/1/741 797/1/740 798/1/741
f 678/1/742 798/1/742 679/1/743
f 679/1/743 798/1/742 799/1/743
f 679/1/744 799/1/745 680/1/746
f 680/1/746 799/1/745 800/1/746
f 680/1/747 800/1/748 681/1/749
f 681/1/749 800/1/748 801/1/749
f 681/1/750 801/1/750 682/1/750
f 682/1/750 801/1/750 802/1/750
f 682/1/751 802/1/752 683/1/753
f 683/1/753 802/1/752 803/1/753
f 683/1/754 803/1/754 684/1/755
f 684/1/755 803/1/754 804/1/755
f 684/1/756 804/1/756 685/1/757
f 685/1/757 804/1/756 805/1/758
f 685/1/759 805/1/759 686/1/760
f 686/1/760 805/1/759 806/1/760
f 686/1/761 806/1/761 687/1/761
f 687/1/761 806/1/761 807/1/761
f 687/1/762 807/1/762 688/1/763
f 688/1/763 807/1/762 808/1/763
f 688/1/764 808/1/764 689/1/765
f 689/1/765 808/1/764 809/1/765
f 689/1/766 809/1/767 690/1/768
f 690/1/768 809/1/767 810/1/768
f 690/1/769 810/1/770 691/1/771
f 691/1/771 810/1/770 811/1/772
f 691/1/771 811/1/772 692/1/773
f 692/1/773 811/1/772 812/1/774
f 692/1/773 812/1/774 693/1/775
f 693/1/775 812/1/774 813/1/776
f 693/1/775 813/1/776 694/1/777
f 694/1/777 813/1/776 814/1/778
f 694/1/777 814/1/778 695/1/779
f 695/1/779 814/1/778 815/1/780
f 695/1/779 815/1/780 696/1/781
f 696/1/781 815/1/780 816/1/782
f 696/1/781 816/1/782 697/1/783
f 697/1/783 816/1/782 817/1/784
f 697/1/783 817/1/784 698/1/785
f 698/1/785 817/1/784 818/1/786
f 698/1/785 818/1/786 699/1/787
f 699/1/787 818/1/786 819/1/788
f 699/1/787 819/1/788 700/1/789
f 700/1/789 819/1/788 820/1/790
f 700/1/789 820/1/790 701/1/791
f 701/1/791 820/1/790 821/1/792
f 701/1/791 821/1/792 702/1/793
f 702/1/793 821/1/792 822/1/794
f 702/1/793 822/1/794 583/1/538
f 583/1/538 822/1/794 703/1/539
f 703/1/795 823/1/796 704/1/797
f 704/1/797 823/1/796 824/1/798
f 704/1/797 824/1/798 705/1/799
f 705/1/799 824/1/798 825/1/800
f 705/1/799 825/1/800 706/1/801
f 706/1/801 825/1/800 826/1/802
f 706/1/801 826/1/802 707/1/803
f 707/1/803 826/1/802 827/1/804
f 707/1/803 827/1/804 708/1/805
f 708/1/805 827/1/804 828/1/806
f 708/1/805 828/1/806 709/1/807
f 709/1/807 828/1/806 829/1/808
f 709/1/807 829/1/808 710/1/809
f 710/1/809 829/1/808 830/1/810
f 710/1/809 830/1/810 711/1/811
f 711/1/811 830/1/810 831/1/812
f 711/1/813 831/1/814 712/1/815
f 712/1/815 831/1/814 832/1/816
f 712/1/817 832/1/818 713/1/819
f 713/1/819 832/1/818 833/1/820
f 713/1/821 833/1/822 714/1/823
f 714/1/823 833/1/822 834/1/823
f 714/1/824 834/1/825 715/1/826
f 715/1/826 834/1/825 835/1/827
f 715/1/828 835/1/829 716/1/830
f 716/1/830 835/1/829 836/1/830
f 716/1/831 836/1/831 717/1/832
f 717/1/832 836/1/831 837/1/833
f 717/1/834 837/1/834 718/1/834
f 718/1/834 837/1/834 838/1/835
f 718/1/836 838/1/837 719/1/838
f 719/1/838 838/1/837 839/1/838
f 719/1/839 839/1/839 720/1/840
f 720/1/840 839/1/839 840/1/840
f 720/1/841 840/1/842 721/1/843
f 721/1/843 840/1/842 841/1/844
f 721/1/845 841/1/846 722/1/846
f 722/1/846 841/1/846 842/1/846
f 722/1/847 842/1/847 723/1/847
f 723/1/847 842/1/847 843/1/848
f 723/1/849 843/1/850 724/1/851
f 724/1/851 843/1/850 844/1/849
f 724/1/852 844/1/852 725/1/853
f 725/1/853 844/1/852 845/1/853
f 725/1/854 845/1/854 726/1/854
f 726/1/854 845/1/854 846/1/855
f 726/1/856 846/1/856 727/1/856
f 727/1/856 846/1/856 847/1/856
f 727/1/857 847/1/858 728/1/858
f 728/1/858 847/1/858 848/1/858
f 728/1/859 848/1/859 729/1/860
f 729/1/860 848/1/859 849/1/859
f 729/1/861 849/1/861 730/1/862
f 730/1/862 849/1/861 850/1/862
f 730/1/863 850/1/863 731/1/864
f 731/1/864 850/1/863 851/1/864
f 731/1/865 851/1/865 732/1/866
f 732/1/866 851/1/865 852/1/867
f 732/1/868 852/1/869 733/1/870
f 733/1/870 852/1/869 853/1/870
f 733/1/871 853/1/872 734/1/873
f 734/1/873 853/1/872 854/1/874
f 734/1/875 854/1/876 735/1/877
f 735/1/877 854/1/876 855/1/877
f 735/1/878 855/1/878 736/1/878
f 736/1/878 855/1/878 856/1/878
f 736/1/879 856/1/879 737/1/879
f 737/1/879 856/1/879 857/1/880
f 737/1/881 857/1/882 738/1/883
f 738/1/883 857/1/882 858/1/883
f 738/1/884 858/1/884 739/1/884
f 739/1/884 858/1/884 859/1/884
f 739/1/885 859/1/886 740/1/886
f 740/1/886 859/1/886 860/1/887
f 740/1/888 860/1/888 741/1/889
f 741/1/889 860/1/888 861/1/890
f 741/1/891 861/1/892 742/1/892
f 742/1/892 861/1/892 862/1/893
f 742/1/894 862/1/894 743/1/895
f 743/1/895 862/1/894 863/1/896
f 743/1/897 863/1/898 744/1/899
f 744/1/899 863/1/898 864/1/899
f 744/1/900 864/1/900 745/1/901
f 745/1/901 864/1/900 865/1/901
f 745/1/902 865/1/902 746/1/903
f 746/1/903 865/1/902 866/1/902
f 746/1/904 866/1/905 747/1/906
f 747/1/906 866/1/905 867/1/906
f 747/1/907 867/1/908 748/1/907
f 748/1/907 867/1/908 868/1/907
f 748/1/909 868/1/910 749/1/911
f 749/1/911 868/1/910 869/1/911
f 749/1/912 869/1/913 750/1/913
f 750/1/913 869/1/913 870/1/914
f 750/1/915 870/1/915 751/1/916
f 751/1/916 870/1/915 871/1/917
f 751/1/918 871/1/919 752/1/920
f 752/1/920 871/1/919 872/1/921
f 752/1/922 872/1/922 753/1/923
f 753/1/923 872/1/922 873/1/923
f 753/1/924 873/1/924 754/1/925
f 754/1/925 873/1/924 874/1/926
f 754/1/925 874/1/926 755/1/927
f 755/1/927 874/1/926 875/1/928
f 755/1/927 875/1/928 756/1/929
f 756/1/929 875/1/928 876/1/930
f 756/1/929 876/1/930 757/1/931
f 757/1/931 876/1/930 877/1/932
f 757/1/931 877/1/932 758/1/933
f 758/1/933 877/1/932 878/1/934
f 758/1/933 878/1/934 759/1/935
f 759/1/935 878/1/934 879/1/936
f 759/1/935 879/1/936 760/1/937
f 760/1/937 879/1/936 880/1/938
f 760/1/937 880/1/938 761/1/939
f 761/1/939 880/1/938 881/1/940
f 761/1/939 881/1/940 762/1/941
f 762/1/941 881/1/940 882/1/942
f 762/1/941 882/1/942 763/1/943
f 763/1/943 882/1/942 883/1/944
f 763/1/943 883/1/944 764/1/945
f 764/1/945 883/1/944 884/1/946
f 764/1/945 884/1/946 765/1/947
f 765/1/947 884/1/946 885/1/948
f 765/1/947 885/1/948 766/1/949
f 766/1/949 885/1/948 886/1/950
f 766/1/949 886/1/950 767/1/951
f 767/1/951 886/1/950 887/1/952
f 767/1/951 887/1/952 768/1/953
f 768/1/953 887/1/952 888/1/954
f 768/1/953 888/1/954 769/1/955
f 769/1/955 888/1/954 889/1/956
f 769/1/955 889/1/956 770/1/957
f 770/1/957 889/1/956 890/1/958
f 770/1/957 890/1/958 771/1/959
f 771/1/959 890/1/958 891/1/960
f 771/1/961 891/1/961 772/1/962
f 772/1/962 891/1/961 892/1/963
f 772/1/964 892/1/965 773/1/966
f 773/1/966 892/1/965 893/1/966
f 773/1/967 893/1/967 774/1/967
f 774/1/967 893/1/967 894/1/967
f 774/1/968 894/1/969 775/1/970
f 775/1/970 894/1/969 895/1/971
f 775/1/972 895/1/973 776/1/974
f 776/1/974 895/1/973 896/1/975
f 776/1/976 896/1/976 777/1/977
f 777/1/977 896/1/976 897/1/978
f 777/1/979 897/1/979 778/1/980
f 778/1/980 897/1/979 898/1/980
f 778/1/981 898/1/982 779/1/983
f 779/1/983 898/1/982 899/1/984
f 779/1/985 899/1/985 780/1/986
f 780/1/986 899/1/985 900/1/987
f 780/1/988 900/1/989 781/1/990
f 781/1/990 900/1/989 901/1/991
f 781/1/992 901/1/993 782/1/994
f 782/1/994 901/1/993 902/1/995
f 782/1/996 902/1/996 783/1/997
f 783/1/997 902/1/996 903/1/998
f 783/1/999 903/1/1000 784/1/999
f 784/1/999 903/1/1000 904/1/1001
f 784/1/1002 904/1/1002 785/1/1003
f 785/1/1003 904/1/1002 905/1/1002
f 785/1/1004 905/1/1004 786/1/1004
f 786/1/1004 905/1/1004 906/1/1004
f 786/1/1005 906/1/1005 787/1/1006
f 787/1/1006 906/1/1005 907/1/1006
f 787/1/1007 907/1/1007 788/1/1008
f 788/1/1008 907/1/1007 908/1/1008
f 788/1/1009 908/1/1009 789/1/1010
f 789/1/1010 908/1/1009 909/1/1011
f 789/1/1012 909/1/1012 790/1/1012
f 790/1/1012 909/1/1012 910/1/1012
f 790/1/1013 910/1/1014 791/1/1014
f 791/1/1014 910/1/1014 911/1/1014
f 791/1/1015 911/1/1015 792/1/1015
f 792/1/1015 911/1/1015 912/1/1015
f 792/1/1016 912/1/1016 793/1/1016
f 793/1/1016 912/1/1016 913/1/1016
f 793/1/1017 913/1/1017 794/1/1018
f 794/1/1018 913/1/1017 914/1/1018
f 794/1/1019 914/1/1019 795/1/1019
f 795/1/1019 914/1/1019 915/1/1019
f 795/1/1020 915/1/1020 796/1/1020
f 796/1/1020 915/1/1020 916/1/1021
f 796/1/1022 916/1/1022 797/1/1023
f 797/1/1023 916/1/1022 917/1/1023
f 797/1/1024 917/1/1024 798/1/1025
f 798/1/1025 917/1/1024 918/1/1025
f 798/1/1026 918/1/1026 799/1/1026
f 799/1/1026 918/1/1026 919/1/1026
f 799/1/1027 919/1/1028 800/1/1029
f 800/1/1029 919/1/1028 920/1/1030
f 800/1/1031 920/1/1031 801/1/1032
f 801/1/1032 920/1/1031 921/1/1032
f 801/1/1033 921/1/1034 802/1/1035
f 802/1/1035 921/1/1034 922/1/1036
f 802/1/1037 922/1/1038 803/1/1039
f 803/1/1039 922/1/1038 923/1/1040
f 803/1/1041 923/1/1042 804/1/1043
f 804/1/1043 923/1/1042 924/1/1044
f 804/1/1045 924/1/1045 805/1/1045
f 805/1/1045 924/1/1045 925/1/1045
f 805/1/1046 925/1/1046 806/1/1047
f 806/1/1047 925/1/1046 926/1/1047
f 806/1/1048 926/1/1048 807/1/1048
f 807/1/1048 926/1/1048 927/1/1049
f 807/1/1050 927/1/1051 808/1/1050
f 808/1/1050 927/1/1051 928/1/1050
f 808/1/1052 928/1/1053 809/1/1054
f 809/1/1054 928/1/1053 929/1/1055
f 809/1/1056 929/1/1057 810/1/1058
f 810/1/1058 929/1/1057 930/1/1059
f 810/1/1060 930/1/1061 811/1/1062
f 811/1/1062 930/1/1061 931/1/1062
f 811/1/1063 931/1/1063 812/1/1064
f 812/1/1064 931/1/1063 932/1/1064
f 812/1/1065 932/1/1066 813/1/1067
f 813/1/1067 932/1/1066 933/1/1067
f 813/1/1068 933/1/1069 814/1/1070
f 814/1/1070 933/1/1069 934/1/1071
f 814/1/1070 934/1/1071 815/1/1072
f 815/1/1072 934/1/1071 935/1/1073
f 815/1/1072 935/1/1073 816/1/1074
f 816/1/1074 935/1/1073 936/1/1075
f 816/1/1074 936/1/1075 817/1/1076
f 817/1/1076 936/1/1075 937/1/1077
f 817/1/1076 937/1/1077 818/1/1078
f 818/1/1078 937/1/1077 938/1/1079
f 818/1/1078 938/1/1079 819/1/1080
f 819/1/1080 938/1/1079 939/1/1081
f 819/1/1080 939/1/1081 820/1/1082
f 820/1/1082 939/1/1081 940/1/1083
f 820/1/1082 940/1/1083 821/1/1084
f 821/1/1084 940/1/1083 941/1/1085
f 821/1/1084 941/1/1085 822/1/1086
f 822/1/1086 941/1/1085 942/1/1087
f 822/1/1086 942/1/1087 703/1/795
f 703/1/795 942/1/1087 823/1/796
f 823/1/1088 943/1/1089 824/1/1090
f 824/1/1090 943/1/1089 944/1/1091
f 824/1/1090 944/1/1091 825/1/1092
f 825/1/1092 944/1/1091 945/1/1093
f 825/1/1092 945/1/1093 826/1/1094
f 826/1/1094 945/1/1093 946/1/1095
f 826/1/1094 946/1/1095 827/1/1096
f 827/1/1096 946/1/1095 947/1/1097
f 827/1/1096 947/1/1097 828/1/1098
f 828/1/1098 947/1/1097 948/1/1099
f 828/1/1098 948/1/1099 829/1/1100
f 829/1/1100 948/1/1099 949/1/1101
f 829/1/1100 949/1/1101 830/1/1102
f 830/1/1102 949/1/1101 950/1/1102
f 830/1/1103 950/1/1104 831/1/1105
f 831/1/1105 950/1/1104 951/1/1105
f 831/1/1106 951/1/1106 832/1/1107
f 832/1/1107 951/1/1106 952/1/1107
f 832/1/1108 952/1/1108 833/1/1109
f 833/1/1109 952/1/1108 953/1/1109
f 833/1/1110 953/1/1110 834/1/1111
f 834/1/1111 953/1/1110 954/1/1112
f 834/1/1113 954/1/1114 835/1/1115
f 835/1/1115 954/1/1114 955/1/1116
f 835/1/1117 955/1/1117 836/1/1118
f 836/1/1118 955/1/1117 956/1/1119
f 836/1/1120 956/1/1121 837/1/1122
f 837/1/1122 956/1/1121 957/1/1123
f 837/1/1124 957/1/1124 838/1/1125
f 838/1/1125 957/1/1124 958/1/1125
f 838/1/1126 958/1/1126 839/1/1127
f 839/1/1127 958/1/1126 959/1/1127
f 839/1/1128 959/1/1129 840/1/1129
f 840/1/1129 959/1/1129 960/1/1129
f 840/1/1130 960/1/1130 841/1/1131
f 841/1/1131 960/1/1130 961/1/1131
f 841/1/1132 961/1/1132 842/1/1133
f 842/1/1133 961/1/1132 962/1/1134
f 842/1/1135 962/1/1135 843/1/1136
f 843/1/1136 962/1/1135 963/1/1136
f 843/1/1137 963/1/1138 844/1/1139
f 844/1/1139 963/1/1138 964/1/1140
f 844/1/1141 964/1/1141 845/1/1141
f 845/1/1141 964/1/1141 965/1/1141
f 845/1/1142 965/1/1142 846/1/1143
f 846/1/1143 965/1/1142 966/1/1143
f 846/1/1144 966/1/1144 847/1/1145
f 847/1/1145 966/1/1144 967/1/1145
f 847/1/1146 967/1/1146 848/1/1146
f 848/1/1146 967/1/1146 968/1/1146
f 848/1/1147 968/1/1147 849/1/1147
f 849/1/1147 968/1/1147 969/1/1148
f 849/1/1149 969/1/1150 850/1/1151
f 850/1/1151 969/1/1150 970/1/1150
f 850/1/1152 970/1/1153 851/1/1154
f 851/1/1154 970/1/1153 971/1/1155
f 851/1/1156 971/1/1156 852/1/1157
f 852/1/1157 971/1/1156 972/1/1158
f 852/1/1159 972/1/1159 853/1/1160
f 853/1/1160 972/1/1159 973/1/1160
f 853/1/1161 973/1/1161 854/1/1162
f 854/1/1162 973/1/1161 974/1/1163
f 854/1/1164 974/1/1165 855/1/1165
f 855/1/1165 974/1/1165 975/1/1165
f 855/1/1166 975/1/1166 856/1/1167
f 856/1/1167 975/1/1166 976/1/1167
f 856/1/1168 976/1/1168 857/1/1168
f 857/1/1168 976/1/1168 977/1/1168
f 857/1/1169 977/1/1170 858/1/1171
f 858/1/1171 977/1/1170 978/1/1172
f 858/1/1173 978/1/1173 859/1/1174
f 859/1/1174 978/1/1173 979/1/1174
f 859/1/1175 979/1/1175 860/1/1176
f 860/1/1176 979/1/1175 980/1/1176
f 860/1/1177 980/1/1178 861/1/1179
f 861/1/1179 980/1/1178 981/1/1179
f 861/1/1180 981/1/1180 862/1/1181
f 862/1/1181 981/1/1180 982/1/1181
f 862/1/1182 982/1/1182 863/1/1183
f 863/1/1183 982/1/1182 983/1/1184
f 863/1/1185 983/1/1185 864/1/1185
f 864/1/1185 983/1/1185 984/1/1185
f 864/1/1186 984/1/1186 865/1/1186
f 865/1/1186 984/1/1186 985/1/1186
f 865/1/1187 985/1/1187 866/1/1188
f 866/1/1188 985/1/1187 986/1/1188
f 866/1/1189 986/1/1189 867/1/1190
f 867/1/1190 986/1/1189 987/1/1190
f 867/1/1191 987/1/1192 868/1/1193
f 868/1/1193 987/1/1192 988/1/1193
f 868/1/1194 988/1/1194 869/1/1195
f 869/1/1195 988/1/1194 989/1/1196
f 869/1/1197 989/1/1197 870/1/1198
f 870/1/1198 989/1/1197 990/1/1198
f 870/1/1199 990/1/1200 871/1/1201
f 871/1/1201 990/1/1200 991/1/1201
f 871/1/1202 991/1/1202 872/1/1203
f 872/1/1203 991/1/1202 992/1/1203
f 872/1/1204 992/1/1205 873/1/1206
f 873/1/1206 992/1/1205 993/1/1206
f 873/1/1207 993/1/1207 874/1/1207
f 874/1/1207 993/1/1207 994/1/1208
f 874/1/1209 994/1/1209 875/1/1210
f 875/1/1210 994/1/1209 995/1/1211
f 875/1/1210 995/1/1211 876/1/1212
f 876/1/1212 995/1/1211 996/1/1213
f 876/1/1212 996/1/1213 877/1/1214
f 877/1/1214 996/1/1213 997/1/1215
f 877/1/1214 997/1/1215 878/1/1216
f 878/1/1216 997/1/1215 998/1/1217
f 878/1/1216 998/1/1217 879/1/1218
f 879/1/1218 998/1/1217 999/1/1219
f 879/1/1218 999/1/1219 880/1/1220
f 880/1/1220 999/1/1219 1000/1/1221
f 880/1/1220 1000/1/1221 881/1/1222
f 881/1/1222 1000/1/1221 1001/1/1223
f 881/1/1222 1001/1/1223 882/1/1224
f 937/1/1225 1002/1/1226 938/1/1227
f 938/1/1227 1002/1/1226 1003/1/1228
f 938/1/1227 1003/1/1228 939/1/1229
f 939/1/1229 1003/1/1228 1004/1/1230
f 939/1/1229 1004/1/1230 940/1/1231
f 940/1/1231 1004/1/1230 1005/1/1232
f 940/1/1231 1005/1/1232 941/1/1233
f 941/1/1233 1005/1/1232 1006/1/1234
f 941/1/1233 1006/1/1234 942/1/1235
f 942/1/1235 1006/1/1234 1007/1/1236
f 942/1/1235 1007/1/1236 823/1/1088
f 823/1/1088 1007/1/1236 943/1/1089
f 77/1/29 79/1/4 315/1/1237
f 77/1/29 315/1/1237 384/1/1238
f 384/1/1239 315/1/1239 314/1/1239
f 384/1/1239 314/1/1239 402/1/1239
f 402/1/1240 314/1/1240 313/1/1240
f 402/1/1240 313/1/1240 403/1/1240
f 403/1/1241 313/1/1241 336/1/1241
f 403/1/1241 336/1/1241 404/1/1241
f 404/1/1242 336/1/1243 335/1/1243
f 404/1/1242 335/1/1243 437/1/1242
f 437/1/1244 335/1/1245 260/1/1245
f 437/1/1244 260/1/1245 438/1/1244
f 438/1/1246 260/1/1247 259/1/1247
f 438/1/1246 259/1/1247 431/1/1246
f 431/1/1248 259/1/1248 341/1/1248
f 431/1/1248 341/1/1248 432/1/1248
f 432/1/1249 341/1/1249 340/1/1249
f 432/1/1249 340/1/1249 433/1/1249
f 433/1/1250 340/1/1251 339/1/1251
f 433/1/1250 339/1/1251 434/1/1250
f 434/1/1252 339/1/1253 338/1/1253
f 434/1/1252 338/1/1253 435/1/1254
f 435/1/1254 338/1/1253 337/1/1254
f 435/1/1254 337/1/1254 436/1/1255
f 436/1/1255 337/1/1254 319/1/1256
f 436/1/1255 319/1/1256 351/1/1257
f 351/1/1257 319/1/1256 318/1/1258
f 351/1/1257 318/1/1258 350/1/1259
f 350/1/1259 318/1/1258 73/1/27
f 350/1/1259 73/1/27 75/1/3
f 80/1/31 78/1/30 383/1/1260
f 80/1/31 383/1/1260 287/1/1260
f 287/1/1261 383/1/1261 382/1/1261
f 287/1/1261 382/1/1261 288/1/1261
f 288/1/1262 382/1/1262 381/1/1263
f 288/1/1262 381/1/1263 289/1/1262
f 289/1/1264 381/1/1265 380/1/1265
f 289/1/1264 380/1/1265 290/1/1264
f 290/1/1266 380/1/1266 377/1/1266
f 290/1/1266 377/1/1266 291/1/1266
f 291/1/1267 377/1/1268 378/1/1268
f 291/1/1267 378/1/1268 292/1/1267
f 292/1/1269 378/1/1270 379/1/1270
f 292/1/1269 379/1/1270 293/1/1269
f 293/1/1271 379/1/1271 407/1/1271
f 293/1/1271 407/1/1271 255/1/1271
f 255/1/1272 407/1/1272 406/1/1272
f 255/1/1272 406/1/1272 256/1/1272
f 256/1/1273 406/1/1274 405/1/1274
f 256/1/1273 405/1/1274 257/1/1273
f 257/1/1275 405/1/1275 453/1/1275
f 257/1/1275 453/1/1275 258/1/1275
f 258/1/1276 453/1/1277 452/1/1277
f 258/1/1276 452/1/1277 308/1/1276
f 308/1/1278 452/1/1279 443/1/1280
f 308/1/1278 443/1/1280 309/1/1278
f 309/1/1281 443/1/1281 442/1/1281
f 309/1/1281 442/1/1281 240/1/1281
f 240/1/1282 442/1/1282 441/1/1282
f 240/1/1282 441/1/1282 241/1/1283
f 241/1/1284 441/1/1284 83/1/1285
f 241/1/1284 83/1/1285 94/1/1284
f 205/1/32 207/1/33 282/1/1286
f 205/1/32 282/1/1286 408/1/32
f 408/1/1287 282/1/1288 281/1/1288
f 408/1/1287 281/1/1288 409/1/1287
f 409/1/1289 281/1/1290 280/1/1290
f 409/1/1289 280/1/1290 410/1/1289
f 410/1/1291 280/1/1291 279/1/1291
f 410/1/1291 279/1/1291 411/1/1292
f 411/1/1293 279/1/1294 276/1/1294
f 411/1/1293 276/1/1294 412/1/1293
f 412/1/1295 276/1/1296 277/1/1296
f 412/1/1295 277/1/1296 413/1/1295
f 413/1/1297 277/1/1298 278/1/1297
f 413/1/1297 278/1/1297 414/1/1297
f 414/1/1299 278/1/1299 286/1/1299
f 414/1/1299 286/1/1299 385/1/1299
f 385/1/1300 286/1/1300 285/1/1300
f 385/1/1300 285/1/1300 386/1/1300
f 386/1/1301 285/1/1302 284/1/1302
f 386/1/1301 284/1/1302 387/1/1303
f 387/1/1304 284/1/1305 334/1/1306
f 387/1/1304 334/1/1306 388/1/1305
f 388/1/1307 334/1/1307 333/1/1307
f 388/1/1307 333/1/1307 439/1/1308
f 439/1/1309 333/1/1310 312/1/1310
f 439/1/1309 312/1/1310 440/1/1311
f 440/1/1312 312/1/1313 311/1/1313
f 440/1/1312 311/1/1313 359/1/1312
f 359/1/1314 311/1/1315 310/1/1316
f 359/1/1314 310/1/1316 360/1/1314
f 360/1/1317 310/1/1317 124/1/1318
f 360/1/1317 124/1/1318 99/1/1319
f 208/1/34 206/1/6 446/1/1320
f 208/1/34 446/1/1320 283/1/34
f 283/1/1321 446/1/1321 445/1/1321
f 283/1/1321 445/1/1321 305/1/1321
f 305/1/1322 445/1/1323 444/1/1323
f 305/1/1322 444/1/1323 306/1/1322
f 306/1/1324 444/1/1325 455/1/1325
f 306/1/1324 455/1/1325 307/1/1324
f 307/1/1326 455/1/1327 454/1/1327
f 307/1/1326 454/1/1327 331/1/1326
f 331/1/1328 454/1/1328 390/1/1328
f 331/1/1328 390/1/1328 332/1/1328
f 332/1/1329 390/1/1329 389/1/1329
f 332/1/1329 389/1/1329 299/1/1329
f 299/1/1330 389/1/1330 460/1/1330
f 299/1/1330 460/1/1330 300/1/1330
f 300/1/1331 460/1/1332 459/1/1332
f 300/1/1331 459/1/1332 301/1/1331
f 301/1/1333 459/1/1334 458/1/1335
f 301/1/1333 458/1/1335 302/1/1336
f 302/1/1336 458/1/1335 457/1/1337
f 302/1/1336 457/1/1337 303/1/1338
f 303/1/1338 457/1/1337 456/1/1338
f 303/1/1338 456/1/1338 304/1/1339
f 304/1/1339 456/1/1338 448/1/1339
f 304/1/1339 448/1/1339 231/1/1340
f 231/1/1340 448/1/1339 447/1/1340
f 231/1/1340 447/1/1340 232/1/1341
f 232/1/1341 447/1/1340 209/1/35
f 232/1/1341 209/1/35 211/1/7
f 221/1/37 223/1/39 233/1/1342
f 221/1/37 233/1/1342 423/1/1343
f 423/1/1344 233/1/1345 230/1/1346
f 423/1/1344 230/1/1346 424/1/1344
f 424/1/1347 230/1/1348 229/1/1348
f 424/1/1347 229/1/1348 425/1/1347
f 425/1/1349 229/1/1350 228/1/1350
f 425/1/1349 228/1/1350 426/1/1349
f 426/1/1351 228/1/1352 226/1/1352
f 426/1/1351 226/1/1352 427/1/1351
f 427/1/1353 226/1/1354 225/1/1354
f 427/1/1353 225/1/1354 391/1/1353
f 391/1/1355 225/1/1356 227/1/1356
f 391/1/1355 227/1/1356 392/1/1357
f 392/1/1358 227/1/1359 254/1/1359
f 392/1/1358 254/1/1359 415/1/1358
f 415/1/1360 254/1/1361 253/1/1361
f 415/1/1360 253/1/1361 416/1/1360
f 416/1/1362 253/1/1363 252/1/1362
f 416/1/1362 252/1/1362 417/1/1364
f 417/1/1364 252/1/1362 251/1/1365
f 417/1/1364 251/1/1365 418/1/1366
f 418/1/1366 251/1/1365 250/1/1366
f 418/1/1366 250/1/1366 419/1/1367
f 419/1/1367 250/1/1366 239/1/1367
f 419/1/1367 239/1/1367 352/1/1368
f 352/1/1368 239/1/1367 238/1/1369
f 352/1/1368 238/1/1369 353/1/1370
f 353/1/1370 238/1/1369 212/1/36
f 353/1/1370 212/1/36 210/1/7
f 224/1/40 222/1/38 422/1/1371
f 224/1/40 422/1/1371 234/1/1372
f 234/1/1373 422/1/1374 421/1/1374
f 234/1/1373 421/1/1374 235/1/1375
f 235/1/1376 421/1/1377 420/1/1377
f 235/1/1376 420/1/1377 236/1/1378
f 236/1/1379 420/1/1380 462/1/1381
f 236/1/1379 462/1/1381 237/1/1379
f 237/1/1382 462/1/1383 461/1/1382
f 237/1/1382 461/1/1382 273/1/1383
f 273/1/1384 461/1/1384 451/1/1384
f 273/1/1384 451/1/1384 274/1/1384
f 274/1/1385 451/1/1386 450/1/1387
f 274/1/1385 450/1/1387 275/1/1385
f 275/1/1388 450/1/1389 449/1/1389
f 275/1/1388 449/1/1389 326/1/1388
f 326/1/1390 449/1/1390 430/1/1390
f 326/1/1390 430/1/1390 327/1/1390
f 327/1/1391 430/1/1392 429/1/1392
f 327/1/1391 429/1/1392 328/1/1393
f 328/1/1394 429/1/1395 428/1/1396
f 328/1/1394 428/1/1396 342/1/1397
f 342/1/1398 428/1/1399 397/1/1398
f 342/1/1398 397/1/1398 343/1/1400
f 343/1/1401 397/1/1402 396/1/1402
f 343/1/1401 396/1/1402 247/1/1403
f 247/1/1404 396/1/1404 395/1/1404
f 247/1/1404 395/1/1404 248/1/1404
f 248/1/1405 395/1/1406 349/1/1406
f 248/1/1405 349/1/1406 249/1/1405
f 344/1/51 245/1/53 246/1/1407
f 344/1/51 246/1/1407 368/1/1408
f 368/1/1409 246/1/1410 325/1/1410
f 368/1/1409 325/1/1410 369/1/1411
f 369/1/1412 325/1/1413 324/1/1413
f 369/1/1412 324/1/1413 370/1/1413
f 370/1/1414 324/1/1415 323/1/1416
f 370/1/1414 323/1/1416 371/1/1414
f 371/1/1417 323/1/1418 322/1/1419
f 371/1/1417 322/1/1419 372/1/1419
f 372/1/1420 322/1/1421 321/1/1420
f 372/1/1420 321/1/1420 373/1/1422
f 373/1/1423 321/1/1423 320/1/1423
f 373/1/1423 320/1/1423 361/1/1423
f 361/1/1424 320/1/1424 330/1/1424
f 361/1/1424 330/1/1424 362/1/1424
f 362/1/1425 330/1/1426 329/1/1426
f 362/1/1425 329/1/1426 393/1/1425
f 393/1/1427 329/1/1428 298/1/1428
f 393/1/1427 298/1/1428 394/1/1427
f 394/1/1429 298/1/1429 297/1/1430
f 394/1/1429 297/1/1430 346/1/1430
f 346/1/1431 297/1/1432 296/1/1432
f 346/1/1431 296/1/1432 347/1/1431
f 347/1/1433 296/1/1434 272/1/1434
f 347/1/1433 272/1/1434 354/1/1435
f 354/1/1436 272/1/1436 271/1/1436
f 354/1/1436 271/1/1436 355/1/1436
f 355/1/1437 271/1/1438 270/1/1438
f 355/1/1437 270/1/1438 348/1/1437
f 244/1/54 345/1/52 367/1/1439
f 244/1/54 367/1/1439 264/1/1440
f 264/1/1441 367/1/1442 366/1/1443
f 264/1/1441 366/1/1443 265/1/1441
f 265/1/1444 366/1/1445 365/1/1445
f 265/1/1444 365/1/1445 266/1/1444
f 266/1/1446 365/1/1447 364/1/1447
f 266/1/1446 364/1/1447 267/1/1446
f 267/1/1448 364/1/1449 363/1/1449
f 267/1/1448 363/1/1449 268/1/1448
f 268/1/1450 363/1/1451 399/1/1451
f 268/1/1450 399/1/1451 269/1/1450
f 269/1/1452 399/1/1453 398/1/1453
f 269/1/1452 398/1/1453 294/1/1452
f 294/1/1454 398/1/1454 356/1/1454
f 294/1/1454 356/1/1454 295/1/1454
f 295/1/1455 356/1/1456 357/1/1456
f 295/1/1455 357/1/1456 261/1/1457
f 261/1/1457 357/1/1456 358/1/1458
f 261/1/1457 358/1/1458 262/1/1459
f 262/1/1459 358/1/1458 401/1/1460
f 262/1/1459 401/1/1460 263/1/1461
f 263/1/1461 401/1/1460 400/1/1462
f 263/1/1461 400/1/1462 316/1/1463
f 316/1/1463 400/1/1462 376/1/1463
f 316/1/1463 376/1/1463 317/1/1464
f 317/1/1464 376/1/1463 375/1/1465
f 317/1/1464 375/1/1465 242/1/1466
f 242/1/1466 375/1/1465 374/1/1466
f 242/1/1466 374/1/1466 243/1/28
f 243/1/28 374/1/1466 76/1/28
f 243/1/28 76/1/28 74/1/3
f 910/1/1467 909/1/1467 1008/1/1468
f 1002/1/1469 936/1/1470 1008/1/1468
f 349/1/9 270/1/9 249/1/9
f 888/1/1471 887/1/1471 1008/1/1468
f 887/1/1471 886/1/1472 1008/1/1468
f 886/1/1472 885/1/1472 1008/1/1468
f 885/1/1472 884/1/1472 1008/1/1468
f 884/1/1472 883/1/1472 1008/1/1468
f 883/1/1472 882/1/1473 1008/1/1468
f 882/1/1473 1001/1/1474 1008/1/1468
f 1001/1/1474 1000/1/1475 1008/1/1468
f 1000/1/1475 999/1/1475 1008/1/1468
f 999/1/1475 998/1/1475 1008/1/1468
f 998/1/1475 997/1/1476 1008/1/1468
f 997/1/1476 996/1/1476 1008/1/1468
f 996/1/1476 995/1/1476 1008/1/1468
f 995/1/1476 994/1/1476 1008/1/1468
f 994/1/1476 993/1/1476 1008/1/1468
f 993/1/1476 992/1/1476 1008/1/1468
f 992/1/1476 991/1/1477 1008/1/1468
f 991/1/1477 990/1/1477 1008/1/1468
f 990/1/1477 989/1/1477 1008/1/1468
f 989/1/1477 988/1/1477 1008/1/1468
f 988/1/1477 987/1/1477 1008/1/1468
f 987/1/1477 986/1/1478 1008/1/1468
f 986/1/1478 985/1/1478 1008/1/1468
f 985/1/1478 984/1/1478 1008/1/1468
f 984/1/1478 983/1/1479 1008/1/1468
f 983/1/1479 982/1/1479 1008/1/1468
f 982/1/1479 981/1/1479 1008/1/1468
f 981/1/1479 980/1/1479 1008/1/1468
f 980/1/1479 979/1/1480 1008/1/1468
f 979/1/1480 978/1/1480 1008/1/1468
f 978/1/1480 977/1/1480 1008/1/1468
f 977/1/1480 976/1/1481 1008/1/1468
f 976/1/1481 975/1/1481 1008/1/1468
f 975/1/1481 974/1/1481 1008/1/1468
f 974/1/1481 973/1/1482 1008/1/1468
f 973/1/1482 972/1/1482 1008/1/1468
f 1008/1/1468 912/1/1482 911/1/1482
f 889/1/1471 888/1/1471 1008/1/1468
f 891/1/1471 890/1/1471 1008/1/1468
f 890/1/1471 889/1/1471 1008/1/1468
f 893/1/1483 892/1/1471 1008/1/1468
f 892/1/1471 891/1/1471 1008/1/1468
f 895/1/1483 894/1/1483 1008/1/1468
f 894/1/1483 893/1/1483 1008/1/1468
f 897/1/1483 896/1/1483 1008/1/1468
f 896/1/1483 895/1/1483 1008/1/1468
f 899/1/1484 898/1/1484 1008/1/1468
f 898/1/1484 897/1/1483 1008/1/1468
f 901/1/1485 900/1/1484 1008/1/1468
f 900/1/1484 899/1/1484 1008/1/1468
f 903/1/1485 902/1/1485 1008/1/1468
f 902/1/1485 901/1/1485 1008/1/1468
f 905/1/1486 904/1/1485 1008/1/1468
f 904/1/1485 903/1/1485 1008/1/1468
f 907/1/1486 906/1/1486 1008/1/1468
f 906/1/1486 905/1/1486 1008/1/1468
f 909/1/1467 908/1/1467 1008/1/1468
f 908/1/1467 907/1/1486 1008/1/1468
f 911/1/1482 910/1/1467 1008/1/1468
f 1008/1/1468 972/1/1482 971/1/1482
f 971/1/1482 970/1/1467 1008/1/1468
f 970/1/1467 969/1/1467 1008/1/1468
f 969/1/1467 968/1/1467 1008/1/1468
f 968/1/1467 967/1/1486 1008/1/1468
f 967/1/1486 966/1/1486 1008/1/1468
f 966/1/1486 965/1/1486 1008/1/1468
f 965/1/1486 964/1/1485 1008/1/1468
f 964/1/1485 963/1/1485 1008/1/1468
f 963/1/1485 962/1/1485 1008/1/1468
f 962/1/1485 961/1/1485 1008/1/1468
f 961/1/1485 960/1/1484 1008/1/1468
f 960/1/1484 959/1/1484 1008/1/1468
f 959/1/1484 958/1/1484 1008/1/1468
f 958/1/1484 957/1/1483 1008/1/1468
f 957/1/1483 956/1/1483 1008/1/1468
f 956/1/1483 955/1/1483 1008/1/1468
f 955/1/1483 954/1/1483 1008/1/1468
f 954/1/1483 953/1/1483 1008/1/1468
f 953/1/1483 952/1/1471 1008/1/1468
f 952/1/1471 951/1/1471 1008/1/1468
f 951/1/1471 950/1/1471 1008/1/1468
f 950/1/1471 949/1/1471 1008/1/1468
f 949/1/1471 948/1/1471 1008/1/1468
f 948/1/1471 947/1/1471 1008/1/1468
f 947/1/1471 946/1/1472 1008/1/1468
f 946/1/1472 945/1/1472 1008/1/1468
f 945/1/1472 944/1/1472 1008/1/1468
f 944/1/1472 943/1/1487 1008/1/1468
f 943/1/1487 1007/1/1487 1008/1/1468
f 1007/1/1487 1006/1/1487 1008/1/1468
f 1006/1/1487 1005/1/1472 1008/1/1468
f 1005/1/1472 1004/1/1472 1008/1/1468
f 1004/1/1472 1003/1/1472 1008/1/1468
f 1003/1/1472 1002/1/1469 1008/1/1468
f 1002/1/1226 937/1/1225 936/1/1488
f 936/1/1470 935/1/1476 1008/1/1468
f 935/1/1476 934/1/1476 1008/1/1468
f 934/1/1476 933/1/1476 1008/1/1468
f 933/1/1476 932/1/1476 1008/1/1468
f 932/1/1476 931/1/1477 1008/1/1468
f 931/1/1477 930/1/1477 1008/1/1468
f 930/1/1477 929/1/1477 1008/1/1468
f 929/1/1477 928/1/1477 1008/1/1468
f 928/1/1477 927/1/1477 1008/1/1468
f 927/1/1477 926/1/1478 1008/1/1468
f 926/1/1478 925/1/1478 1008/1/1468
f 925/1/1478 924/1/1478 1008/1/1468
f 924/1/1478 923/1/1479 1008/1/1468
f 923/1/1479 922/1/1479 1008/1/1468
f 922/1/1479 921/1/1479 1008/1/1468
f 921/1/1479 920/1/1479 1008/1/1468
f 920/1/1479 919/1/1480 1008/1/1468
f 919/1/1480 918/1/1480 1008/1/1468
f 918/1/1480 917/1/1480 1008/1/1468
f 917/1/1480 916/1/1481 1008/1/1468
f 916/1/1481 915/1/1481 1008/1/1468
f 915/1/1481 914/1/1481 1008/1/1468
f 914/1/1481 913/1/1482 1008/1/1468
f 913/1/1482 912/1/1482 1008/1/1468
f 349/1/9 348/1/9 270/1/9
f 1009/2/2 1010/3/2 1012/4/2 1011/5/2
f 1011/5/1489 1012/4/1489 1016/6/1489 1015/7/1489
f 1015/7/1 1016/6/1 1014/8/1 1013/9/1
f 1013/9/1490 1014/8/1490 1010/10/1490 1009/11/1490
f 1011/12/1491 1015/7/1491 1013/9/1491 1009/13/1491
f 1016/6/1492 1012/14/1492 1010/15/1492 1014/8/1492
