# Blender 4.4.3
# www.blender.org
mtllib Stylus.mtl
o graphic_pen
v 0.001649 -1.043904 -0.496901
v 0.001649 -1.043904 -0.496901
v 0.000385 -0.119569 -0.124564
v -0.085158 -1.043885 -0.489600
v -0.085160 -1.043885 -0.489600
v -0.021319 -0.119564 -0.122739
v -0.169378 -1.043825 -0.467337
v -0.169379 -1.043825 -0.467336
v -0.042373 -0.119549 -0.117173
v -0.248454 -1.043728 -0.430786
v -0.248454 -1.043728 -0.430786
v -0.062142 -0.119525 -0.108035
v -0.319981 -1.043595 -0.381059
v -0.319981 -1.043595 -0.381060
v -0.080023 -0.119491 -0.095604
v -0.381786 -1.043431 -0.319669
v -0.381786 -1.043431 -0.319669
v -0.095476 -0.119451 -0.080256
v -0.491902 -1.042803 -0.085582
v -0.431992 -1.043240 -0.248478
v -0.431991 -1.043240 -0.248480
v -0.108026 -0.119403 -0.062459
v -0.469073 -1.043029 -0.169650
v -0.469073 -1.043028 -0.169650
v -0.117297 -0.119350 -0.042752
v -0.491902 -1.042803 -0.085581
v -0.123004 -0.119293 -0.021735
v -0.492485 -1.042337 0.087981
v -0.499786 -1.042570 0.001174
v -0.499786 -1.042569 0.001174
v -0.124975 -0.119235 -0.000045
v -0.433671 -1.041897 0.251277
v -0.492485 -1.042337 0.087982
v -0.123150 -0.119177 0.021656
v -0.470221 -1.042111 0.172202
v -0.470221 -1.042110 0.172203
v -0.117584 -0.119120 0.042711
v -0.433671 -1.041898 0.251276
v -0.108447 -0.119068 0.062478
v -0.383945 -1.041705 0.322803
v -0.383945 -1.041705 0.322803
v -0.096013 -0.119019 0.080362
v -0.322552 -1.041539 0.384609
v -0.322553 -1.041539 0.384608
v -0.080666 -0.118978 0.095813
v -0.172534 -1.041303 0.471895
v -0.251362 -1.041403 0.434814
v -0.251362 -1.041404 0.434814
v -0.062869 -0.118944 0.108365
v -0.172534 -1.041303 0.471895
v -0.043162 -0.118919 0.117635
v -0.088465 -1.041242 0.494724
v -0.088464 -1.041242 0.494724
v -0.022145 -0.118903 0.123342
v -0.001709 -1.041220 0.502608
v -0.001709 -1.041220 0.502608
v -0.000455 -0.118898 0.125313
v 0.169319 -1.041298 0.473043
v 0.085099 -1.041239 0.495307
v 0.085098 -1.041239 0.495307
v 0.021246 -0.118903 0.123488
v 0.248395 -1.041396 0.436493
v 0.169320 -1.041298 0.473043
v 0.042301 -0.118918 0.117922
v 0.248395 -1.041396 0.436493
v 0.062070 -0.118942 0.108784
v 0.381727 -1.041693 0.325375
v 0.319921 -1.041528 0.386767
v 0.319923 -1.041529 0.386765
v 0.079952 -0.118975 0.096353
v 0.381727 -1.041693 0.325375
v 0.095404 -0.119016 0.081004
v 0.431932 -1.041884 0.254185
v 0.431931 -1.041884 0.254188
v 0.107955 -0.119064 0.063207
v 0.469013 -1.042095 0.175357
v 0.469014 -1.042095 0.175355
v 0.117225 -0.119117 0.043501
v 0.491843 -1.042321 0.091288
v 0.491843 -1.042321 0.091286
v 0.122932 -0.119173 0.022482
v 0.499727 -1.042554 0.004533
v 0.499727 -1.042554 0.004534
v 0.124904 -0.119231 0.000794
v 0.492426 -1.042787 -0.082275
v 0.492426 -1.042787 -0.082275
v 0.123078 -0.119290 -0.020908
v 0.470162 -1.043013 -0.166495
v 0.470162 -1.043013 -0.166496
v 0.117512 -0.119346 -0.041963
v 0.433611 -1.043226 -0.245571
v 0.433612 -1.043226 -0.245570
v 0.108375 -0.119400 -0.061732
v 0.383885 -1.043418 -0.317097
v 0.383884 -1.043419 -0.317099
v 0.095943 -0.119448 -0.079614
v 0.322493 -1.043585 -0.378902
v 0.322493 -1.043585 -0.378902
v 0.080595 -0.119489 -0.095064
v 0.251302 -1.043719 -0.429107
v 0.251303 -1.043719 -0.429107
v 0.062797 -0.119523 -0.107616
v 0.172475 -1.043820 -0.466188
v 0.172475 -1.043820 -0.466188
v 0.043090 -0.119548 -0.116886
v 0.088405 -1.043882 -0.489017
v 0.088406 -1.043882 -0.489017
v 0.022072 -0.119564 -0.122594
v 0.000372 -0.118145 -0.121070
v -0.020722 -0.118139 -0.119296
v 0.021454 -0.118139 -0.119154
v -0.041187 -0.118125 -0.113886
v 0.041883 -0.118124 -0.113607
v -0.060403 -0.118102 -0.105004
v 0.061038 -0.118100 -0.104596
v -0.077784 -0.118069 -0.092920
v 0.078337 -0.118067 -0.092396
v -0.092802 -0.118029 -0.078002
v 0.093256 -0.118026 -0.077378
v -0.105003 -0.117983 -0.060703
v 0.105339 -0.117980 -0.059997
v -0.114013 -0.117932 -0.041548
v 0.114221 -0.117928 -0.040782
v -0.119561 -0.117877 -0.021119
v 0.119631 -0.117873 -0.020316
v -0.121476 -0.117820 -0.000038
v 0.121405 -0.117816 0.000778
v -0.119703 -0.117763 0.021056
v 0.119489 -0.117759 0.021860
v 0.113942 -0.117705 0.042288
v 0.104931 -0.117654 0.061444
v 0.092731 -0.117607 0.078743
v 0.077712 -0.117567 0.093661
v 0.060331 -0.117535 0.105745
v 0.041116 -0.117511 0.114626
v 0.020650 -0.117497 0.120036
v -0.000444 -0.117492 0.121811
v -0.021525 -0.117497 0.119895
v -0.041954 -0.117513 0.114347
v -0.061110 -0.117537 0.105337
v -0.078409 -0.117570 0.093137
v -0.093327 -0.117610 0.078118
v -0.105411 -0.117657 0.060737
v -0.114292 -0.117708 0.041522
v 0.000278 -0.118069 -0.093018
v -0.015944 -0.118066 -0.091653
v 0.016490 -0.118065 -0.091544
v -0.031682 -0.118055 -0.087493
v 0.032200 -0.118054 -0.087278
v -0.046458 -0.118036 -0.080663
v 0.046930 -0.118035 -0.080349
v -0.059824 -0.118011 -0.071370
v 0.060233 -0.118010 -0.070967
v -0.071373 -0.117981 -0.059898
v 0.071705 -0.117978 -0.059418
v -0.080755 -0.117945 -0.046595
v 0.080997 -0.117943 -0.046052
v -0.087684 -0.117905 -0.031865
v 0.087827 -0.117903 -0.031275
v -0.091951 -0.117863 -0.016155
v 0.091988 -0.117861 -0.015537
v -0.093424 -0.117820 0.000057
v 0.093352 -0.117817 0.000684
v -0.092060 -0.117777 0.016278
v 0.091879 -0.117773 0.016896
v 0.087613 -0.117731 0.032605
v 0.080684 -0.117691 0.047336
v 0.071302 -0.117656 0.060639
v 0.059753 -0.117625 0.072111
v 0.046387 -0.117601 0.081403
v 0.031610 -0.117583 0.088233
v 0.015872 -0.117571 0.092394
v -0.000350 -0.117567 0.093758
v -0.016561 -0.117572 0.092285
v -0.032271 -0.117583 0.088018
v -0.047001 -0.117602 0.081089
v -0.060305 -0.117627 0.071708
v -0.071777 -0.117658 0.060158
v -0.081069 -0.117694 0.046793
v -0.087899 -0.117734 0.032016
v 0.101545 -0.172419 0.000858
v 0.000306 -0.172692 -0.101063
v 0.000305 -0.172692 -0.101063
v -0.000238 0.071885 -0.025426
v -0.034457 -0.172677 -0.095053
v -0.017339 -0.172689 -0.099579
v -0.017339 -0.172689 -0.099579
v -0.004364 0.071641 -0.025162
v -0.034458 -0.172677 -0.095053
v -0.008643 0.071643 -0.024031
v -0.065068 -0.172630 -0.077517
v -0.050530 -0.172657 -0.087624
v -0.050528 -0.172657 -0.087625
v -0.065069 -0.172630 -0.077516
v -0.016296 0.071654 -0.019646
v -0.077631 -0.172597 -0.065038
v -0.077631 -0.172597 -0.065038
v -0.019302 0.071910 -0.016530
v -0.095373 -0.172515 -0.034546
v -0.087836 -0.172558 -0.050569
v -0.087836 -0.172558 -0.050569
v -0.021987 0.071673 -0.012910
v -0.095373 -0.172515 -0.034545
v -0.023596 0.071945 -0.009253
v -0.100013 -0.172469 -0.017458
v -0.100013 -0.172469 -0.017458
v -0.025031 0.071696 -0.004633
v -0.101615 -0.172421 0.000176
v -0.101616 -0.172422 0.000175
v -0.025326 0.071952 -0.000480
v -0.088177 -0.172285 0.051011
v -0.100132 -0.172374 0.017821
v -0.100132 -0.172374 0.017820
v -0.025072 0.071729 0.004189
v -0.095606 -0.172328 0.034939
v -0.095606 -0.172328 0.034939
v -0.023936 0.071739 0.008469
v -0.088177 -0.172285 0.051011
v -0.021873 0.071980 0.012588
v -0.078070 -0.172246 0.065550
v -0.078069 -0.172246 0.065551
v -0.019546 0.071750 0.016120
v -0.065591 -0.172212 0.078112
v -0.065592 -0.172212 0.078112
v -0.016197 0.072017 0.019262
v -0.035099 -0.172164 0.095854
v -0.051121 -0.172184 0.088317
v -0.051122 -0.172184 0.088316
v -0.012809 0.071767 0.021811
v -0.035097 -0.172164 0.095855
v -0.008539 0.072029 0.023673
v -0.018011 -0.172151 0.100494
v -0.018011 -0.172152 0.100494
v -0.004531 0.071775 0.024856
v -0.000376 -0.172147 0.102097
v -0.000377 -0.172147 0.102097
v -0.000123 0.071776 0.025256
v 0.017268 -0.172151 0.100613
v 0.017267 -0.172151 0.100613
v 0.004199 0.071997 0.024803
v 0.034386 -0.172163 0.096088
v 0.034388 -0.172163 0.096087
v 0.008568 0.071771 0.023754
v 0.050458 -0.172183 0.088659
v 0.050457 -0.172183 0.088659
v 0.012473 0.072026 0.021837
v 0.077559 -0.172243 0.066073
v 0.064998 -0.172210 0.078550
v 0.064997 -0.172209 0.078551
v 0.016221 0.071760 0.019369
v 0.077560 -0.172244 0.066072
v 0.019208 0.072008 0.016285
v 0.087765 -0.172282 0.051602
v 0.087765 -0.172282 0.051603
v 0.021885 0.071982 0.012430
v 0.095302 -0.172325 0.035579
v 0.095302 -0.172325 0.035579
v 0.023797 0.071731 0.008627
v 0.099942 -0.172371 0.018492
v 0.099942 -0.172371 0.018491
v 0.024869 0.071977 0.004273
v 0.101545 -0.172418 0.000860
v 0.025358 0.071708 -0.000054
v 0.100061 -0.172466 -0.016786
v 0.100061 -0.172466 -0.016786
v 0.024918 0.071879 -0.004453
v 0.095535 -0.172512 -0.033905
v 0.095535 -0.172512 -0.033905
v 0.023856 0.071685 -0.008744
v 0.088107 -0.172555 -0.049976
v 0.088106 -0.172555 -0.049978
v 0.021947 0.071920 -0.012664
v 0.077999 -0.172594 -0.064516
v 0.077999 -0.172594 -0.064516
v 0.019471 0.071664 -0.016398
v 0.065520 -0.172628 -0.077079
v 0.065521 -0.172628 -0.077078
v 0.016482 0.071915 -0.019277
v 0.051050 -0.172655 -0.087283
v 0.051050 -0.172655 -0.087283
v 0.012735 0.071648 -0.022088
v 0.035027 -0.172675 -0.094821
v 0.035025 -0.172676 -0.094821
v 0.008727 0.071644 -0.023973
v 0.017940 -0.172688 -0.099460
v 0.017940 -0.172688 -0.099460
v 0.004456 0.071640 -0.025133
v 0.008545 0.072020 -0.023478
v -0.012534 0.071900 -0.022107
v 0.000027 0.072030 -0.019122
v -0.003270 0.072031 -0.018844
v 0.003322 0.072031 -0.018822
v -0.006469 0.072033 -0.017998
v 0.006515 0.072033 -0.017955
v -0.009473 0.072037 -0.016610
v 0.009509 0.072037 -0.016547
v -0.012190 0.072042 -0.014721
v 0.012213 0.072043 -0.014640
v -0.014537 0.072048 -0.012390
v 0.014545 0.072049 -0.012293
v -0.016444 0.072056 -0.009686
v 0.016434 0.072057 -0.009576
v -0.017852 0.072064 -0.006692
v 0.017822 0.072064 -0.006572
v -0.018719 0.072072 -0.003499
v 0.018668 0.072073 -0.003373
v -0.019019 0.072081 -0.000203
v 0.018945 0.072081 -0.000076
v -0.018742 0.072090 0.003094
v 0.018645 0.072090 0.003219
v 0.017778 0.072099 0.006412
v 0.016370 0.072107 0.009406
v 0.014463 0.072115 0.012110
v 0.012115 0.072120 0.014442
v 0.009399 0.072125 0.016331
v 0.006395 0.072130 0.017719
v 0.003196 0.072132 0.018565
v -0.000101 0.072132 0.018842
v -0.003396 0.072132 0.018543
v -0.006589 0.072130 0.017676
v -0.009583 0.072125 0.016267
v -0.012288 0.072120 0.014360
v -0.014619 0.072114 0.012013
v -0.016508 0.072107 0.009296
v -0.017896 0.072099 0.006293
v 0.121257 -4.370175 0.344173
v 0.120829 -4.376487 0.471568
v -0.123929 -4.376491 0.470746
v -0.123501 -4.370180 0.343351
v 0.135222 -4.373913 0.344035
v 0.134794 -4.380224 0.471430
v 0.132900 -4.380569 0.478398
v 0.127771 -4.380822 0.483486
v 0.120782 -4.380915 0.485331
v -0.123975 -4.380919 0.484509
v -0.130952 -4.380826 0.482617
v -0.136046 -4.380574 0.477495
v -0.137893 -4.380228 0.470514
v -0.137466 -4.373917 0.343119
v -0.135571 -4.373571 0.336151
v -0.130443 -4.373319 0.331063
v -0.123454 -4.373226 0.329218
v 0.121304 -4.373222 0.330040
v 0.128280 -4.373314 0.331932
v 0.133375 -4.373567 0.337054
v 0.145447 -4.384123 0.343563
v 0.145019 -4.390434 0.470959
v 0.141738 -4.391033 0.483027
v 0.132855 -4.391471 0.491840
v 0.120750 -4.391632 0.495036
v -0.124008 -4.391635 0.494214
v -0.136091 -4.391475 0.490936
v -0.144915 -4.391037 0.482064
v -0.148115 -4.390439 0.469974
v -0.147687 -4.384128 0.342579
v -0.144406 -4.383529 0.330510
v -0.135523 -4.383091 0.321697
v -0.123418 -4.382931 0.318502
v 0.121340 -4.382926 0.319324
v 0.133423 -4.383087 0.322601
v 0.142247 -4.383525 0.331473
v 0.149191 -4.398071 0.342885
v 0.148763 -4.404382 0.470280
v 0.144975 -4.405073 0.484216
v 0.134718 -4.405580 0.494392
v 0.120740 -4.405765 0.498082
v -0.124018 -4.405768 0.497260
v -0.137970 -4.405583 0.493476
v -0.148159 -4.405078 0.483231
v -0.151854 -4.404387 0.469270
v -0.151426 -4.398076 0.341875
v -0.147637 -4.397385 0.327940
v -0.137380 -4.396879 0.317764
v -0.123403 -4.396693 0.314073
v 0.121355 -4.396689 0.314895
v 0.135307 -4.396874 0.318680
v 0.145496 -4.397380 0.328925
v 0.149323 -5.117931 0.307223
v 0.148895 -5.124242 0.434619
v 0.145106 -5.124933 0.448554
v 0.134849 -5.125439 0.458730
v 0.120872 -5.125625 0.462420
v -0.123887 -5.125628 0.461598
v -0.137839 -5.125443 0.457814
v -0.148027 -5.124938 0.447569
v -0.151723 -5.124247 0.433609
v -0.151295 -5.117936 0.306213
v -0.147506 -5.117245 0.292277
v -0.137249 -5.116738 0.282102
v -0.123271 -5.116553 0.278411
v 0.121486 -5.116549 0.279233
v 0.135439 -5.116734 0.283018
v 0.145627 -5.117240 0.293263
v 0.145583 -5.131879 0.306519
v 0.145155 -5.138190 0.433915
v 0.141874 -5.138789 0.445983
v 0.132991 -5.139227 0.454796
v 0.120886 -5.139387 0.457992
v -0.123871 -5.139391 0.457170
v -0.135954 -5.139231 0.453892
v -0.144778 -5.138793 0.445020
v -0.147978 -5.138195 0.432930
v -0.147550 -5.131884 0.305535
v -0.144269 -5.131285 0.293466
v -0.135386 -5.130847 0.284653
v -0.123281 -5.130686 0.281457
v 0.121477 -5.130682 0.282280
v 0.133560 -5.130843 0.285557
v 0.142383 -5.131280 0.294429
v 0.135362 -5.142089 0.305979
v 0.134935 -5.148401 0.433375
v 0.133040 -5.148746 0.440342
v 0.127911 -5.148999 0.445430
v 0.120923 -5.149092 0.447276
v -0.123835 -5.149096 0.446454
v -0.130811 -5.149004 0.444561
v -0.135906 -5.148750 0.439439
v -0.137753 -5.148405 0.432459
v -0.137325 -5.142094 0.305063
v -0.135431 -5.141748 0.298095
v -0.130303 -5.141495 0.293007
v -0.123314 -5.141403 0.291162
v 0.121444 -5.141398 0.291984
v 0.128420 -5.141491 0.293876
v 0.133515 -5.141744 0.298999
v 0.121398 -5.145827 0.305747
v 0.120970 -5.152138 0.433143
v -0.123788 -5.152142 0.432321
v -0.123360 -5.145831 0.304925
v 0.103221 -5.093759 0.324641
v 0.102857 -5.099136 0.433183
v -0.105677 -5.099139 0.432482
v -0.105312 -5.093762 0.323941
v 0.115120 -5.096943 0.324524
v 0.114756 -5.102320 0.433065
v 0.113142 -5.102614 0.439001
v 0.108772 -5.102830 0.443336
v 0.102818 -5.102909 0.444908
v -0.105716 -5.102912 0.444208
v -0.111660 -5.102833 0.442596
v -0.116000 -5.102618 0.438231
v -0.117574 -5.102324 0.432284
v -0.117210 -5.096947 0.323743
v -0.115596 -5.096652 0.317807
v -0.111226 -5.096437 0.313472
v -0.105272 -5.096357 0.311900
v 0.103262 -5.096354 0.312600
v 0.109206 -5.096433 0.314212
v 0.113546 -5.096648 0.318577
v 0.123832 -5.105642 0.324122
v 0.123467 -5.111019 0.432663
v 0.120672 -5.111529 0.442945
v 0.113103 -5.111902 0.450454
v 0.102790 -5.112039 0.453177
v -0.105744 -5.112042 0.452476
v -0.116039 -5.111906 0.449684
v -0.123556 -5.111533 0.442125
v -0.126283 -5.111023 0.431824
v -0.125918 -5.105646 0.323283
v -0.123122 -5.105136 0.313001
v -0.115554 -5.104763 0.305492
v -0.105241 -5.104626 0.302770
v 0.103293 -5.104623 0.303470
v 0.113588 -5.104759 0.306262
v 0.121105 -5.105132 0.313821
v 0.127022 -5.117526 0.323544
v 0.126658 -5.122903 0.432085
v 0.123429 -5.123491 0.443958
v 0.114690 -5.123923 0.452628
v 0.102781 -5.124081 0.455772
v -0.105752 -5.124084 0.455072
v -0.117640 -5.123926 0.451847
v -0.126321 -5.123496 0.443119
v -0.129469 -5.122907 0.431225
v -0.129104 -5.117529 0.322684
v -0.125876 -5.116940 0.310811
v -0.117137 -5.116509 0.302141
v -0.105228 -5.116352 0.298997
v 0.103306 -5.116348 0.299697
v 0.115193 -5.116506 0.302921
v 0.123874 -5.116937 0.311650
v 0.127035 -5.188998 0.320003
v 0.126670 -5.194375 0.428544
v 0.123443 -5.194963 0.440417
v 0.114703 -5.195395 0.449087
v 0.102795 -5.195553 0.452231
v -0.105739 -5.195556 0.451531
v -0.117627 -5.195398 0.448307
v -0.126307 -5.194968 0.439578
v -0.129456 -5.194379 0.427684
v -0.129091 -5.189002 0.319143
v -0.125863 -5.188413 0.307270
v -0.117124 -5.187982 0.298600
v -0.105215 -5.187824 0.295456
v 0.103319 -5.187820 0.296156
v 0.115206 -5.187978 0.299380
v 0.123887 -5.188409 0.308109
v 0.123849 -5.200881 0.319404
v 0.123485 -5.206259 0.427945
v 0.120689 -5.206769 0.438227
v 0.113121 -5.207142 0.445736
v 0.102807 -5.207279 0.448459
v -0.105726 -5.207282 0.447758
v -0.116021 -5.207146 0.444966
v -0.123539 -5.206772 0.437407
v -0.126265 -5.206263 0.427106
v -0.125901 -5.200885 0.318565
v -0.123105 -5.200376 0.308283
v -0.115537 -5.200002 0.300774
v -0.105224 -5.199865 0.298051
v 0.103310 -5.199862 0.298752
v 0.113605 -5.199998 0.301544
v 0.121123 -5.200372 0.309103
v 0.115141 -5.209581 0.318944
v 0.114776 -5.214958 0.427485
v 0.113162 -5.215252 0.433421
v 0.108793 -5.215468 0.437756
v 0.102838 -5.215547 0.439328
v -0.105695 -5.215550 0.438628
v -0.111639 -5.215472 0.437016
v -0.115980 -5.215256 0.432651
v -0.117554 -5.214962 0.426704
v -0.117189 -5.209585 0.318163
v -0.115575 -5.209290 0.312227
v -0.111205 -5.209074 0.307892
v -0.105251 -5.208996 0.306320
v 0.103283 -5.208992 0.307020
v 0.109226 -5.209071 0.308632
v 0.113566 -5.209287 0.312997
v 0.103243 -5.212765 0.318746
v 0.102879 -5.218143 0.427287
v -0.105655 -5.218146 0.426587
v -0.105291 -5.212769 0.318045
v 0.121401 -5.163229 0.304885
v 0.120973 -5.169540 0.432281
v -0.123784 -5.169544 0.431459
v -0.123357 -5.163232 0.304063
v 0.135366 -5.166965 0.304747
v 0.134939 -5.173277 0.432142
v 0.133045 -5.173623 0.439110
v 0.127916 -5.173875 0.444198
v 0.120927 -5.173968 0.446043
v -0.123831 -5.173972 0.445221
v -0.130807 -5.173880 0.443329
v -0.135901 -5.173626 0.438206
v -0.137749 -5.173281 0.431226
v -0.137321 -5.166970 0.303831
v -0.135427 -5.166625 0.296863
v -0.130298 -5.166371 0.291775
v -0.123309 -5.166279 0.289930
v 0.121449 -5.166275 0.290752
v 0.128425 -5.166367 0.292644
v 0.133519 -5.166620 0.297767
v 0.145591 -5.177176 0.304275
v 0.145164 -5.183487 0.431671
v 0.141883 -5.184086 0.443739
v 0.132999 -5.184524 0.452552
v 0.120895 -5.184684 0.455748
v -0.123863 -5.184689 0.454926
v -0.135946 -5.184528 0.451649
v -0.144770 -5.184090 0.442776
v -0.147970 -5.183492 0.430686
v -0.147542 -5.177180 0.303290
v -0.144261 -5.176582 0.291222
v -0.135378 -5.176144 0.282409
v -0.123273 -5.175983 0.279213
v 0.121485 -5.175980 0.280036
v 0.133568 -5.176140 0.283313
v 0.142392 -5.176578 0.292185
v 0.149336 -5.191124 0.303597
v 0.148908 -5.197435 0.430993
v 0.145120 -5.198126 0.444928
v 0.134862 -5.198632 0.455104
v 0.120885 -5.198817 0.458794
v -0.123873 -5.198822 0.457972
v -0.137826 -5.198637 0.454188
v -0.148014 -5.198131 0.443943
v -0.151709 -5.197440 0.429983
v -0.151282 -5.191129 0.302587
v -0.147493 -5.190437 0.288652
v -0.137235 -5.189931 0.278475
v -0.123258 -5.189746 0.274785
v 0.121500 -5.189742 0.275607
v 0.135452 -5.189927 0.279391
v 0.145641 -5.190433 0.289636
v 0.149467 -5.910984 0.267935
v 0.149039 -5.917295 0.395330
v 0.145251 -5.917986 0.409266
v 0.134993 -5.918492 0.419442
v 0.121016 -5.918677 0.423132
v -0.123742 -5.918681 0.422310
v -0.137694 -5.918497 0.418526
v -0.147883 -5.917991 0.408281
v -0.151578 -5.917300 0.394320
v -0.151150 -5.910988 0.266925
v -0.147362 -5.910297 0.252990
v -0.137104 -5.909791 0.242814
v -0.123127 -5.909606 0.239123
v 0.121631 -5.909602 0.239945
v 0.135584 -5.909787 0.243729
v 0.145772 -5.910293 0.253974
v 0.145728 -5.924932 0.267231
v 0.145300 -5.931243 0.394627
v 0.142019 -5.931841 0.406695
v 0.133136 -5.932280 0.415508
v 0.121031 -5.932440 0.418704
v -0.123727 -5.932444 0.417882
v -0.135810 -5.932284 0.414605
v -0.144634 -5.931846 0.405732
v -0.147834 -5.931248 0.393642
v -0.147406 -5.924936 0.266246
v -0.144125 -5.924338 0.254178
v -0.135242 -5.923900 0.245366
v -0.123137 -5.923739 0.242170
v 0.121621 -5.923735 0.242992
v 0.133704 -5.923895 0.246269
v 0.142528 -5.924334 0.255141
v 0.135507 -5.935143 0.266691
v 0.135079 -5.941454 0.394087
v 0.133185 -5.941799 0.401055
v 0.128056 -5.942052 0.406143
v 0.121067 -5.942145 0.407988
v -0.123691 -5.942149 0.407165
v -0.130667 -5.942056 0.405273
v -0.135761 -5.941803 0.400151
v -0.137609 -5.941458 0.393171
v -0.137181 -5.935147 0.265775
v -0.135287 -5.934801 0.258808
v -0.130158 -5.934548 0.253719
v -0.123169 -5.934456 0.251874
v 0.121589 -5.934452 0.252696
v 0.128565 -5.934544 0.254588
v 0.133659 -5.934797 0.259711
v 0.121543 -5.938880 0.266459
v 0.121115 -5.945191 0.393854
v -0.123643 -5.945195 0.393032
v -0.123215 -5.938884 0.265637
v 0.143869 -4.349365 0.229157
v 0.143444 -4.349025 0.355790
v -0.145767 -4.349030 0.354818
v -0.145342 -4.349370 0.228185
v 0.157734 -4.353080 0.229213
v 0.157308 -4.352740 0.355847
v 0.155427 -4.352721 0.362773
v 0.150336 -4.352708 0.367830
v 0.143397 -4.352703 0.369664
v -0.145814 -4.352707 0.368693
v -0.152739 -4.352713 0.366812
v -0.157797 -4.352726 0.361721
v -0.159631 -4.352745 0.354782
v -0.159206 -4.353085 0.228149
v -0.157325 -4.353104 0.221223
v -0.152233 -4.353117 0.216165
v -0.145295 -4.353122 0.214331
v 0.143916 -4.353117 0.215302
v 0.150842 -4.353112 0.217183
v 0.155900 -4.353098 0.222275
v 0.167883 -4.363229 0.229275
v 0.167458 -4.362889 0.355908
v 0.164200 -4.362857 0.367904
v 0.155381 -4.362833 0.376664
v 0.143363 -4.362825 0.379841
v -0.145848 -4.362830 0.378870
v -0.157844 -4.362838 0.375612
v -0.166604 -4.362862 0.366793
v -0.169781 -4.362895 0.354775
v -0.169355 -4.363235 0.228142
v -0.166098 -4.363266 0.216146
v -0.157278 -4.363290 0.207386
v -0.145261 -4.363298 0.204209
v 0.143950 -4.363294 0.205180
v 0.155946 -4.363285 0.208438
v 0.164706 -4.363261 0.217257
v 0.171598 -4.377093 0.229324
v 0.171173 -4.376754 0.355958
v 0.167411 -4.376717 0.369810
v 0.157228 -4.376689 0.379925
v 0.143351 -4.376679 0.383593
v -0.145860 -4.376684 0.382622
v -0.159712 -4.376694 0.378860
v -0.169827 -4.376722 0.368677
v -0.173496 -4.376759 0.354800
v -0.173070 -4.377099 0.228167
v -0.169309 -4.377136 0.214315
v -0.159125 -4.377163 0.204199
v -0.145248 -4.377173 0.200531
v 0.143963 -4.377169 0.201502
v 0.157815 -4.377158 0.205264
v 0.167930 -4.377131 0.215447
v 0.171609 -5.953075 0.233556
v 0.171184 -5.952735 0.360189
v 0.167422 -5.952698 0.374041
v 0.157239 -5.952671 0.384157
v 0.143362 -5.952661 0.387825
v -0.145849 -5.952666 0.386853
v -0.159701 -5.952676 0.383092
v -0.169817 -5.952703 0.372909
v -0.173485 -5.952741 0.359032
v -0.173059 -5.953081 0.232398
v -0.169298 -5.953118 0.218546
v -0.159114 -5.953145 0.208431
v -0.145237 -5.953155 0.204763
v 0.143974 -5.953150 0.205734
v 0.157825 -5.953140 0.209496
v 0.167941 -5.953113 0.219679
v 0.167894 -5.966939 0.233581
v 0.167469 -5.966600 0.360214
v 0.164211 -5.966568 0.372210
v 0.155392 -5.966544 0.380971
v 0.143374 -5.966536 0.384147
v -0.145837 -5.966540 0.383176
v -0.157833 -5.966549 0.379918
v -0.166593 -5.966573 0.371099
v -0.169770 -5.966605 0.359081
v -0.169344 -5.966945 0.232448
v -0.166087 -5.966977 0.220452
v -0.157267 -5.967000 0.211692
v -0.145250 -5.967009 0.208515
v 0.143961 -5.967005 0.209486
v 0.155957 -5.966996 0.212744
v 0.164717 -5.966972 0.221563
v 0.157745 -5.977089 0.233574
v 0.157320 -5.976749 0.360207
v 0.155439 -5.976731 0.367133
v 0.150347 -5.976717 0.372191
v 0.143409 -5.976712 0.374025
v -0.145802 -5.976717 0.373053
v -0.152728 -5.976722 0.371173
v -0.157786 -5.976736 0.366081
v -0.159620 -5.976754 0.359143
v -0.159195 -5.977094 0.232510
v -0.157314 -5.977113 0.225584
v -0.152222 -5.977127 0.220526
v -0.145284 -5.977131 0.218692
v 0.143927 -5.977127 0.219663
v 0.150853 -5.977122 0.221544
v 0.155911 -5.977108 0.226636
v 0.143881 -5.980804 0.233537
v 0.143455 -5.980464 0.360171
v -0.145756 -5.980469 0.359199
v -0.145330 -5.980809 0.232566
v 0.144767 -4.343330 0.274052
v -0.146541 -4.343335 0.273073
v 0.158732 -4.347072 0.274109
v -0.160506 -4.347077 0.273037
v -0.158611 -4.347096 0.266061
v -0.153483 -4.347109 0.260966
v -0.146494 -4.347115 0.259119
v 0.144814 -4.347110 0.260097
v 0.151790 -4.347105 0.261992
v 0.156884 -4.347091 0.267121
v 0.168955 -4.357295 0.274171
v -0.170729 -4.357300 0.273030
v -0.167447 -4.357333 0.260947
v -0.158564 -4.357356 0.252123
v -0.146459 -4.357365 0.248923
v 0.144848 -4.357360 0.249902
v 0.156931 -4.357351 0.253183
v 0.165755 -4.357327 0.262066
v 0.172697 -4.371260 0.274221
v -0.174471 -4.371265 0.273055
v -0.170682 -4.371303 0.259102
v -0.160424 -4.371330 0.248914
v -0.146447 -4.371340 0.245219
v 0.144861 -4.371335 0.246197
v 0.158813 -4.371325 0.249986
v 0.169002 -4.371297 0.260244
v 0.172708 -5.958668 0.278483
v -0.174460 -5.958673 0.277317
v -0.170671 -5.958711 0.263365
v -0.160414 -5.958738 0.253176
v -0.146436 -5.958748 0.249481
v 0.144872 -5.958743 0.250460
v 0.158824 -5.958733 0.254249
v 0.169013 -5.958705 0.264506
v 0.168966 -5.972633 0.278508
v -0.170717 -5.972638 0.277367
v -0.167436 -5.972671 0.265284
v -0.158553 -5.972694 0.256460
v -0.146449 -5.972703 0.253260
v 0.144859 -5.972698 0.254239
v 0.156943 -5.972689 0.257520
v 0.165766 -5.972665 0.266403
v 0.158743 -5.982856 0.278502
v -0.160494 -5.982861 0.277429
v -0.158600 -5.982880 0.270453
v -0.153471 -5.982893 0.265359
v -0.146483 -5.982898 0.263511
v 0.144825 -5.982893 0.264490
v 0.151801 -5.982888 0.266384
v 0.156895 -5.982875 0.271513
v 0.144778 -5.986598 0.278464
v -0.146530 -5.986603 0.277486
v -0.171008 -4.357077 0.356132
v 0.158431 -4.346832 0.363541
v -0.174742 -4.371049 0.353840
v -0.174731 -5.958457 0.358102
v -0.146870 -4.343071 0.371152
v -0.170997 -5.972415 0.360469
v -0.146859 -5.986339 0.375564
v -0.160795 -5.982621 0.366861
v -0.160806 -4.346837 0.362469
v 0.144449 -5.986334 0.376543
v 0.168676 -4.357072 0.357273
v 0.168687 -5.972410 0.361611
v 0.158443 -5.982616 0.367933
v 0.144437 -4.343067 0.372131
v 0.172436 -5.958450 0.359268
v -0.141865 -4.343063 0.374274
v -0.141854 -5.986331 0.378686
v -0.001316 -4.342990 0.401037
v -0.001304 -5.986258 0.405449
v 0.139423 -5.986326 0.379632
v 0.172425 -4.371043 0.355006
v 0.139412 -4.343059 0.375219
v -0.001813 -1.029874 0.533195
v -0.001925 -1.190861 0.567618
v -0.001929 -1.207618 0.568895
v -0.001631 -1.790697 0.482992
v -0.001304 -5.986258 0.405449
v -0.001279 -9.686757 0.415385
v -0.193220 -1.029973 0.496748
v -0.205668 -1.190969 0.528823
v -0.206117 -1.207724 0.530016
v -0.141879 -2.355004 0.368936
v -0.141830 -9.686831 0.388623
v -0.358536 -1.030251 0.393619
v -0.382472 -1.208021 0.420000
v -0.323325 -1.791029 0.357124
v -0.263221 -9.687035 0.312895
v -0.475436 -1.030670 0.237735
v -0.506073 -1.191712 0.253117
v -0.507177 -1.208466 0.253707
v -0.428741 -1.791431 0.216546
v -0.349109 -2.355518 0.178743
v -0.349059 -9.687342 0.198430
v -0.528128 -1.031174 0.050149
v -0.562160 -1.192247 0.053441
v -0.563388 -1.209006 0.053595
v -0.476256 -1.791902 0.047381
v -0.387800 -2.355888 0.041000
v -0.387751 -9.687712 0.060686
v -0.509498 -1.031695 -0.143804
v -0.542330 -1.192801 -0.153013
v -0.543514 -1.209561 -0.153310
v -0.374071 -9.688095 -0.081733
v -0.422061 -1.032162 -0.317932
v -0.450239 -1.210059 -0.339063
v -0.380610 -1.792767 -0.284551
v -0.309916 -2.356614 -0.229280
v -0.309867 -9.688437 -0.209594
v -0.277629 -1.032512 -0.448714
v -0.295516 -1.193671 -0.477573
v -0.296161 -1.210433 -0.478578
v -0.203810 -9.688695 -0.305627
v -0.095701 -1.032698 -0.518490
v -0.101867 -1.193869 -0.551846
v -0.102089 -1.210630 -0.553013
v -0.086301 -1.793271 -0.465411
v -0.070273 -2.357008 -0.376550
v -0.070223 -9.688831 -0.356863
v 0.099148 -1.032695 -0.517834
v 0.105536 -1.193865 -0.551149
v 0.105767 -1.210628 -0.552315
v 0.089411 -1.793241 -0.464824
v 0.072802 -2.357003 -0.376069
v 0.072852 -9.688829 -0.356382
v 0.280595 -1.032503 -0.446840
v 0.298683 -1.193660 -0.475577
v 0.299335 -1.210423 -0.476577
v 0.253043 -1.793072 -0.400799
v 0.206042 -2.356863 -0.323937
v 0.206091 -9.688688 -0.304250
v 0.424147 -1.032148 -0.315089
v 0.451486 -1.193283 -0.335336
v 0.452472 -1.210045 -0.336031
v 0.382496 -1.792761 -0.281987
v 0.311451 -2.356602 -0.227193
v 0.311501 -9.688428 -0.207506
v 0.510412 -1.031678 -0.140380
v 0.543310 -1.192784 -0.149366
v 0.544497 -1.209544 -0.149654
v 0.374845 -9.688083 -0.079217
v 0.527738 -1.031157 0.053695
v 0.561753 -1.192228 0.057216
v 0.562980 -1.208987 0.057380
v 0.387517 -2.355874 0.043604
v 0.387567 -9.687700 0.063291
v 0.473787 -1.030655 0.240923
v 0.504325 -1.191694 0.256511
v 0.505426 -1.208452 0.257109
v 0.427261 -1.791413 0.219421
v 0.347901 -2.355506 0.181085
v 0.347951 -9.687331 0.200771
v 0.355843 -1.030239 0.396019
v 0.378781 -1.191253 0.421602
v 0.379607 -1.208008 0.422560
v 0.261297 -2.355200 0.294970
v 0.261345 -9.687026 0.314658
v 0.189836 -1.029967 0.498036
v 0.202076 -1.190960 0.530193
v 0.202517 -1.207718 0.531388
v 0.171195 -1.790817 0.451280
v 0.139398 -2.354999 0.369881
v 0.139423 -5.986326 0.379632
v 0.139448 -9.686827 0.389568
v -0.001247 -9.701202 0.405774
v -0.138283 -9.701274 0.379681
v -0.256639 -9.701472 0.305847
v 0.254812 -9.701465 0.307564
v 0.339252 -9.701761 0.196526
v -0.378056 -9.702134 0.059942
v 0.377879 -9.702122 0.062482
v -0.364719 -9.702506 -0.078916
v 0.365474 -9.702494 -0.076465
v -0.302119 -9.702841 -0.203581
v 0.303714 -9.702831 -0.201546
v -0.198714 -9.703092 -0.297212
v 0.200939 -9.703085 -0.295871
v -0.068466 -9.703225 -0.347168
v 0.071031 -9.703223 -0.346700
v -0.001220 -9.705965 0.398259
v -0.135517 -9.706034 0.372688
v 0.133244 -9.706030 0.373591
v -0.251507 -9.706229 0.300331
v 0.249717 -9.706222 0.302013
v 0.332468 -9.706512 0.193195
v -0.370495 -9.706877 0.059346
v -0.357423 -9.707243 -0.076738
v 0.358165 -9.707232 -0.074333
v -0.296077 -9.707570 -0.198907
v -0.194738 -9.707815 -0.290668
v 0.196922 -9.707809 -0.289352
v -0.067096 -9.707947 -0.339624
v 0.069610 -9.707944 -0.339165
v -0.000703 -9.706380 0.243721
v -0.078728 -9.706420 0.228864
v -0.193771 -9.706704 0.123280
v 0.193171 -9.706697 0.124579
v -0.215250 -9.706909 0.046812
v 0.215164 -9.706903 0.048257
v -0.207655 -9.707122 -0.032253
v 0.208101 -9.707116 -0.030855
v -0.172013 -9.707312 -0.103233
v -0.113136 -9.707455 -0.156545
v 0.114418 -9.707451 -0.155781
v -0.038976 -9.707531 -0.184989
v 0.040451 -9.707530 -0.184722
v -0.001316 -4.342990 0.401037
v -0.263270 -2.355210 0.293209
v -0.202555 -5.280787 0.338928
v -0.374120 -2.356270 -0.101420
v 0.374795 -2.356257 -0.098904
v -0.203859 -2.356869 -0.325313
v 0.139412 -4.343059 0.375219
v -0.146118 -9.706533 0.186824
v -0.174242 -1.790791 0.450124
v -0.001329 -2.354933 0.395698
v -0.381640 -1.191265 0.419048
v -0.202561 -4.329060 0.336373
v -0.202550 -6.021020 0.340916
v 0.460288 -1.792340 -0.124434
v 0.475914 -1.791861 0.050580
v -0.459462 -1.792330 -0.127525
v -0.449259 -1.193298 -0.338362
v -0.250361 -1.793062 -0.402493
v 0.320899 -1.791041 0.359286
v 0.135962 -9.701269 0.380602
v -0.340332 -9.701773 0.194243
v -0.333525 -9.706524 0.190959
v 0.370322 -9.706865 0.061833
v 0.297639 -9.707561 -0.196915
v 0.077422 -9.706417 0.229389
v 0.145093 -9.706529 0.187802
v 0.172936 -9.707307 -0.102074
v -0.141866 -4.343063 0.374274
v -0.141854 -5.986331 0.378686
v -0.174742 -4.371048 0.353840
v -0.174731 -5.958457 0.358102
v 0.172436 -5.958450 0.359268
v 0.172425 -4.371043 0.355006
v -0.146859 -5.986339 0.375564
v -0.171008 -4.357077 0.356132
v -0.146870 -4.343071 0.371152
v -0.160806 -4.346837 0.362469
v 0.144437 -4.343067 0.372131
v 0.158431 -4.346832 0.363541
v -0.170997 -5.972415 0.360469
v -0.160795 -5.982621 0.366861
v 0.168676 -4.357072 0.357273
v 0.168687 -5.972410 0.361611
v 0.158443 -5.982616 0.367933
v 0.144449 -5.986334 0.376543
v 0.238258 -9.346983 0.274720
v 0.279664 -9.346867 0.318096
v 0.284485 -9.348724 0.323152
v 0.288015 -9.353826 0.326863
v 0.289307 -9.360804 0.328235
v 0.289309 -9.612173 0.328910
v 0.288016 -9.619160 0.327575
v 0.284487 -9.624281 0.323891
v 0.279666 -9.626165 0.318846
v 0.238260 -9.626283 0.275470
v 0.233439 -9.624425 0.270415
v 0.229909 -9.619324 0.266703
v 0.228617 -9.612345 0.265331
v 0.228616 -9.360975 0.264656
v 0.229908 -9.353989 0.265991
v 0.233437 -9.348867 0.269674
v 0.238258 -9.346983 0.274720
v 0.191302 -9.346883 0.312297
v 0.224546 -9.346748 0.362204
v 0.228418 -9.348604 0.368020
v 0.231251 -9.353703 0.372288
v 0.232288 -9.360682 0.373864
v 0.232290 -9.612051 0.374539
v 0.231253 -9.619038 0.373000
v 0.228419 -9.624161 0.368760
v 0.224548 -9.626047 0.362954
v 0.191304 -9.626182 0.313047
v 0.187433 -9.624327 0.307231
v 0.184599 -9.619226 0.302963
v 0.183562 -9.612247 0.301387
v 0.183560 -9.360879 0.300712
v 0.184597 -9.353892 0.302250
v 0.187431 -9.348769 0.306491
v 0.191302 -9.346883 0.312297
v 0.138534 -9.346806 0.341150
v 0.162607 -9.346659 0.396071
v 0.165410 -9.348512 0.402470
v 0.167462 -9.353611 0.407166
v 0.168214 -9.360588 0.408898
v 0.168215 -9.611958 0.409573
v 0.167464 -9.618944 0.407878
v 0.165412 -9.624068 0.403211
v 0.162609 -9.625957 0.396821
v 0.138536 -9.626104 0.341899
v 0.135733 -9.624250 0.335499
v 0.133681 -9.619152 0.330804
v 0.132930 -9.612173 0.329071
v 0.132928 -9.360805 0.328397
v 0.133679 -9.353817 0.330092
v 0.135731 -9.348694 0.334759
v 0.138534 -9.346806 0.341150
v 0.081557 -9.346754 0.360400
v 0.095727 -9.346598 0.418667
v 0.097378 -9.348451 0.425457
v 0.098586 -9.353548 0.430438
v 0.099028 -9.360526 0.432274
v 0.099030 -9.611895 0.432949
v 0.098587 -9.618883 0.431150
v 0.097380 -9.624007 0.426197
v 0.095730 -9.625896 0.419417
v 0.081559 -9.626054 0.361150
v 0.079910 -9.624201 0.354360
v 0.078701 -9.619102 0.349380
v 0.078259 -9.612124 0.347543
v 0.078257 -9.360756 0.346868
v 0.078700 -9.353767 0.348668
v 0.079907 -9.348643 0.353620
v 0.081557 -9.346754 0.360400
v 0.022104 -9.346730 0.369465
v 0.025940 -9.346570 0.429307
v 0.026388 -9.348421 0.436280
v 0.026714 -9.353519 0.441395
v 0.026834 -9.360497 0.443281
v 0.026836 -9.611866 0.443956
v 0.026716 -9.618854 0.442107
v 0.026389 -9.623980 0.437020
v 0.025942 -9.625869 0.430057
v 0.022106 -9.626029 0.370214
v 0.021659 -9.624177 0.363241
v 0.021331 -9.619080 0.358127
v 0.021212 -9.612102 0.356241
v 0.021210 -9.360733 0.355566
v 0.021330 -9.353745 0.357414
v 0.021657 -9.348619 0.362502
v 0.022104 -9.346730 0.369465
v -0.038021 -9.346734 0.368068
v -0.044634 -9.346574 0.427667
v -0.045404 -9.348427 0.434612
v -0.045967 -9.353524 0.439706
v -0.046174 -9.360502 0.441584
v -0.046172 -9.611872 0.442259
v -0.045966 -9.618858 0.440419
v -0.045402 -9.623984 0.435352
v -0.044632 -9.625874 0.428417
v -0.038019 -9.626034 0.368818
v -0.037249 -9.624182 0.361872
v -0.036685 -9.619083 0.356778
v -0.036479 -9.612106 0.354900
v -0.036481 -9.360737 0.354225
v -0.036688 -9.353749 0.356066
v -0.037251 -9.348624 0.361133
v -0.038021 -9.346734 0.368068
v -0.096990 -9.346766 0.356251
v -0.113852 -9.346611 0.413797
v -0.115815 -9.348465 0.420503
v -0.117252 -9.353563 0.425422
v -0.117778 -9.360540 0.427236
v -0.117776 -9.611910 0.427911
v -0.117251 -9.618898 0.426134
v -0.115813 -9.624022 0.421242
v -0.113849 -9.625911 0.414547
v -0.096988 -9.626066 0.357001
v -0.095024 -9.624212 0.350295
v -0.093587 -9.619114 0.345376
v -0.093061 -9.612137 0.343562
v -0.093063 -9.360767 0.342887
v -0.093589 -9.353780 0.344664
v -0.095026 -9.348655 0.349555
v -0.096990 -9.346766 0.356251
v -0.153011 -9.346826 0.334374
v -0.179609 -9.346682 0.388118
v -0.182706 -9.348536 0.394381
v -0.184973 -9.353634 0.398976
v -0.185803 -9.360613 0.400671
v -0.185801 -9.611982 0.401346
v -0.184971 -9.618969 0.399688
v -0.182704 -9.624093 0.395121
v -0.179607 -9.625980 0.388868
v -0.153009 -9.626125 0.335124
v -0.149911 -9.624270 0.328861
v -0.147644 -9.619171 0.324266
v -0.146814 -9.612193 0.322571
v -0.146816 -9.360824 0.321896
v -0.147646 -9.353837 0.323554
v -0.149913 -9.348713 0.328121
v -0.153011 -9.346826 0.334374
v -0.204382 -9.346910 0.303102
v -0.239908 -9.346781 0.351410
v -0.244045 -9.348637 0.357041
v -0.247074 -9.353737 0.361172
v -0.248181 -9.360715 0.362698
v -0.248180 -9.612084 0.363373
v -0.247071 -9.619071 0.361884
v -0.244043 -9.624193 0.357780
v -0.239906 -9.626080 0.352160
v -0.204380 -9.626209 0.303852
v -0.200243 -9.624353 0.298222
v -0.197214 -9.619252 0.294090
v -0.196106 -9.612274 0.292564
v -0.196108 -9.360905 0.291889
v -0.197216 -9.353918 0.293378
v -0.200245 -9.348796 0.297482
v -0.204382 -9.346910 0.303102
v -0.249542 -9.347016 0.263385
v -0.292917 -9.346906 0.304790
v -0.297968 -9.348763 0.309616
v -0.301666 -9.353867 0.313159
v -0.303019 -9.360845 0.314470
v -0.303017 -9.612214 0.315145
v -0.301663 -9.619200 0.313872
v -0.297966 -9.624321 0.310356
v -0.292915 -9.626205 0.305540
v -0.249540 -9.626316 0.264134
v -0.244488 -9.624458 0.259308
v -0.240792 -9.619356 0.255765
v -0.239438 -9.612377 0.254454
v -0.239440 -9.361008 0.253779
v -0.240793 -9.354021 0.255053
v -0.244491 -9.348901 0.258568
v -0.249542 -9.347016 0.263385
v -0.287118 -9.347143 0.216428
v -0.337025 -9.347054 0.249673
v -0.342837 -9.348915 0.253549
v -0.347090 -9.354018 0.256396
v -0.348648 -9.360998 0.257452
v -0.348645 -9.612368 0.258127
v -0.347088 -9.619353 0.257109
v -0.342834 -9.624472 0.254289
v -0.337023 -9.626353 0.250422
v -0.287116 -9.626442 0.217178
v -0.281305 -9.624581 0.213302
v -0.277051 -9.619477 0.210455
v -0.275494 -9.612497 0.209399
v -0.275496 -9.361129 0.208724
v -0.277053 -9.354143 0.209742
v -0.281308 -9.349024 0.212563
v -0.287118 -9.347143 0.216428
v -0.315971 -9.347284 0.163661
v -0.370892 -9.347220 0.187733
v -0.377287 -9.349084 0.190542
v -0.381968 -9.354190 0.192607
v -0.383682 -9.361171 0.193377
v -0.383680 -9.612539 0.194052
v -0.381967 -9.619524 0.193320
v -0.377285 -9.624641 0.191282
v -0.370890 -9.626520 0.188483
v -0.315968 -9.626584 0.164410
v -0.309574 -9.624721 0.161602
v -0.304892 -9.619615 0.159536
v -0.303179 -9.612635 0.158767
v -0.303181 -9.361265 0.158092
v -0.304894 -9.354280 0.158824
v -0.309576 -9.349163 0.160862
v -0.315971 -9.347284 0.163661
v -0.335222 -9.347438 0.106684
v -0.393489 -9.347401 0.120854
v -0.400273 -9.349267 0.122509
v -0.405240 -9.354375 0.123731
v -0.407058 -9.361357 0.124192
v -0.407056 -9.612726 0.124867
v -0.405238 -9.619709 0.124443
v -0.400271 -9.624825 0.123249
v -0.393487 -9.626699 0.121604
v -0.335220 -9.626738 0.107434
v -0.328435 -9.624870 0.105779
v -0.323468 -9.619762 0.104557
v -0.321650 -9.612782 0.104097
v -0.321652 -9.361412 0.103422
v -0.323470 -9.354428 0.103845
v -0.328437 -9.349313 0.105039
v -0.335222 -9.347438 0.106684
v -0.344286 -9.347598 0.047231
v -0.404129 -9.347588 0.051068
v -0.411097 -9.349458 0.051519
v -0.416198 -9.354568 0.051860
v -0.418065 -9.361550 0.051999
v -0.418063 -9.612920 0.052674
v -0.416196 -9.619903 0.052572
v -0.411095 -9.625015 0.052259
v -0.404127 -9.626887 0.051817
v -0.344284 -9.626897 0.047980
v -0.337316 -9.625027 0.047529
v -0.332215 -9.619917 0.047188
v -0.330347 -9.612934 0.047049
v -0.330349 -9.361565 0.046375
v -0.332217 -9.354582 0.046475
v -0.337318 -9.349470 0.046789
v -0.344286 -9.347598 0.047231
v -0.342889 -9.347759 -0.012894
v -0.402489 -9.347777 -0.019507
v -0.409428 -9.349649 -0.020272
v -0.414509 -9.354763 -0.020822
v -0.416368 -9.361746 -0.021009
v -0.416366 -9.613115 -0.020334
v -0.414507 -9.620098 -0.020109
v -0.409427 -9.625208 -0.019532
v -0.402487 -9.627077 -0.018757
v -0.342887 -9.627058 -0.012144
v -0.335947 -9.625185 -0.011379
v -0.330867 -9.620072 -0.010829
v -0.329007 -9.613090 -0.010642
v -0.329009 -9.361719 -0.011316
v -0.330869 -9.354738 -0.011541
v -0.335949 -9.349628 -0.012119
v -0.342889 -9.347759 -0.012894
v -0.331072 -9.347918 -0.071862
v -0.388619 -9.347963 -0.088724
v -0.395319 -9.349839 -0.090682
v -0.400225 -9.354955 -0.092106
v -0.402020 -9.361938 -0.092613
v -0.402018 -9.613308 -0.091938
v -0.400222 -9.620289 -0.091394
v -0.395317 -9.625397 -0.089942
v -0.388616 -9.627262 -0.087974
v -0.331070 -9.627216 -0.071112
v -0.324370 -9.625340 -0.069154
v -0.319465 -9.620225 -0.067730
v -0.317669 -9.613241 -0.067223
v -0.317671 -9.361872 -0.067898
v -0.319466 -9.354891 -0.068443
v -0.324371 -9.349783 -0.069894
v -0.331072 -9.347918 -0.071862
v -0.309195 -9.348068 -0.127883
v -0.362939 -9.348140 -0.154481
v -0.369197 -9.350019 -0.157573
v -0.373778 -9.355137 -0.159827
v -0.375455 -9.362122 -0.160638
v -0.375453 -9.613491 -0.159963
v -0.373776 -9.620470 -0.159114
v -0.369195 -9.625576 -0.156833
v -0.362937 -9.627439 -0.153731
v -0.309194 -9.627367 -0.127133
v -0.302935 -9.625487 -0.124041
v -0.298355 -9.620370 -0.121787
v -0.296678 -9.613385 -0.120976
v -0.296679 -9.362017 -0.121651
v -0.298356 -9.355036 -0.122500
v -0.302937 -9.349931 -0.124781
v -0.309195 -9.348068 -0.127883
v -0.277923 -9.348206 -0.179254
v -0.326231 -9.348301 -0.214780
v -0.331856 -9.350183 -0.218912
v -0.335974 -9.355303 -0.221927
v -0.337481 -9.362288 -0.223016
v -0.337480 -9.613658 -0.222341
v -0.335973 -9.620637 -0.221214
v -0.331855 -9.625741 -0.218172
v -0.326229 -9.627600 -0.214030
v -0.277921 -9.627504 -0.178504
v -0.272296 -9.625622 -0.174372
v -0.268178 -9.620502 -0.171357
v -0.266671 -9.613518 -0.170268
v -0.266672 -9.362148 -0.170943
v -0.268180 -9.355169 -0.172070
v -0.272298 -9.350065 -0.175112
v -0.277923 -9.348206 -0.179254
v -0.238205 -9.348327 -0.224413
v -0.279610 -9.348443 -0.267789
v -0.284432 -9.350328 -0.272835
v -0.287962 -9.355450 -0.276518
v -0.289253 -9.362435 -0.277853
v -0.289251 -9.613805 -0.277178
v -0.287959 -9.620783 -0.275806
v -0.284430 -9.625885 -0.272095
v -0.279609 -9.627743 -0.267039
v -0.238203 -9.627626 -0.223664
v -0.233382 -9.625742 -0.218618
v -0.229852 -9.620620 -0.214934
v -0.228561 -9.613633 -0.213599
v -0.228562 -9.362265 -0.214274
v -0.229854 -9.355286 -0.215647
v -0.233384 -9.350183 -0.219358
v -0.238205 -9.348327 -0.224413
v -0.191249 -9.348428 -0.261990
v -0.224494 -9.348561 -0.311897
v -0.228364 -9.350449 -0.317703
v -0.231198 -9.355571 -0.321943
v -0.232235 -9.362557 -0.323482
v -0.232233 -9.613927 -0.322807
v -0.231196 -9.620905 -0.321231
v -0.228362 -9.626005 -0.316963
v -0.224491 -9.627860 -0.311147
v -0.191247 -9.627726 -0.261240
v -0.187376 -9.625839 -0.255434
v -0.184542 -9.620717 -0.251194
v -0.183505 -9.613729 -0.249655
v -0.183507 -9.362361 -0.250330
v -0.184544 -9.355383 -0.251906
v -0.187378 -9.350283 -0.256174
v -0.191249 -9.348428 -0.261990
v -0.138481 -9.348505 -0.290843
v -0.162554 -9.348652 -0.345764
v -0.165357 -9.350540 -0.352154
v -0.167409 -9.355664 -0.356822
v -0.168160 -9.362652 -0.358517
v -0.168158 -9.614020 -0.357841
v -0.167407 -9.620998 -0.356109
v -0.165355 -9.626097 -0.351414
v -0.162552 -9.627951 -0.345014
v -0.138479 -9.627804 -0.290093
v -0.135676 -9.625916 -0.283702
v -0.133624 -9.620790 -0.279035
v -0.132873 -9.613804 -0.277340
v -0.132874 -9.362434 -0.278015
v -0.133625 -9.355456 -0.279747
v -0.135678 -9.350359 -0.284443
v -0.138481 -9.348505 -0.290843
v -0.081504 -9.348556 -0.310093
v -0.095675 -9.348712 -0.368360
v -0.097324 -9.350601 -0.375140
v -0.098533 -9.355726 -0.380093
v -0.098974 -9.362714 -0.381892
v -0.098973 -9.614082 -0.381217
v -0.098530 -9.621060 -0.379381
v -0.097323 -9.626159 -0.374400
v -0.095673 -9.628011 -0.367610
v -0.081503 -9.627855 -0.309344
v -0.079852 -9.625965 -0.302563
v -0.078645 -9.620840 -0.297611
v -0.078202 -9.613853 -0.295812
v -0.078204 -9.362484 -0.296486
v -0.078646 -9.355507 -0.298323
v -0.079854 -9.350409 -0.303304
v -0.081504 -9.348556 -0.310093
v -0.022050 -9.348579 -0.319158
v -0.025888 -9.348741 -0.379000
v -0.026334 -9.350630 -0.385963
v -0.026661 -9.355755 -0.391051
v -0.026781 -9.362743 -0.392899
v -0.026779 -9.614112 -0.392224
v -0.026659 -9.621089 -0.390338
v -0.026332 -9.626186 -0.385224
v -0.025886 -9.628039 -0.378250
v -0.022048 -9.627878 -0.318408
v -0.021602 -9.625989 -0.311445
v -0.021275 -9.620864 -0.306358
v -0.021155 -9.613876 -0.304509
v -0.021157 -9.362507 -0.305184
v -0.021277 -9.355530 -0.307070
v -0.021604 -9.350431 -0.312185
v -0.022050 -9.348579 -0.319158
v 0.038074 -9.348576 -0.317760
v 0.044687 -9.348736 -0.377360
v 0.045457 -9.350625 -0.384295
v 0.046021 -9.355750 -0.389362
v 0.046227 -9.362738 -0.391203
v 0.046229 -9.614107 -0.390527
v 0.046023 -9.621084 -0.388649
v 0.045459 -9.626182 -0.383555
v 0.044689 -9.628035 -0.376610
v 0.038076 -9.627874 -0.317011
v 0.037306 -9.625985 -0.310076
v 0.036742 -9.620860 -0.305009
v 0.036536 -9.613873 -0.303168
v 0.036534 -9.362503 -0.303843
v 0.036741 -9.355526 -0.305721
v 0.037304 -9.350428 -0.310816
v 0.038074 -9.348576 -0.317760
v 0.097043 -9.348543 -0.305944
v 0.113905 -9.348698 -0.363490
v 0.115868 -9.350587 -0.370185
v 0.117305 -9.355711 -0.375077
v 0.117832 -9.362699 -0.376854
v 0.117833 -9.614067 -0.376179
v 0.117307 -9.621045 -0.374365
v 0.115870 -9.626143 -0.369446
v 0.113907 -9.627996 -0.362740
v 0.097044 -9.627842 -0.305194
v 0.095081 -9.625954 -0.298499
v 0.093644 -9.620829 -0.293607
v 0.093118 -9.613842 -0.291830
v 0.093116 -9.362473 -0.292505
v 0.093642 -9.355495 -0.294319
v 0.095079 -9.350396 -0.299239
v 0.097043 -9.348543 -0.305944
v 0.153063 -9.348484 -0.284067
v 0.179662 -9.348629 -0.337811
v 0.182759 -9.350516 -0.344064
v 0.185026 -9.355639 -0.348631
v 0.185856 -9.362627 -0.350289
v 0.185858 -9.613996 -0.349615
v 0.185028 -9.620974 -0.347919
v 0.182761 -9.626073 -0.343324
v 0.179664 -9.627928 -0.337061
v 0.153065 -9.627783 -0.283318
v 0.149968 -9.625896 -0.277065
v 0.147701 -9.620771 -0.272497
v 0.146871 -9.613785 -0.270839
v 0.146869 -9.362415 -0.271514
v 0.147699 -9.355437 -0.273209
v 0.149967 -9.350338 -0.277804
v 0.153063 -9.348484 -0.284067
v 0.204434 -9.348400 -0.252795
v 0.239961 -9.348529 -0.301104
v 0.244098 -9.350415 -0.306724
v 0.247126 -9.355537 -0.310828
v 0.248235 -9.362524 -0.312316
v 0.248237 -9.613894 -0.311641
v 0.247128 -9.620872 -0.310115
v 0.244100 -9.625973 -0.305984
v 0.239963 -9.627829 -0.300354
v 0.204436 -9.627699 -0.252045
v 0.200299 -9.625813 -0.246425
v 0.197271 -9.620690 -0.242321
v 0.196162 -9.613704 -0.240833
v 0.196161 -9.362335 -0.241508
v 0.197269 -9.355356 -0.243033
v 0.200298 -9.350256 -0.247165
v 0.204434 -9.348400 -0.252795
v 0.249594 -9.348293 -0.213078
v 0.292970 -9.348404 -0.254483
v 0.298021 -9.350287 -0.259299
v 0.301718 -9.355408 -0.262815
v 0.303072 -9.362394 -0.264088
v 0.303074 -9.613764 -0.263413
v 0.301720 -9.620743 -0.262102
v 0.298022 -9.625845 -0.258559
v 0.292972 -9.627703 -0.253733
v 0.249597 -9.627592 -0.212328
v 0.244546 -9.625708 -0.207511
v 0.240848 -9.620586 -0.203996
v 0.239494 -9.613602 -0.202722
v 0.239493 -9.362232 -0.203397
v 0.240846 -9.355253 -0.204708
v 0.244544 -9.350151 -0.208251
v 0.249594 -9.348293 -0.213078
v 0.287172 -9.348166 -0.166121
v 0.337078 -9.348255 -0.199366
v 0.342889 -9.350137 -0.203232
v 0.347144 -9.355255 -0.206052
v 0.348701 -9.362242 -0.207070
v 0.348703 -9.613610 -0.206395
v 0.347145 -9.620590 -0.205339
v 0.342891 -9.625694 -0.202492
v 0.337080 -9.627554 -0.198616
v 0.287173 -9.627465 -0.165372
v 0.281362 -9.625585 -0.161506
v 0.277108 -9.620465 -0.158686
v 0.275551 -9.613480 -0.157667
v 0.275549 -9.362111 -0.158342
v 0.277106 -9.355131 -0.159398
v 0.281361 -9.350027 -0.162245
v 0.287172 -9.348166 -0.166121
v 0.316024 -9.348024 -0.113354
v 0.370945 -9.348089 -0.137427
v 0.377340 -9.349967 -0.140225
v 0.382021 -9.355084 -0.142263
v 0.383735 -9.362068 -0.142995
v 0.383737 -9.613438 -0.142320
v 0.382023 -9.620419 -0.141550
v 0.377342 -9.625525 -0.139485
v 0.370947 -9.627388 -0.136677
v 0.316026 -9.627323 -0.112604
v 0.309630 -9.625445 -0.109806
v 0.304949 -9.620328 -0.107767
v 0.303235 -9.613344 -0.107035
v 0.303234 -9.361975 -0.107710
v 0.304947 -9.354994 -0.108480
v 0.309629 -9.349888 -0.110546
v 0.316024 -9.348024 -0.113354
v 0.335274 -9.347872 -0.056377
v 0.393542 -9.347909 -0.070548
v 0.400327 -9.349785 -0.072192
v 0.405293 -9.354899 -0.073387
v 0.407112 -9.361883 -0.073810
v 0.407113 -9.613252 -0.073135
v 0.405295 -9.620234 -0.072674
v 0.400328 -9.625341 -0.071453
v 0.393543 -9.627208 -0.069798
v 0.335276 -9.627171 -0.055627
v 0.328492 -9.625296 -0.053982
v 0.323525 -9.620180 -0.052788
v 0.321707 -9.613197 -0.052365
v 0.321705 -9.361828 -0.053040
v 0.323523 -9.354847 -0.053501
v 0.328490 -9.349738 -0.054722
v 0.335274 -9.347872 -0.056377
v 0.344339 -9.347712 0.003076
v 0.404182 -9.347722 -0.000761
v 0.411150 -9.349594 -0.001202
v 0.416251 -9.354706 -0.001516
v 0.418118 -9.361690 -0.001617
v 0.418120 -9.613058 -0.000942
v 0.416253 -9.620041 -0.000803
v 0.411152 -9.625151 -0.000463
v 0.404183 -9.627021 -0.000011
v 0.344341 -9.627011 0.003826
v 0.337373 -9.625138 0.004268
v 0.332272 -9.620027 0.004582
v 0.330405 -9.613044 0.004682
v 0.330403 -9.361674 0.004007
v 0.332270 -9.354692 0.003869
v 0.337371 -9.349582 0.003528
v 0.344339 -9.347712 0.003076
v 0.342942 -9.347550 0.063201
v 0.402542 -9.347532 0.069814
v 0.409481 -9.349401 0.070589
v 0.414562 -9.354511 0.071166
v 0.416422 -9.361492 0.071391
v 0.416424 -9.612862 0.072066
v 0.414564 -9.619844 0.071878
v 0.409483 -9.624958 0.071328
v 0.402543 -9.626831 0.070564
v 0.342944 -9.626849 0.063951
v 0.336003 -9.624981 0.063176
v 0.330924 -9.619870 0.062598
v 0.329064 -9.612888 0.062373
v 0.329062 -9.361520 0.061698
v 0.330922 -9.354537 0.061886
v 0.336002 -9.349423 0.062436
v 0.342942 -9.347550 0.063201
v 0.331125 -9.347392 0.122169
v 0.388671 -9.347346 0.139031
v 0.395372 -9.349212 0.140999
v 0.400277 -9.354320 0.142450
v 0.402073 -9.361301 0.142995
v 0.402075 -9.612670 0.143670
v 0.400279 -9.619654 0.143163
v 0.395374 -9.624769 0.141739
v 0.388673 -9.626646 0.139781
v 0.331128 -9.626691 0.122919
v 0.324426 -9.624825 0.120951
v 0.319521 -9.619718 0.119500
v 0.317725 -9.612737 0.118955
v 0.317724 -9.361367 0.118280
v 0.319519 -9.354383 0.118787
v 0.324424 -9.349269 0.120211
v 0.331125 -9.347392 0.122169
v 0.309249 -9.347241 0.178190
v 0.362992 -9.347170 0.204788
v 0.369250 -9.349032 0.207890
v 0.373831 -9.354138 0.210171
v 0.375509 -9.361118 0.211020
v 0.375510 -9.612488 0.211695
v 0.373833 -9.619473 0.210884
v 0.369252 -9.624590 0.208630
v 0.362994 -9.626470 0.205538
v 0.309251 -9.626541 0.178940
v 0.302992 -9.624679 0.175837
v 0.298411 -9.619573 0.173557
v 0.296734 -9.612593 0.172708
v 0.296732 -9.361223 0.172033
v 0.298409 -9.354239 0.172844
v 0.302991 -9.349121 0.175098
v 0.309249 -9.347241 0.178190
v 0.277976 -9.347104 0.229560
v 0.326285 -9.347008 0.265087
v 0.331909 -9.348868 0.269229
v 0.336027 -9.353971 0.272271
v 0.337535 -9.360950 0.273398
v 0.337537 -9.612320 0.274073
v 0.336029 -9.619306 0.272983
v 0.331912 -9.624426 0.269969
v 0.326286 -9.626307 0.265837
v 0.277978 -9.626404 0.230310
v 0.272352 -9.624543 0.226168
v 0.268235 -9.619440 0.223126
v 0.266728 -9.612461 0.221999
v 0.266726 -9.361092 0.221324
v 0.268233 -9.354106 0.222414
v 0.272351 -9.348987 0.225429
v 0.277976 -9.347104 0.229560
v 0.333433 -1.018193 -0.391911
v -0.508581 -1.041812 -0.088577
v -0.002313 -1.016078 0.521343
v -0.001779 -1.018066 0.523523
v -0.001781 -1.020391 0.524153
v -0.001781 -1.035508 0.524193
v -0.001779 -1.037837 0.523576
v -0.002312 -1.039836 0.521407
v -0.091781 -1.016088 0.513096
v -0.092177 -1.018088 0.515308
v -0.092288 -1.020414 0.515928
v -0.092287 -1.035531 0.515969
v -0.092177 -1.037861 0.515361
v -0.092324 -1.039859 0.513132
v -0.178516 -1.016164 0.489663
v -0.179775 -1.018152 0.491521
v -0.179990 -1.020478 0.492112
v -0.179990 -1.035595 0.492153
v -0.179775 -1.037924 0.491574
v -0.179532 -1.039923 0.489353
v -0.259884 -1.015939 0.449393
v -0.261055 -1.016557 0.451406
v -0.261911 -1.018257 0.452883
v -0.262225 -1.020583 0.453429
v -0.261964 -1.037574 0.453235
v -0.261286 -1.040027 0.450792
v -0.335101 -1.016410 0.398557
v -0.336091 -1.018398 0.400570
v -0.336493 -1.020724 0.401053
v -0.336493 -1.035841 0.401094
v -0.336091 -1.038170 0.400624
v -0.335101 -1.040168 0.398621
v -0.398736 -1.016583 0.334360
v -0.400059 -1.018571 0.336171
v -0.400538 -1.020898 0.336577
v -0.400538 -1.036015 0.336617
v -0.400059 -1.038343 0.336224
v -0.398337 -1.040353 0.334794
v -0.450257 -1.016782 0.260088
v -0.451873 -1.018771 0.261642
v -0.452414 -1.021099 0.261959
v -0.452414 -1.036215 0.261999
v -0.451873 -1.038543 0.261695
v -0.450394 -1.040250 0.260853
v -0.448375 -1.040877 0.259698
v -0.487848 -1.016989 0.178482
v -0.489958 -1.018993 0.179248
v -0.490544 -1.021320 0.179466
v -0.490544 -1.036437 0.179506
v -0.489957 -1.038765 0.179302
v -0.488096 -1.040761 0.178063
v -0.510923 -1.017235 0.091649
v -0.513156 -1.019229 0.091492
v -0.513771 -1.021557 0.091605
v -0.513770 -1.036673 0.091646
v -0.513156 -1.039001 0.091546
v -0.510946 -1.041007 0.091169
v -0.518593 -1.017477 0.001584
v -0.521049 -1.019925 0.000936
v -0.521387 -1.036916 0.001087
v -0.520763 -1.039244 0.001095
v -0.518593 -1.041235 0.001646
v -0.508580 -1.017385 -0.088648
v -0.510871 -1.018010 -0.089059
v -0.512548 -1.019714 -0.089356
v -0.513162 -1.022042 -0.089460
v -0.513162 -1.037160 -0.089419
v -0.512548 -1.039487 -0.089302
v -0.510871 -1.041190 -0.088996
v -0.486656 -1.017942 -0.176186
v -0.488761 -1.019950 -0.176953
v -0.489346 -1.022278 -0.177162
v -0.489346 -1.037395 -0.177122
v -0.488761 -1.039721 -0.176900
v -0.486656 -1.041724 -0.176121
v -0.448518 -1.018172 -0.257534
v -0.450123 -1.020170 -0.259089
v -0.450662 -1.022498 -0.259397
v -0.450662 -1.037615 -0.259356
v -0.450124 -1.039942 -0.259036
v -0.448651 -1.041643 -0.258175
v -0.446639 -1.042264 -0.257003
v -0.396499 -1.018371 -0.331459
v -0.397810 -1.020369 -0.333268
v -0.398287 -1.022697 -0.333665
v -0.398287 -1.037814 -0.333624
v -0.397810 -1.040141 -0.333216
v -0.396098 -1.042142 -0.331762
v -0.330830 -1.018204 -0.394146
v -0.332320 -1.018833 -0.395932
v -0.333411 -1.020540 -0.397237
v -0.333810 -1.022869 -0.397709
v -0.333810 -1.037986 -0.397669
v -0.333411 -1.040312 -0.397183
v -0.332320 -1.042012 -0.395870
v -0.330830 -1.042631 -0.394080
v -0.257766 -1.018667 -0.447110
v -0.258882 -1.020678 -0.449050
v -0.259192 -1.023008 -0.449585
v -0.259192 -1.038124 -0.449544
v -0.258882 -1.040451 -0.448997
v -0.257335 -1.042439 -0.447374
v -0.176257 -1.018781 -0.484913
v -0.176487 -1.020781 -0.487135
v -0.176698 -1.023110 -0.487715
v -0.176698 -1.038226 -0.487674
v -0.176487 -1.040552 -0.487081
v -0.175728 -1.042552 -0.484966
v -0.088892 -1.018844 -0.508106
v -0.088676 -1.021296 -0.510632
v -0.088837 -1.038288 -0.510900
v -0.088731 -1.040614 -0.510280
v -0.088891 -1.042600 -0.508042
v 0.001172 -1.018863 -0.515775
v 0.001720 -1.020862 -0.517940
v 0.001722 -1.023190 -0.518557
v 0.001722 -1.038308 -0.518517
v 0.001720 -1.040634 -0.517887
v 0.001171 -1.042621 -0.515711
v 0.091202 -1.018840 -0.507688
v 0.092117 -1.020839 -0.509726
v 0.092228 -1.023168 -0.510333
v 0.092228 -1.038285 -0.510292
v 0.092117 -1.040611 -0.509672
v 0.091203 -1.042598 -0.507624
v 0.178324 -1.018437 -0.482161
v 0.179127 -1.019066 -0.484343
v 0.179715 -1.020775 -0.485938
v 0.179931 -1.023104 -0.486517
v 0.179931 -1.038221 -0.486476
v 0.179716 -1.040547 -0.485885
v 0.178459 -1.042534 -0.484027
v 0.261225 -1.018672 -0.445158
v 0.261852 -1.020670 -0.447301
v 0.262165 -1.022999 -0.447834
v 0.262004 -1.039907 -0.447509
v 0.260995 -1.042142 -0.445770
v 0.259825 -1.042761 -0.443757
v 0.334932 -1.018822 -0.393691
v 0.336031 -1.020529 -0.394988
v 0.336434 -1.022858 -0.395458
v 0.336434 -1.037975 -0.395417
v 0.336031 -1.040302 -0.394935
v 0.335040 -1.042288 -0.392923
v 0.398277 -1.018346 -0.329158
v 0.399999 -1.020356 -0.330588
v 0.400479 -1.022685 -0.330981
v 0.400479 -1.037801 -0.330941
v 0.400000 -1.040128 -0.330535
v 0.398680 -1.042115 -0.328721
v 0.449660 -1.018161 -0.255453
v 0.451813 -1.020156 -0.256060
v 0.452354 -1.022484 -0.256364
v 0.452355 -1.037601 -0.256323
v 0.451813 -1.039927 -0.256007
v 0.449867 -1.041930 -0.254888
v 0.486105 -1.017603 -0.172306
v 0.488295 -1.018229 -0.173093
v 0.489898 -1.019934 -0.173665
v 0.490484 -1.022262 -0.173871
v 0.490202 -1.039253 -0.173613
v 0.487671 -1.041698 -0.173379
v 0.510887 -1.017692 -0.085532
v 0.513096 -1.019698 -0.085910
v 0.513711 -1.022026 -0.086010
v 0.513711 -1.037143 -0.085970
v 0.513096 -1.039470 -0.085857
v 0.510864 -1.041464 -0.086013
v 0.516672 -1.017128 0.004521
v 0.519000 -1.017752 0.004530
v 0.520703 -1.019455 0.004541
v 0.521327 -1.021783 0.004549
v 0.521327 -1.036900 0.004589
v 0.520704 -1.039227 0.004594
v 0.518533 -1.041222 0.004053
v 0.510255 -1.017219 0.095081
v 0.512488 -1.019212 0.094938
v 0.513103 -1.021540 0.095055
v 0.513103 -1.036657 0.095095
v 0.512489 -1.038984 0.094991
v 0.510446 -1.040980 0.094079
v 0.486476 -1.016985 0.182286
v 0.488701 -1.018978 0.182536
v 0.489286 -1.021304 0.182757
v 0.489287 -1.036421 0.182798
v 0.488701 -1.038749 0.182589
v 0.486848 -1.040746 0.181337
v 0.448126 -1.016755 0.263539
v 0.450303 -1.019160 0.264813
v 0.450603 -1.036201 0.265033
v 0.450064 -1.038529 0.264725
v 0.448457 -1.040526 0.263171
v 0.396439 -1.016570 0.337032
v 0.397751 -1.018559 0.338851
v 0.398227 -1.020885 0.339260
v 0.397980 -1.037794 0.339097
v 0.396449 -1.040037 0.337809
v 0.394671 -1.040665 0.336309
v 0.330770 -1.016068 0.399716
v 0.332260 -1.016687 0.401506
v 0.333351 -1.018387 0.402819
v 0.333750 -1.020713 0.403305
v 0.333750 -1.035831 0.403345
v 0.333351 -1.038160 0.402872
v 0.331545 -1.040155 0.401556
v 0.257708 -1.016249 0.452681
v 0.258960 -1.018652 0.454874
v 0.259132 -1.035691 0.455221
v 0.258822 -1.038020 0.454686
v 0.257708 -1.040031 0.452746
v 0.176198 -1.016160 0.490485
v 0.176428 -1.018147 0.492717
v 0.176639 -1.020473 0.493310
v 0.176639 -1.035590 0.493351
v 0.176428 -1.037919 0.492770
v 0.176201 -1.039918 0.490548
v 0.087985 -1.015769 0.511937
v 0.088382 -1.016386 0.514232
v 0.088672 -1.018085 0.515916
v 0.088778 -1.020411 0.516536
v 0.088778 -1.035528 0.516577
v 0.088672 -1.037857 0.515969
v 0.088382 -1.039565 0.514294
v 0.087985 -1.040196 0.512003
v 0.000021 -8.536309 0.022975
v 0.000034 -10.422054 0.028038
v 0.006501 -8.540718 0.069135
v -0.000285 -8.554210 0.114247
v -0.000424 -8.576128 0.155519
v -0.000545 -8.605677 0.191722
v -0.000644 -8.641720 0.221464
v -0.000718 -8.682874 0.243604
v -0.000763 -8.727556 0.257289
v -0.000779 -8.774048 0.261994
v -0.000769 -10.183035 0.265777
v -0.000753 -10.229552 0.261322
v -0.000707 -10.274307 0.247877
v -0.000633 -10.315579 0.225959
v -0.000533 -10.351782 0.196410
v -0.000412 -10.381525 0.160367
v -0.000272 -10.403664 0.119213
v -0.006751 -10.417398 0.074130
v -0.013231 -8.540770 0.067565
v -0.025974 -8.554220 0.110466
v -0.037717 -8.576143 0.150029
v -0.048011 -8.605696 0.184734
v -0.056458 -8.641743 0.213248
v -0.062735 -8.682899 0.234474
v -0.066601 -8.727583 0.247597
v -0.067905 -8.774078 0.252113
v -0.067895 -10.183062 0.255896
v -0.066590 -10.229579 0.251630
v -0.062724 -10.274332 0.238748
v -0.056447 -10.315601 0.217743
v -0.047999 -10.351801 0.189423
v -0.037705 -10.381540 0.154877
v -0.025961 -10.403675 0.115432
v -0.025253 -8.540785 0.062026
v -0.049556 -8.554250 0.099600
v -0.071954 -8.576185 0.134255
v -0.091586 -8.605750 0.164658
v -0.107697 -8.641807 0.189640
v -0.119668 -8.682970 0.208243
v -0.127040 -8.727657 0.219750
v -0.129529 -8.774156 0.223720
v -0.129519 -10.183139 0.227503
v -0.127030 -10.229654 0.223783
v -0.119657 -10.274403 0.212516
v -0.107685 -10.315665 0.194135
v -0.091573 -10.351856 0.169346
v -0.071941 -10.381582 0.139103
v -0.049543 -10.403704 0.104566
v -0.025241 -10.417370 0.067065
v -0.035228 -8.540808 0.053324
v -0.069122 -8.554296 0.082531
v -0.100360 -8.576252 0.109474
v -0.127739 -8.605835 0.133118
v -0.150208 -8.641907 0.152553
v -0.166904 -8.683081 0.167034
v -0.177186 -8.727776 0.176002
v -0.180658 -8.774270 0.179115
v -0.180647 -10.183260 0.182898
v -0.177175 -10.229772 0.180035
v -0.166894 -10.274514 0.171307
v -0.150197 -10.315765 0.157047
v -0.127727 -10.351940 0.137806
v -0.100347 -10.381649 0.114322
v -0.069110 -10.403750 0.087497
v -0.035215 -10.417393 0.058363
v -0.042347 -8.540838 0.042164
v -0.083087 -8.554355 0.060641
v -0.120632 -8.576338 0.077694
v -0.153542 -8.605944 0.092670
v -0.180549 -8.642035 0.104991
v -0.200618 -8.683224 0.114186
v -0.212975 -8.727926 0.119899
v -0.217149 -8.774427 0.121912
v -0.217139 -10.183412 0.125696
v -0.212966 -10.229923 0.123932
v -0.200607 -10.274656 0.118459
v -0.180538 -10.315893 0.109486
v -0.153530 -10.352049 0.097358
v -0.120620 -10.381735 0.082542
v -0.083074 -10.403809 0.065607
v -0.042334 -10.417423 0.047203
v -0.046033 -8.540873 0.029451
v -0.090318 -8.554421 0.035703
v -0.131131 -8.576435 0.041490
v -0.166904 -8.606068 0.046591
v -0.196261 -8.642179 0.050808
v -0.218076 -8.683385 0.053980
v -0.231509 -8.728098 0.055986
v -0.236045 -8.774605 0.056747
v -0.236035 -10.183585 0.060530
v -0.231499 -10.230095 0.060019
v -0.218065 -10.274818 0.058253
v -0.196250 -10.316039 0.055302
v -0.166891 -10.352173 0.051279
v -0.131118 -10.381832 0.046338
v -0.090305 -10.403875 0.040669
v -0.046021 -10.417458 0.034490
v -0.045989 -8.540909 0.016214
v -0.090231 -8.554491 0.009738
v -0.131005 -8.576536 0.003795
v -0.166742 -8.606196 -0.001387
v -0.196072 -8.642332 -0.005607
v -0.217866 -8.683554 -0.008705
v -0.231286 -8.728277 -0.010560
v -0.235817 -8.774784 -0.011102
v -0.235807 -10.183771 -0.007319
v -0.231276 -10.230273 -0.006527
v -0.217855 -10.274986 -0.004432
v -0.196060 -10.316190 -0.001113
v -0.166731 -10.352303 0.003302
v -0.130991 -10.381933 0.008643
v -0.090218 -10.403945 0.014704
v -0.044634 -10.417559 0.014746
v -0.042217 -8.540942 0.003526
v -0.082832 -8.554558 -0.015151
v -0.120263 -8.576633 -0.032338
v -0.153071 -8.606319 -0.047375
v -0.179996 -8.642476 -0.059683
v -0.200003 -8.683714 -0.068791
v -0.212323 -8.728448 -0.074348
v -0.216483 -8.774958 -0.076140
v -0.216473 -10.183945 -0.072357
v -0.212313 -10.230444 -0.070315
v -0.199992 -10.275146 -0.064518
v -0.179984 -10.316336 -0.055189
v -0.153059 -10.352426 -0.042686
v -0.120250 -10.382030 -0.027490
v -0.082819 -10.404013 -0.010185
v -0.035024 -8.540973 -0.007585
v -0.068721 -8.554617 -0.036947
v -0.099777 -8.576718 -0.063981
v -0.126997 -8.606428 -0.087648
v -0.149336 -8.642603 -0.107040
v -0.165935 -8.683855 -0.121411
v -0.176157 -8.728598 -0.130209
v -0.179608 -8.775108 -0.133095
v -0.179598 -10.184099 -0.129312
v -0.176147 -10.230595 -0.126176
v -0.165925 -10.275289 -0.117138
v -0.149325 -10.316463 -0.102546
v -0.126985 -10.352533 -0.082960
v -0.099764 -10.382114 -0.059133
v -0.068708 -10.404071 -0.031981
v -0.035010 -10.417557 -0.002547
v -0.024990 -8.540995 -0.016220
v -0.049041 -8.554662 -0.053884
v -0.071205 -8.576784 -0.088570
v -0.090633 -8.606512 -0.118945
v -0.106576 -8.642702 -0.143841
v -0.118423 -8.683965 -0.162302
v -0.125719 -8.728714 -0.173618
v -0.128182 -8.775228 -0.177355
v -0.128172 -10.184215 -0.173572
v -0.125708 -10.230711 -0.169585
v -0.118412 -10.275398 -0.158029
v -0.106565 -10.316561 -0.139347
v -0.090621 -10.352617 -0.114257
v -0.071193 -10.382181 -0.083723
v -0.049028 -10.404116 -0.048918
v -0.024978 -10.417580 -0.011181
v -0.006458 -8.540966 -0.023161
v -0.025386 -8.554690 -0.064591
v -0.036864 -8.576826 -0.104114
v -0.046924 -8.606565 -0.138729
v -0.055181 -8.642764 -0.167104
v -0.061316 -8.684034 -0.188151
v -0.065093 -8.728787 -0.201059
v -0.066368 -8.775306 -0.205334
v -0.066359 -10.184288 -0.201550
v -0.065083 -10.230783 -0.197027
v -0.061304 -10.275467 -0.183878
v -0.055169 -10.316623 -0.162610
v -0.046912 -10.352670 -0.134041
v -0.036852 -10.382222 -0.099267
v -0.025373 -10.404145 -0.059625
v -0.012918 -10.417594 -0.016640
v 0.000327 -8.554700 -0.068200
v 0.000466 -8.576839 -0.109353
v 0.000588 -8.606582 -0.145397
v 0.000688 -8.642784 -0.174946
v 0.000762 -8.684057 -0.196864
v 0.000808 -8.728811 -0.210309
v 0.000823 -8.775331 -0.214764
v 0.000833 -10.184315 -0.210981
v 0.000818 -10.230808 -0.206276
v 0.000773 -10.275490 -0.192591
v 0.000699 -10.316644 -0.170451
v 0.000600 -10.352688 -0.140709
v 0.000479 -10.382236 -0.104506
v 0.000340 -10.404154 -0.063234
v 0.006821 -10.417646 -0.018077
v 0.013273 -8.541009 -0.021591
v 0.026016 -8.554689 -0.064419
v 0.037760 -8.576824 -0.103864
v 0.048054 -8.606563 -0.138410
v 0.056501 -8.642763 -0.166729
v 0.062779 -8.684032 -0.187734
v 0.066645 -8.728786 -0.200617
v 0.067950 -8.775301 -0.204882
v 0.067960 -10.184288 -0.201099
v 0.066655 -10.230782 -0.196584
v 0.062790 -10.275465 -0.183461
v 0.056513 -10.316622 -0.162235
v 0.048066 -10.352669 -0.133721
v 0.037772 -10.382221 -0.099016
v 0.026028 -10.404144 -0.059453
v 0.025295 -8.540995 -0.016051
v 0.049598 -8.554660 -0.053553
v 0.071997 -8.576781 -0.088089
v 0.091628 -8.606508 -0.118333
v 0.107740 -8.642698 -0.143121
v 0.119712 -8.683961 -0.161502
v 0.127085 -8.728710 -0.172769
v 0.129574 -8.775227 -0.176489
v 0.129584 -10.184212 -0.172706
v 0.127095 -10.230706 -0.168737
v 0.119723 -10.275394 -0.157229
v 0.107751 -10.316557 -0.138627
v 0.091640 -10.352613 -0.113644
v 0.072009 -10.382178 -0.083242
v 0.049611 -10.404114 -0.048587
v 0.025308 -10.417579 -0.011012
v 0.035270 -8.540971 -0.007349
v 0.069164 -8.554614 -0.036484
v 0.100402 -8.576715 -0.063308
v 0.127781 -8.606423 -0.086793
v 0.150251 -8.642599 -0.106034
v 0.166949 -8.683849 -0.120293
v 0.177230 -8.728592 -0.129022
v 0.180703 -8.775105 -0.131885
v 0.180712 -10.184093 -0.128102
v 0.177241 -10.230589 -0.124989
v 0.166959 -10.275284 -0.116020
v 0.150263 -10.316458 -0.101540
v 0.127793 -10.352530 -0.082104
v 0.100414 -10.382113 -0.058461
v 0.069177 -10.404068 -0.031518
v 0.035283 -10.417555 -0.002311
v 0.042389 -8.540941 0.003810
v 0.083129 -8.554555 -0.014593
v 0.120675 -8.576630 -0.031529
v 0.153584 -8.606315 -0.046345
v 0.180592 -8.642471 -0.058472
v 0.200662 -8.683708 -0.067445
v 0.213020 -8.728441 -0.072919
v 0.217193 -8.774950 -0.074683
v 0.217203 -10.183933 -0.070900
v 0.213030 -10.230438 -0.068886
v 0.200672 -10.275142 -0.063172
v 0.180604 -10.316330 -0.053978
v 0.153596 -10.352420 -0.041656
v 0.120687 -10.382027 -0.026681
v 0.083141 -10.404010 -0.009627
v 0.042402 -10.417525 0.008849
v 0.046076 -8.540907 0.016523
v 0.090360 -8.554488 0.010344
v 0.131173 -8.576532 0.004676
v 0.166946 -8.606192 -0.000266
v 0.196305 -8.642324 -0.004289
v 0.218120 -8.683546 -0.007240
v 0.231554 -8.728270 -0.009006
v 0.236090 -8.774776 -0.009517
v 0.236100 -10.183764 -0.005734
v 0.231564 -10.230266 -0.004973
v 0.218131 -10.274981 -0.002967
v 0.196316 -10.316184 0.000205
v 0.166958 -10.352297 0.004423
v 0.131186 -10.381929 0.009523
v 0.090373 -10.403943 0.015310
v 0.046633 -10.417522 0.028187
v 0.044690 -8.540806 0.036266
v 0.090273 -8.554419 0.036309
v 0.131047 -8.576431 0.042371
v 0.166785 -8.606062 0.047711
v 0.196115 -8.642174 0.052126
v 0.217910 -8.683378 0.055445
v 0.231330 -8.728091 0.057541
v 0.235862 -8.774596 0.058332
v 0.235872 -10.183580 0.062115
v 0.231341 -10.230087 0.061573
v 0.217920 -10.274811 0.059718
v 0.196126 -10.316032 0.056620
v 0.166797 -10.352168 0.052400
v 0.131059 -10.381828 0.047218
v 0.090286 -10.403872 0.041275
v 0.082874 -8.554352 0.061198
v 0.120305 -8.576334 0.078503
v 0.153114 -8.605939 0.093700
v 0.180040 -8.642029 0.106202
v 0.200047 -8.683217 0.115531
v 0.212367 -8.727920 0.121328
v 0.216528 -8.774419 0.123370
v 0.216538 -10.183407 0.127153
v 0.212378 -10.229916 0.125361
v 0.200058 -10.274650 0.119804
v 0.180051 -10.315887 0.110697
v 0.153126 -10.352044 0.098388
v 0.120317 -10.381731 0.083351
v 0.082887 -10.403806 0.066164
v 0.042272 -10.417421 0.047487
v 0.035065 -8.540807 0.053560
v 0.068763 -8.554293 0.082994
v 0.099819 -8.576249 0.110146
v 0.127040 -8.605831 0.133973
v 0.149380 -8.641901 0.153559
v 0.165979 -8.683076 0.168151
v 0.176202 -8.727770 0.177189
v 0.179654 -8.774265 0.180325
v 0.179663 -10.183257 0.184108
v 0.176212 -10.229767 0.181222
v 0.165991 -10.274508 0.172425
v 0.149391 -10.315761 0.158054
v 0.127052 -10.351936 0.138662
v 0.099832 -10.381646 0.114994
v 0.068775 -10.403748 0.087960
v 0.035078 -10.417393 0.058599
v 0.025033 -8.540784 0.062195
v 0.049083 -8.554248 0.099931
v 0.071248 -8.576183 0.134736
v 0.090676 -8.605747 0.165270
v 0.106619 -8.641804 0.190360
v 0.118467 -8.682966 0.209042
v 0.125763 -8.727654 0.220599
v 0.128227 -8.774147 0.224585
v 0.128236 -10.183134 0.228369
v 0.125773 -10.229650 0.224632
v 0.118478 -10.274399 0.213315
v 0.106631 -10.315662 0.194855
v 0.090687 -10.351853 0.169958
v 0.071260 -10.381580 0.139583
v 0.049095 -10.403703 0.104897
v 0.025045 -10.417369 0.067233
v 0.025428 -8.554219 0.110638
v 0.036906 -8.576141 0.150280
v 0.046967 -8.605694 0.185054
v 0.055224 -8.641741 0.213623
v 0.061359 -8.682898 0.234891
v 0.065137 -8.727581 0.248040
v 0.066414 -8.774076 0.252564
v 0.066423 -10.183058 0.256347
v 0.065148 -10.229577 0.252073
v 0.061370 -10.274330 0.239164
v 0.055235 -10.315600 0.218118
v 0.046979 -10.351801 0.189742
v 0.036919 -10.381538 0.155128
v 0.025440 -10.403674 0.115604
v 0.012986 -10.417355 0.072692
vn 0.8415 0.3739 -0.3900
vn -0.2369 0.3725 -0.8973
vn -0.0000 -1.0000 0.0027
vn -0.5292 0.3729 -0.7622
vn -0.6533 0.3731 -0.6587
vn 0.7612 0.3735 -0.5302
vn 0.6577 0.3732 -0.6543
vn -0.8415 0.3759 0.3880
vn -0.7612 0.3763 0.5282
vn -0.6577 0.3767 0.6523
vn -0.3946 0.3772 0.8379
vn 0.3946 0.3727 -0.8399
vn -0.0000 -1.0000 0.0026
vn 0.2369 0.3773 0.8953
vn 0.0001 -1.0000 0.0027
vn 0.7576 0.3763 0.5333
vn 0.8389 0.3760 0.3936
vn 0.8947 0.3756 0.2419
vn 0.9233 0.3751 0.0829
vn 0.2578 0.9590 0.1178
vn 0.2581 -0.9659 0.0222
vn 0.1882 0.9531 0.2371
vn 0.1886 -0.9718 0.1417
vn 0.0681 0.9497 0.3058
vn 0.0685 -0.9752 0.2104
vn -0.0702 0.9497 0.3053
vn -0.0698 -0.9752 0.2099
vn -0.1898 0.9531 0.2358
vn -0.1895 -0.9718 0.1406
vn -0.2586 0.9590 0.1160
vn -0.2582 -0.9659 0.0206
vn -0.2581 0.9659 -0.0222
vn -0.2578 -0.9590 -0.1175
vn -0.1885 0.9718 -0.1417
vn -0.1882 -0.9531 -0.2372
vn -0.0685 0.9752 -0.2104
vn -0.0682 -0.9497 -0.3058
vn 0.0699 0.9752 -0.2099
vn 0.0702 -0.9497 -0.3053
vn 0.1895 0.9718 -0.1406
vn 0.1898 -0.9531 -0.2357
vn 0.2583 0.9659 -0.0205
vn 0.2586 -0.9590 -0.1159
vn 0.2578 0.9590 0.1176
vn 0.2581 -0.9659 0.0223
vn 0.1886 -0.9718 0.1418
vn 0.0681 0.9496 0.3058
vn 0.0685 -0.9752 0.2105
vn -0.0702 0.9496 0.3053
vn -0.0699 -0.9752 0.2099
vn -0.1895 -0.9718 0.1405
vn -0.2586 0.9590 0.1159
vn -0.2582 0.9658 -0.0223
vn -0.2578 -0.9590 -0.1179
vn -0.1887 0.9718 -0.1415
vn -0.1882 -0.9531 -0.2370
vn -0.0682 -0.9496 -0.3058
vn 0.0699 0.9752 -0.2100
vn 0.0702 -0.9497 -0.3052
vn 0.1894 0.9718 -0.1405
vn 0.1898 -0.9531 -0.2358
vn 0.2583 0.9659 -0.0206
vn 0.2586 -0.9590 -0.1158
vn 0.2578 0.9590 0.1177
vn 0.0682 0.9497 0.3058
vn -0.1898 0.9531 0.2359
vn -0.2578 -0.9590 -0.1177
vn -0.1886 0.9718 -0.1418
vn -0.1882 -0.9531 -0.2371
vn 0.0698 0.9752 -0.2100
vn 0.1895 0.9718 -0.1404
vn 0.1899 -0.9531 -0.2357
vn 0.2582 0.9659 -0.0205
vn 0.2586 -0.9590 -0.1160
vn -0.7576 0.3735 -0.5353
vn -0.0000 -1.0000 0.0028
vn -0.3890 0.3726 -0.8425
vn -0.8389 0.3738 -0.3956
vn -0.8947 0.3742 -0.2440
vn -0.9233 0.3747 -0.0849
vn -0.9238 0.3751 0.0767
vn -0.8963 0.3755 0.2359
vn -0.5343 0.3769 0.7566
vn 0.5343 0.3729 -0.7586
vn -0.2430 0.3773 0.8937
vn -0.0839 0.3774 0.9223
vn 0.0777 0.3774 0.9228
vn 0.3890 0.3772 0.8405
vn 0.5292 0.3769 0.7602
vn 0.2429 0.3725 -0.8957
vn -0.0315 0.9255 -0.3774
vn 0.6533 0.3767 0.6567
vn 0.0839 0.3724 -0.9243
vn 0.9238 0.3747 -0.0787
vn 0.8963 0.3743 -0.2379
vn 0.0339 0.9256 -0.3769
vn -0.0962 0.9255 -0.3663
vn 0.0986 0.9255 -0.3656
vn -0.1578 0.9256 -0.3440
vn 0.1601 0.9256 -0.3429
vn -0.2147 0.9257 -0.3113
vn 0.2168 0.9257 -0.3099
vn -0.2651 0.9258 -0.2694
vn 0.2669 0.9258 -0.2676
vn -0.3075 0.9259 -0.2194
vn 0.3090 0.9259 -0.2173
vn -0.3400 0.9263 -0.1625
vn 0.3416 0.9261 -0.1604
vn -0.3630 0.9263 -0.1011
vn 0.3638 0.9262 -0.0987
vn -0.3746 0.9264 -0.0365
vn 0.3750 0.9264 -0.0341
vn -0.3749 0.9266 0.0290
vn 0.3748 0.9266 0.0316
vn 0.3631 0.9268 0.0961
vn 0.3400 0.9271 0.1575
vn 0.3075 0.9271 0.2144
vn 0.2652 0.9272 0.2645
vn 0.2147 0.9274 0.3064
vn 0.1579 0.9274 0.3391
vn 0.0962 0.9274 0.3614
vn 0.0315 0.9275 0.3725
vn -0.0340 0.9275 0.3722
vn -0.0986 0.9275 0.3605
vn -0.1601 0.9274 0.3380
vn -0.2169 0.9273 0.3050
vn -0.2669 0.9272 0.2627
vn -0.3090 0.9271 0.2123
vn -0.3415 0.9270 0.1554
vn -0.0000 1.0000 -0.0027
vn 0.2586 0.9647 0.0487
vn 0.7070 0.7063 0.0374
vn 0.9659 0.2585 0.0160
vn 1.0000 -0.0000 0.0034
vn 0.9660 -0.2585 -0.0096
vn 0.7072 -0.7062 -0.0326
vn 0.2590 -0.9647 -0.0469
vn 0.6940 0.6847 0.2226
vn 0.9342 0.2379 0.2658
vn 0.9651 -0.0128 0.2617
vn 0.9343 -0.2627 0.2410
vn 0.6942 -0.7031 0.1539
vn 0.5068 0.6687 0.5440
vn 0.6822 0.2164 0.6984
vn 0.7047 -0.0350 0.7086
vn 0.6823 -0.2841 0.6736
vn 0.5070 -0.7190 0.4753
vn 0.1837 0.6595 0.7289
vn 0.2474 0.2040 0.9472
vn 0.2556 -0.0478 0.9656
vn 0.2475 -0.2965 0.9224
vn 0.1840 -0.7283 0.6601
vn -0.0010 0.9519 0.3063
vn -0.0025 0.6713 0.7412
vn -0.0033 0.2107 0.9775
vn -0.0034 -0.0495 0.9988
vn -0.0032 -0.3063 0.9519
vn -0.0022 -0.7412 0.6712
vn -0.0007 -0.9775 0.2107
vn -0.1886 0.6595 0.7276
vn -0.2537 0.2040 0.9455
vn -0.2620 -0.0478 0.9639
vn -0.2536 -0.2965 0.9207
vn -0.1883 -0.7282 0.6589
vn -0.5104 0.6687 0.5406
vn -0.6869 0.2164 0.6938
vn -0.7095 -0.0350 0.7038
vn -0.6868 -0.2841 0.6690
vn -0.5102 -0.7191 0.4719
vn -0.6955 0.6847 0.2180
vn -0.9360 0.2378 0.2595
vn -0.9668 -0.0128 0.2553
vn -0.9359 -0.2627 0.2347
vn -0.6952 -0.7031 0.1492
vn -0.2590 0.9647 0.0469
vn -0.7072 0.7062 0.0326
vn -0.9660 0.2585 0.0096
vn -1.0000 -0.0000 -0.0034
vn -0.9659 -0.2585 -0.0161
vn -0.7070 -0.7063 -0.0374
vn -0.2586 -0.9647 -0.0487
vn -0.6942 0.7031 -0.1539
vn -0.9343 0.2626 -0.2410
vn -0.9651 0.0128 -0.2618
vn -0.9342 -0.2379 -0.2658
vn -0.6940 -0.6847 -0.2227
vn -0.5070 0.7191 -0.4753
vn -0.6823 0.2841 -0.6736
vn -0.7047 0.0350 -0.7086
vn -0.6822 -0.2164 -0.6984
vn -0.5067 -0.6688 -0.5440
vn -0.1839 0.7283 -0.6602
vn -0.2475 0.2965 -0.9224
vn -0.2556 0.0478 -0.9656
vn -0.2474 -0.2040 -0.9472
vn -0.1837 -0.6595 -0.7289
vn 0.0007 0.9775 -0.2107
vn 0.0022 0.7412 -0.6713
vn 0.0032 0.3063 -0.9519
vn 0.0034 0.0495 -0.9988
vn 0.0033 -0.2107 -0.9775
vn 0.0025 -0.6713 -0.7412
vn 0.0010 -0.9519 -0.3063
vn 0.1884 0.7283 -0.6589
vn 0.2537 0.2965 -0.9207
vn 0.2621 0.0478 -0.9639
vn 0.2538 -0.2040 -0.9455
vn 0.1886 -0.6595 -0.7277
vn 0.5102 0.7191 -0.4719
vn 0.6868 0.2841 -0.6690
vn 0.7095 0.0350 -0.7039
vn 0.6869 -0.2164 -0.6938
vn 0.5104 -0.6687 -0.5406
vn 0.6952 0.7031 -0.1492
vn 0.9359 0.2627 -0.2347
vn 0.9668 0.0128 -0.2553
vn 0.9360 -0.2378 -0.2595
vn 0.6955 -0.6847 -0.2179
vn 0.0002 -0.9988 -0.0495
vn -0.0002 0.9988 0.0495
vn 0.9659 0.2585 0.0161
vn 0.9343 -0.2626 0.2410
vn 0.5068 0.6688 0.5440
vn 0.5070 -0.7190 0.4754
vn -0.0022 -0.7413 0.6712
vn -0.2621 -0.0478 0.9639
vn -0.2537 -0.2965 0.9207
vn -0.1883 -0.7283 0.6589
vn -0.7095 -0.0350 0.7039
vn -0.7070 -0.7062 -0.0374
vn -0.2586 -0.9648 -0.0487
vn -0.9343 0.2627 -0.2410
vn -0.9651 0.0128 -0.2617
vn -0.5067 -0.6687 -0.5441
vn 0.0007 0.9776 -0.2107
vn 0.0025 -0.6712 -0.7412
vn 0.2536 0.2965 -0.9207
vn 0.2620 0.0478 -0.9639
vn 0.2537 -0.2040 -0.9455
vn 0.1886 -0.6595 -0.7276
vn 0.5101 0.7191 -0.4719
vn 0.5104 -0.6687 -0.5407
vn 0.6952 0.7031 -0.1491
vn 0.7070 0.7062 0.0374
vn 0.5067 0.6687 0.5441
vn 0.1839 -0.7283 0.6602
vn -0.0025 0.6712 0.7412
vn -0.1884 -0.7283 0.6589
vn -0.5101 -0.7191 0.4719
vn -0.6940 -0.6847 -0.2226
vn -0.5068 -0.6687 -0.5440
vn -0.1839 0.7283 -0.6601
vn 0.0007 0.9775 -0.2108
vn 0.0022 0.7413 -0.6712
vn 0.1883 0.7283 -0.6589
vn 0.5102 0.7191 -0.4718
vn 0.6955 -0.6847 -0.2180
vn -0.0777 0.3724 -0.9248
vn -0.0001 -1.0000 0.0025
vn -0.4007 0.2945 -0.8676
vn -0.5365 0.2945 -0.7908
vn -0.6737 0.2951 -0.6775
vn -0.6748 0.2950 -0.6765
vn -0.6729 0.2951 -0.6783
vn -0.6755 0.2950 -0.6758
vn -0.7803 0.2955 -0.5511
vn -0.7765 0.2952 -0.5567
vn 0.7868 0.2953 -0.5419
vn -0.8641 0.2958 -0.4073
vn -0.8660 0.2960 -0.4030
vn -0.9510 0.2966 -0.0872
vn -0.9511 0.2967 -0.0859
vn -0.8668 0.2979 0.3999
vn -0.8602 0.2985 0.4135
vn -0.7852 0.2984 0.5427
vn -0.7879 0.2986 0.5385
vn -0.7868 0.2985 0.5402
vn -0.6775 0.2987 0.6722
vn 0.0001 -1.0000 0.0025
vn -0.5529 0.2991 0.7777
vn -0.5595 0.2994 0.7729
vn -0.5568 0.2993 0.7749
vn -0.3968 0.2996 0.8676
vn -0.2508 0.2993 0.9206
vn -0.2519 0.2994 0.9203
vn -0.2502 0.2993 0.9208
vn -0.2524 0.2994 0.9201
vn -0.0864 0.2994 0.9502
vn -0.0861 0.2995 0.9502
vn 0.4065 0.2946 -0.8649
vn 0.7803 0.2984 0.5496
vn 0.7848 0.2987 0.5430
vn -0.0001 -1.0000 0.0027
vn 0.8631 0.2982 0.4077
vn 0.8616 0.2983 0.4108
vn 0.8641 0.2980 0.4057
vn 0.9219 0.2976 0.2480
vn 0.9226 0.2975 0.2457
vn 0.9215 0.2976 0.2494
vn 0.9230 0.2974 0.2441
vn 0.9510 0.2972 0.0856
vn 0.9507 0.2970 0.0889
vn 0.0864 0.2943 -0.9518
vn 0.0003 -1.0000 0.0026
vn 0.1520 0.8130 -0.5621
vn 0.2476 0.8129 -0.5272
vn -0.4078 0.8796 -0.2451
vn 0.3661 0.8800 -0.3026
vn -0.4328 0.8974 -0.0861
vn 0.3012 0.8821 0.3622
vn -0.0800 0.2943 -0.9524
vn -0.0796 0.2943 -0.9524
vn -0.0789 0.2944 -0.9524
vn -0.0783 0.2944 -0.9525
vn -0.2441 0.2944 -0.9240
vn -0.4078 0.2949 -0.8642
vn -0.5451 0.2949 -0.7848
vn 0.7840 0.2955 -0.5459
vn 0.0002 -1.0000 0.0028
vn -0.9216 0.2962 -0.2510
vn -0.9164 0.2969 -0.2686
vn 0.0002 -1.0000 0.0027
vn -0.9518 0.2971 0.0765
vn 0.2427 0.2994 0.9227
vn 0.6775 0.2951 -0.6737
vn 0.6770 0.2951 -0.6743
vn 0.6762 0.2950 -0.6751
vn -0.9232 0.2975 0.2432
vn -0.9231 0.2974 0.2436
vn -0.9231 0.2974 0.2439
vn -0.9230 0.2974 0.2443
vn 0.6756 0.2950 -0.6757
vn -0.7841 0.2983 0.5443
vn -0.0002 -1.0000 0.0028
vn -0.6654 0.2994 0.6838
vn 0.5503 0.2948 -0.7812
vn 0.5530 0.2950 -0.7792
vn 0.5571 0.2952 -0.7763
vn -0.5503 0.2990 0.7796
vn 0.5598 0.2953 -0.7742
vn -0.4065 0.2992 0.8633
vn 0.0800 0.2994 0.9508
vn 0.0843 0.2996 0.9503
vn 0.4064 0.2946 -0.8649
vn 0.4014 0.2992 0.8656
vn -0.0001 -1.0000 0.0030
vn 0.5439 0.2990 0.7840
vn 0.9233 0.2962 -0.2443
vn 0.2502 0.2944 -0.9223
vn 0.2502 0.2944 -0.9224
vn 0.6730 0.2987 0.6767
vn 0.6732 0.2986 0.6765
vn 0.6735 0.2987 0.6761
vn 0.8605 0.2983 0.4130
vn 0.9515 0.2967 -0.0808
vn 0.9515 0.2967 -0.0816
vn 0.9514 0.2966 -0.0827
vn 0.9513 0.2966 -0.0835
vn 0.0749 0.2948 -0.9526
vn 0.8666 0.2958 -0.4019
vn -0.0741 0.9573 -0.2794
vn 0.0723 0.9183 -0.3893
vn -0.0228 0.9610 0.2755
vn -0.2872 0.8915 -0.3503
vn 0.1976 0.9158 -0.3497
vn 0.3985 0.9065 -0.1397
vn 0.4294 0.9031 -0.0075
vn 0.4266 0.8911 0.1549
vn 0.1465 0.8971 0.4169
vn -0.0080 0.9998 -0.0178
vn -0.0031 0.9997 -0.0235
vn -0.0049 0.9998 -0.0203
vn -0.2228 0.8963 0.3833
vn -0.3316 0.9017 0.2773
vn -0.0024 0.9997 -0.0232
vn -0.0060 0.9997 -0.0223
vn -0.0079 0.9997 -0.0210
vn -0.0132 0.9998 -0.0178
vn -0.0137 0.9998 -0.0171
vn -0.0106 0.9998 -0.0195
vn -0.0001 1.0000 -0.0023
vn 0.0001 1.0000 -0.0023
vn -0.0002 1.0000 -0.0024
vn 0.0138 0.9998 -0.0153
vn 0.0142 0.9999 -0.0084
vn 0.0105 0.9999 -0.0137
vn -0.0154 0.9998 -0.0126
vn -0.0161 0.9998 -0.0109
vn -0.0137 0.9998 -0.0160
vn 0.0135 0.9998 -0.0154
vn 0.0232 0.9997 -0.0057
vn 0.0161 0.9998 -0.0135
vn -0.0202 0.9998 -0.0047
vn -0.0201 0.9998 -0.0048
vn -0.0162 0.9998 -0.0102
vn 0.0199 0.9997 -0.0107
vn 0.0276 0.9996 -0.0080
vn 0.0270 0.9996 -0.0094
vn -0.0203 0.9998 -0.0046
vn -0.0368 0.9989 0.0293
vn 0.0189 0.9998 0.0060
vn 0.0192 0.9998 0.0058
vn 0.0181 0.9998 0.0003
vn 0.0159 0.9999 0.0037
vn 0.0181 0.9998 -0.0009
vn 0.0126 0.9999 0.0115
vn 0.0183 0.9998 0.0068
vn 0.0153 0.9998 0.0090
vn 0.0043 0.9999 0.0167
vn 0.0132 0.9999 0.0109
vn 0.0099 0.9999 0.0130
vn 0.0032 0.9998 0.0206
vn 0.0008 0.9998 0.0212
vn 0.0070 0.9999 0.0147
vn -0.0006 0.9998 0.0178
vn 0.0015 0.9998 0.0211
vn -0.0041 0.9999 0.0160
vn -0.0099 0.9999 0.0136
vn -0.0072 0.9999 0.0147
vn -0.0106 0.9999 0.0130
vn -0.0175 0.9998 0.0096
vn -0.0174 0.9998 0.0096
vn -0.0136 0.9998 0.0112
vn -0.0481 0.9988 -0.0116
vn -0.0176 0.9998 0.0096
vn 0.1623 0.9662 0.2002
vn 0.4426 0.7073 0.5512
vn 0.6037 0.2599 0.7537
vn 0.6248 0.0021 0.7808
vn 0.6037 -0.2559 0.7550
vn 0.4426 -0.7043 0.5551
vn 0.1623 -0.9651 0.2055
vn -0.1623 -0.9662 -0.2001
vn -0.4426 -0.7072 -0.5513
vn -0.6037 -0.2599 -0.7537
vn -0.6248 -0.0021 -0.7808
vn -0.6037 0.2559 -0.7550
vn -0.4426 0.7042 -0.5551
vn -0.1623 0.9652 -0.2053
vn 0.1246 0.9663 0.2253
vn 0.3399 0.7075 0.6196
vn 0.4634 0.2601 0.8471
vn 0.4797 0.0024 0.8774
vn 0.4635 -0.2556 0.8484
vn 0.3399 -0.7040 0.6236
vn 0.1246 -0.9650 0.2307
vn -0.1246 -0.9663 -0.2252
vn -0.3399 -0.7074 -0.6197
vn -0.4635 -0.2602 -0.8470
vn -0.4797 -0.0024 -0.8774
vn -0.4635 0.2556 -0.8484
vn -0.3399 0.7041 -0.6235
vn -0.1246 0.9650 -0.2306
vn 0.0831 0.9663 0.2435
vn 0.2268 0.7076 0.6693
vn 0.3093 0.2603 0.9146
vn 0.3201 0.0025 0.9474
vn 0.3093 -0.2555 0.9160
vn 0.2268 -0.7039 0.6731
vn 0.0832 -0.9650 0.2487
vn -0.0831 -0.9663 -0.2437
vn -0.2268 -0.7076 -0.6693
vn -0.3093 -0.2603 -0.9146
vn -0.3201 -0.0025 -0.9474
vn -0.3092 0.2554 -0.9161
vn -0.2268 0.7040 -0.6730
vn -0.0831 0.9650 -0.2488
vn 0.0391 0.9664 0.2541
vn 0.1068 0.7076 0.6985
vn 0.1456 0.2604 0.9545
vn 0.1507 0.0027 0.9886
vn 0.1456 -0.2553 0.9558
vn 0.1068 -0.7039 0.7022
vn 0.0392 -0.9649 0.2595
vn -0.0392 -0.9664 -0.2541
vn -0.1068 -0.7076 -0.6985
vn -0.1456 -0.2604 -0.9544
vn -0.1507 -0.0027 -0.9886
vn -0.1456 0.2553 -0.9558
vn -0.1068 0.7040 -0.7021
vn -0.0391 0.9649 -0.2595
vn -0.0060 0.9663 0.2572
vn -0.0165 0.7077 0.7064
vn -0.0225 0.2605 0.9652
vn -0.0232 0.0027 0.9997
vn -0.0224 -0.2553 0.9666
vn -0.0165 -0.7039 0.7101
vn -0.0060 -0.9650 0.2623
vn 0.0061 -0.9664 -0.2570
vn 0.0165 -0.7076 -0.7064
vn 0.0225 -0.2605 -0.9652
vn 0.0232 -0.0027 -0.9997
vn 0.0224 0.2553 -0.9666
vn 0.0164 0.7039 -0.7101
vn 0.0060 0.9650 -0.2622
vn -0.0511 0.9663 0.2522
vn -0.1392 0.7076 0.6928
vn -0.1899 0.2605 0.9466
vn -0.1965 0.0026 0.9805
vn -0.1898 -0.2554 0.9480
vn -0.1392 -0.7039 0.6965
vn -0.0510 -0.9650 0.2573
vn 0.0510 -0.9664 -0.2521
vn 0.1392 -0.7077 -0.6927
vn 0.1898 -0.2605 -0.9466
vn 0.1965 -0.0026 -0.9805
vn 0.1898 0.2553 -0.9480
vn 0.1392 0.7039 -0.6966
vn 0.0509 0.9649 -0.2575
vn -0.0945 0.9663 0.2394
vn -0.2577 0.7075 0.6581
vn -0.3515 0.2603 0.8993
vn -0.3638 0.0025 0.9315
vn -0.3515 -0.2555 0.9007
vn -0.2577 -0.7040 0.6618
vn -0.0945 -0.9650 0.2445
vn 0.0945 -0.9663 -0.2395
vn 0.2577 -0.7076 -0.6580
vn 0.3515 -0.2604 -0.8993
vn 0.3638 -0.0025 -0.9315
vn 0.3514 0.2555 -0.9007
vn 0.2577 0.7040 -0.6618
vn 0.0945 0.9650 -0.2446
vn -0.1351 0.9663 0.2192
vn -0.3684 0.7074 0.6032
vn -0.5024 0.2601 0.8246
vn -0.5200 0.0023 0.8542
vn -0.5024 -0.2557 0.8260
vn -0.3684 -0.7041 0.6071
vn -0.1351 -0.9651 0.2244
vn 0.1351 -0.9662 -0.2194
vn 0.3684 -0.7074 -0.6032
vn 0.5024 -0.2601 -0.8246
vn 0.5200 -0.0023 -0.8542
vn 0.5024 0.2557 -0.8260
vn 0.3684 0.7041 -0.6070
vn 0.1350 0.9651 -0.2245
vn -0.1715 0.9662 0.1923
vn -0.4679 0.7072 0.5301
vn -0.6381 0.2598 0.7248
vn -0.6604 0.0020 0.7509
vn -0.6381 -0.2560 0.7261
vn -0.4679 -0.7043 0.5339
vn -0.1716 -0.9651 0.1977
vn 0.1715 -0.9662 -0.1924
vn 0.4679 -0.7072 -0.5301
vn 0.6380 -0.2598 -0.7248
vn 0.6604 -0.0020 -0.7509
vn 0.6381 0.2559 -0.7262
vn 0.4678 0.7043 -0.5339
vn 0.1716 0.9651 -0.1977
vn -0.2028 0.9661 0.1597
vn -0.5531 0.7069 0.4408
vn -0.7544 0.2595 0.6030
vn -0.7808 0.0017 0.6248
vn -0.7544 -0.2563 0.6043
vn -0.5531 -0.7046 0.4446
vn -0.2028 -0.9652 0.1649
vn 0.2028 -0.9661 -0.1597
vn 0.5532 -0.7070 -0.4407
vn 0.7543 -0.2595 -0.6030
vn 0.7808 -0.0017 -0.6248
vn 0.7543 0.2562 -0.6044
vn 0.5531 0.7046 -0.4445
vn 0.2028 0.9652 -0.1649
vn -0.2280 0.9660 0.1220
vn -0.6216 0.7067 0.3380
vn -0.8477 0.2592 0.4629
vn -0.8774 0.0013 0.4797
vn -0.8477 -0.2566 0.4642
vn -0.6216 -0.7049 0.3418
vn -0.2279 -0.9653 0.1272
vn 0.2279 -0.9660 -0.1220
vn 0.6216 -0.7067 -0.3380
vn 0.8478 -0.2591 -0.4628
vn 0.8774 -0.0013 -0.4797
vn 0.8478 0.2566 -0.4641
vn 0.6216 0.7048 -0.3418
vn 0.2279 0.9653 -0.1272
vn -0.2461 0.9659 0.0805
vn -0.6712 0.7064 0.2249
vn -0.9153 0.2588 0.3086
vn -0.9474 0.0009 0.3201
vn -0.9153 -0.2571 0.3100
vn -0.6712 -0.7051 0.2287
vn -0.2461 -0.9654 0.0857
vn 0.2461 -0.9659 -0.0806
vn 0.6711 -0.7064 -0.2249
vn 0.9153 -0.2587 -0.3086
vn 0.9474 -0.0009 -0.3201
vn 0.9154 0.2570 -0.3099
vn 0.6712 0.7051 -0.2287
vn 0.2461 0.9655 -0.0857
vn -0.2568 0.9658 0.0366
vn -0.7004 0.7060 0.1049
vn -0.9551 0.2583 0.1449
vn -0.9886 0.0004 0.1507
vn -0.9551 -0.2576 0.1463
vn -0.7004 -0.7054 0.1087
vn -0.2568 -0.9656 0.0417
vn 0.2569 -0.9658 -0.0366
vn 0.7003 -0.7061 -0.1049
vn 0.9551 -0.2583 -0.1449
vn 0.9886 -0.0004 -0.1507
vn 0.9551 0.2575 -0.1463
vn 0.7004 0.7054 -0.1087
vn 0.2567 0.9656 -0.0418
vn -0.2596 0.9657 -0.0086
vn -0.7083 0.7057 -0.0183
vn -0.9659 0.2579 -0.0231
vn -0.9997 -0.0001 -0.0232
vn -0.9659 -0.2579 -0.0218
vn -0.7083 -0.7058 -0.0146
vn -0.2597 -0.9657 -0.0034
vn 0.2597 -0.9657 0.0086
vn 0.7082 -0.7057 0.0183
vn 0.9659 -0.2578 0.0231
vn 0.9997 0.0001 0.0232
vn 0.9659 0.2580 0.0218
vn 0.7082 0.7058 0.0146
vn 0.2597 0.9657 0.0034
vn -0.2546 0.9656 -0.0537
vn -0.6947 0.7054 -0.1411
vn -0.9473 0.2574 -0.1906
vn -0.9805 -0.0005 -0.1965
vn -0.9473 -0.2584 -0.1891
vn -0.6946 -0.7061 -0.1373
vn -0.2547 -0.9658 -0.0484
vn 0.2547 -0.9655 0.0536
vn 0.6946 -0.7054 0.1411
vn 0.9473 -0.2574 0.1905
vn 0.9805 0.0005 0.1965
vn 0.9473 0.2584 0.1891
vn 0.6946 0.7061 0.1373
vn 0.2547 0.9658 0.0484
vn -0.2419 0.9654 -0.0971
vn -0.6599 0.7050 -0.2596
vn -0.9000 0.2569 -0.3521
vn -0.9315 -0.0010 -0.3638
vn -0.9000 -0.2589 -0.3507
vn -0.6600 -0.7064 -0.2558
vn -0.2419 -0.9659 -0.0919
vn 0.2420 -0.9654 0.0971
vn 0.6599 -0.7051 0.2596
vn 0.9000 -0.2570 0.3521
vn 0.9315 0.0010 0.3638
vn 0.9000 0.2588 0.3508
vn 0.6599 0.7064 0.2558
vn 0.2419 0.9659 0.0919
vn -0.2219 0.9653 -0.1376
vn -0.6052 0.7048 -0.3703
vn -0.8253 0.2565 -0.5031
vn -0.8542 -0.0014 -0.5200
vn -0.8253 -0.2593 -0.5017
vn -0.6052 -0.7067 -0.3665
vn -0.2218 -0.9661 -0.1325
vn 0.2219 -0.9653 0.1376
vn 0.6051 -0.7048 0.3703
vn 0.8253 -0.2566 0.5031
vn 0.8542 0.0014 0.5200
vn 0.8253 0.2592 0.5017
vn 0.6051 0.7067 0.3665
vn 0.2218 0.9660 0.1325
vn -0.1951 0.9652 -0.1742
vn -0.5319 0.7045 -0.4698
vn -0.7255 0.2562 -0.6387
vn -0.7509 -0.0018 -0.6604
vn -0.7255 -0.2596 -0.6374
vn -0.5320 -0.7070 -0.4659
vn -0.1950 -0.9661 -0.1690
vn 0.1951 -0.9652 0.1742
vn 0.5320 -0.7045 0.4697
vn 0.7255 -0.2562 0.6388
vn 0.7509 0.0018 0.6604
vn 0.7255 0.2596 0.6374
vn 0.5320 0.7070 0.4660
vn 0.1950 0.9662 0.1689
vn -0.1624 0.9651 -0.2055
vn -0.4426 0.7043 -0.5550
vn -0.6037 -0.2600 -0.7537
vn -0.4427 -0.7072 -0.5512
vn -0.1623 -0.9662 -0.2003
vn 0.1623 -0.9651 0.2053
vn 0.4427 -0.7043 0.5550
vn 0.6037 0.2600 0.7536
vn 0.4427 0.7072 0.5513
vn 0.1624 0.9662 0.2004
vn -0.1246 0.9650 -0.2307
vn -0.4635 0.2557 -0.8484
vn -0.4635 -0.2602 -0.8471
vn -0.1246 -0.9663 -0.2254
vn 0.1246 -0.9650 0.2306
vn 0.3399 -0.7041 0.6235
vn 0.4635 0.2601 0.8471
vn 0.1246 0.9663 0.2252
vn -0.0832 0.9650 -0.2485
vn -0.2267 0.7038 -0.6732
vn -0.3093 0.2555 -0.9160
vn -0.3093 -0.2604 -0.9146
vn -0.2268 -0.7075 -0.6693
vn -0.0831 -0.9663 -0.2435
vn 0.2268 -0.7038 0.6732
vn 0.3093 0.2604 0.9146
vn 0.2267 0.7076 0.6692
vn -0.1068 0.7038 -0.7023
vn -0.1456 -0.2605 -0.9544
vn -0.0391 -0.9664 -0.2542
vn 0.0392 -0.9650 0.2594
vn 0.1068 -0.7039 0.7023
vn 0.1456 0.2605 0.9544
vn 0.1068 0.7075 0.6986
vn 0.0391 0.9664 0.2540
vn 0.0060 0.9649 -0.2624
vn 0.0165 0.7039 -0.7101
vn 0.0224 -0.2605 -0.9652
vn 0.0060 -0.9664 -0.2570
vn -0.0165 -0.7038 0.7102
vn -0.0165 0.7076 0.7064
vn -0.0060 0.9664 0.2571
vn 0.0510 0.9650 -0.2571
vn 0.1392 0.7038 -0.6966
vn 0.1898 -0.2604 -0.9466
vn 0.0511 -0.9663 -0.2522
vn -0.1898 0.2605 0.9466
vn -0.1392 0.7075 0.6928
vn -0.0510 0.9663 0.2521
vn 0.0945 0.9651 -0.2444
vn 0.3514 0.2554 -0.9007
vn 0.3514 -0.2603 -0.8993
vn 0.2577 -0.7075 -0.6580
vn 0.0945 -0.9663 -0.2394
vn -0.0945 -0.9651 0.2444
vn -0.2577 -0.7039 0.6619
vn -0.3515 -0.2556 0.9006
vn -0.2577 0.7074 0.6581
vn -0.0945 0.9664 0.2392
vn 0.1350 0.9651 -0.2244
vn 0.3684 0.7041 -0.6071
vn 0.1351 -0.9663 -0.2193
vn -0.1351 -0.9651 0.2243
vn -0.3684 -0.7041 0.6070
vn -0.5023 0.2600 0.8246
vn -0.1351 0.9663 0.2193
vn 0.1715 0.9652 -0.1975
vn 0.4679 0.7044 -0.5338
vn 0.6381 -0.2599 -0.7248
vn 0.1715 -0.9662 -0.1925
vn -0.4678 -0.7043 0.5339
vn -0.4678 0.7072 0.5301
vn -0.1715 0.9662 0.1924
vn 0.7544 0.2562 -0.6044
vn 0.7544 -0.2596 -0.6030
vn 0.5532 -0.7069 -0.4407
vn 0.2032 -0.9660 -0.1598
vn -0.2028 -0.9652 0.1648
vn -0.5531 -0.7045 0.4447
vn -0.7544 0.2595 0.6029
vn 0.6216 0.7049 -0.3417
vn 0.8477 0.2567 -0.4642
vn 0.8477 -0.2592 -0.4629
vn 0.2278 -0.9660 -0.1220
vn -0.2278 -0.9654 0.1271
vn -0.6216 -0.7048 0.3417
vn -0.8477 -0.2567 0.4643
vn -0.8477 0.2591 0.4628
vn -0.2279 0.9660 0.1220
vn 0.2461 0.9655 -0.0858
vn 0.6712 0.7051 -0.2286
vn 0.9153 0.2571 -0.3100
vn 0.6712 -0.7064 -0.2249
vn 0.2461 -0.9659 -0.0805
vn -0.2460 -0.9655 0.0857
vn -0.6712 -0.7051 0.2286
vn -0.9154 0.2587 0.3086
vn 0.2568 0.9656 -0.0417
vn 0.7003 0.7055 -0.1087
vn 0.9552 -0.2582 -0.1449
vn 0.2568 -0.9658 -0.0366
vn -0.7003 -0.7055 0.1087
vn -0.9551 -0.2575 0.1463
vn -0.2568 0.9658 0.0365
vn 0.2597 0.9657 0.0035
vn 0.7082 -0.7057 0.0184
vn -0.9659 -0.2580 -0.0217
vn -0.9659 0.2578 -0.0231
vn -0.2597 0.9657 -0.0086
vn 0.6947 -0.7054 0.1411
vn -0.2546 -0.9658 -0.0485
vn -0.6947 -0.7061 -0.1373
vn -0.9473 -0.2585 -0.1891
vn -0.9473 0.2574 -0.1905
vn -0.6946 0.7054 -0.1411
vn -0.2547 0.9655 -0.0536
vn 0.6599 0.7064 0.2559
vn 0.9000 0.2589 0.3508
vn 0.6599 -0.7050 0.2596
vn -0.9000 0.2569 -0.3522
vn -0.6599 0.7051 -0.2596
vn -0.2420 0.9654 -0.0972
vn 0.2219 0.9660 0.1325
vn 0.8253 0.2593 0.5017
vn 0.6052 -0.7047 0.3703
vn 0.2220 -0.9653 0.1379
vn -0.2219 -0.9660 -0.1325
vn -0.8253 -0.2592 -0.5018
vn -0.6051 0.7048 -0.3702
vn -0.2219 0.9653 -0.1377
vn 0.1951 0.9661 0.1690
vn 0.5320 0.7071 0.4659
vn 0.7255 0.2596 0.6373
vn 0.7255 -0.2562 0.6387
vn 0.5320 -0.7045 0.4698
vn 0.1950 -0.9652 0.1740
vn -0.1951 -0.9661 -0.1690
vn -0.5320 -0.7070 -0.4660
vn -0.7255 0.2562 -0.6388
vn -0.5320 0.7045 -0.4698
vn -0.1951 0.9652 -0.1741
vn 0.2580 0.9638 0.0675
vn 0.2580 -0.9634 0.0726
vn 0.1884 0.9641 0.1871
vn 0.1884 -0.9631 0.1923
vn 0.0683 0.9643 0.2559
vn 0.0683 -0.9629 0.2611
vn -0.0701 0.9643 0.2553
vn -0.0701 -0.9629 0.2606
vn -0.1896 0.9641 0.1858
vn -0.1896 -0.9631 0.1910
vn -0.2585 0.9638 0.0657
vn -0.2584 -0.9634 0.0710
vn -0.2580 0.9634 -0.0728
vn -0.2580 -0.9638 -0.0675
vn -0.1884 0.9631 -0.1922
vn -0.1884 -0.9641 -0.1871
vn -0.0683 0.9629 -0.2610
vn -0.0683 -0.9643 -0.2558
vn 0.0700 0.9629 -0.2606
vn 0.0700 -0.9643 -0.2553
vn 0.1896 0.9632 -0.1907
vn 0.1897 -0.9641 -0.1857
vn 0.2584 0.9634 -0.0708
vn 0.2584 -0.9638 -0.0657
vn 0.2580 0.9638 0.0674
vn 0.1884 -0.9631 0.1922
vn 0.1884 0.9641 0.1872
vn 0.0683 -0.9629 0.2609
vn 0.0683 0.9643 0.2558
vn -0.0700 -0.9629 0.2604
vn -0.2584 -0.9634 0.0709
vn -0.2584 0.9638 0.0657
vn 0.0001 1.0000 -0.0027
vn -0.0103 0.9953 0.0965
vn -0.0433 -0.9539 0.2969
vn -0.0415 0.9953 0.0872
vn -0.0378 -0.9948 0.0949
vn -0.0651 0.9953 0.0719
vn -0.6574 0.0020 0.7535
vn -0.0651 -0.9949 0.0774
vn -0.0835 0.9952 0.0505
vn -0.8431 0.0014 0.5378
vn -0.0834 -0.9949 0.0560
vn -0.0951 0.9952 0.0249
vn -0.9604 0.0007 0.2785
vn -0.0951 -0.9950 0.0302
vn -0.0990 0.9951 -0.0029
vn -0.0996 -0.9950 -0.0019
vn -0.0949 0.9950 -0.0310
vn -0.2851 -0.9550 -0.0822
vn -0.0831 0.9949 -0.0566
vn -0.0859 -0.9952 -0.0479
vn -0.0647 0.9949 -0.0777
vn -0.6523 -0.0020 -0.7579
vn -0.0646 -0.9953 -0.0723
vn -0.0372 0.9948 -0.0952
vn -0.4124 -0.0024 -0.9110
vn -0.0408 -0.9953 -0.0875
vn -0.1390 -0.0027 -0.9903
vn -0.0097 -0.9953 -0.0966
vn 0.0103 0.9947 -0.1018
vn 0.1456 -0.0027 -0.9893
vn 0.0433 -0.9555 -0.2917
vn 0.0415 0.9948 -0.0925
vn 0.0379 -0.9953 -0.0896
vn 0.0651 0.9949 -0.0774
vn 0.0651 -0.9953 -0.0720
vn 0.0835 0.9949 -0.0558
vn 0.8431 -0.0014 -0.5378
vn 0.0835 -0.9952 -0.0507
vn 0.0951 0.9950 -0.0302
vn 0.9604 -0.0007 -0.2785
vn 0.0968 -0.9951 -0.0209
vn 0.0996 0.9950 0.0017
vn 0.2975 -0.9547 0.0035
vn 0.9585 0.0008 0.2850
vn 0.0967 -0.9949 0.0271
vn 0.0859 0.9951 0.0480
vn 0.8394 0.0015 0.5435
vn 0.0832 -0.9949 0.0564
vn 0.0646 0.9953 0.0723
vn 0.6523 0.0020 0.7579
vn 0.0645 -0.9949 0.0778
vn 0.0372 0.9953 0.0898
vn 0.4124 0.0024 0.9110
vn 0.0408 -0.9948 0.0929
vn 0.0096 -0.9947 0.1019
vn 0.2588 0.9659 -0.0017
vn 0.7071 0.7071 0.0005
vn 0.9659 0.2588 0.0026
vn 0.9659 -0.2588 0.0039
vn 0.7071 -0.7071 0.0043
vn 0.2588 -0.9659 0.0035
vn 0.6941 0.6953 0.1866
vn 0.9343 0.2512 0.2530
vn 0.9651 0.0007 0.2621
vn 0.9343 -0.2499 0.2544
vn 0.6941 -0.6942 0.1904
vn 0.5069 0.6961 0.5084
vn 0.6823 0.2524 0.6862
vn 0.7047 0.0019 0.7095
vn 0.6823 -0.2487 0.6875
vn 0.5069 -0.6934 0.5121
vn 0.1838 0.6966 0.6935
vn 0.2474 0.2531 0.9353
vn 0.2556 0.0026 0.9668
vn 0.2474 -0.2481 0.9366
vn 0.1838 -0.6929 0.6972
vn -0.0009 0.9666 0.2562
vn -0.0024 0.7090 0.7052
vn -0.0032 0.2614 0.9652
vn -0.0034 0.0027 1.0000
vn -0.0032 -0.2562 0.9666
vn -0.0024 -0.7052 0.7090
vn -0.0009 -0.9652 0.2614
vn -0.1885 0.6966 0.6923
vn -0.2537 0.2531 0.9336
vn -0.2621 0.0026 0.9650
vn -0.2537 -0.2480 0.9349
vn -0.1885 -0.6929 0.6960
vn -0.5103 0.6961 0.5050
vn -0.6868 0.2524 0.6816
vn -0.7095 0.0019 0.7047
vn -0.6868 -0.2487 0.6829
vn -0.5103 -0.6934 0.5087
vn -0.6954 0.6952 0.1819
vn -0.9360 0.2512 0.2467
vn -0.9668 0.0007 0.2556
vn -0.9360 -0.2499 0.2481
vn -0.6954 -0.6943 0.1857
vn -0.2588 0.9659 -0.0035
vn -0.7071 0.7071 -0.0043
vn -0.9659 0.2588 -0.0039
vn -0.9659 -0.2588 -0.0025
vn -0.7071 -0.7071 -0.0005
vn -0.2588 -0.9659 0.0017
vn -0.6941 0.6942 -0.1904
vn -0.9343 0.2499 -0.2544
vn -0.9651 -0.0007 -0.2621
vn -0.9343 -0.2513 -0.2530
vn -0.6941 -0.6953 -0.1866
vn -0.5069 0.6934 -0.5122
vn -0.6822 0.2487 -0.6875
vn -0.7047 -0.0019 -0.7095
vn -0.6822 -0.2524 -0.6862
vn -0.5069 -0.6961 -0.5084
vn -0.1838 0.6929 -0.6972
vn -0.2474 0.2481 -0.9366
vn -0.2556 -0.0026 -0.9668
vn -0.2474 -0.2531 -0.9353
vn -0.1838 -0.6966 -0.6935
vn 0.0009 0.9652 -0.2615
vn 0.0024 0.7052 -0.7090
vn 0.0032 0.2562 -0.9666
vn 0.0034 -0.0027 -1.0000
vn 0.0032 -0.2614 -0.9652
vn 0.0024 -0.7090 -0.7052
vn 0.0009 -0.9666 -0.2562
vn 0.1885 0.6929 -0.6960
vn 0.2537 0.2481 -0.9349
vn 0.2621 -0.0026 -0.9650
vn 0.2537 -0.2531 -0.9336
vn 0.1885 -0.6966 -0.6923
vn 0.5103 0.6934 -0.5087
vn 0.6868 0.2488 -0.6829
vn 0.7095 -0.0019 -0.7047
vn 0.6868 -0.2524 -0.6816
vn 0.5103 -0.6961 -0.5050
vn 0.6954 0.6943 -0.1857
vn 0.9359 0.2499 -0.2481
vn 0.9668 -0.0007 -0.2556
vn 0.9359 -0.2512 -0.2468
vn 0.6954 -0.6952 -0.1819
vn 0.9659 0.2589 0.0026
vn 0.6941 -0.6942 0.1903
vn 0.9343 0.2513 0.2530
vn 0.5069 -0.6934 0.5122
vn 0.6822 0.2524 0.6862
vn 0.2474 -0.2480 0.9366
vn -0.2537 -0.2481 0.9349
vn -0.5103 -0.6934 0.5088
vn -0.6954 -0.6942 0.1857
vn -0.9359 -0.2499 0.2481
vn -0.9359 0.2512 0.2468
vn -0.6954 0.6952 0.1820
vn -0.0000 1.0000 -0.0024
vn -0.0349 0.9578 0.2854
vn -0.0692 0.8812 0.4677
vn -0.0930 0.7715 0.6294
vn -0.1130 0.6326 0.7662
vn -0.1287 0.4700 0.8732
vn -0.1395 0.2901 0.9468
vn -0.1450 0.0997 0.9844
vn -0.1456 0.0027 0.9893
vn -0.1450 -0.0944 0.9849
vn -0.1395 -0.2850 0.9483
vn -0.1287 -0.4653 0.8757
vn -0.1130 -0.6284 0.7696
vn -0.0930 -0.7681 0.6335
vn -0.0692 -0.8787 0.4724
vn -0.1226 0.9568 0.2636
vn -0.1988 0.8811 0.4292
vn -0.2671 0.7714 0.5776
vn -0.3248 0.6324 0.7033
vn -0.3699 0.4698 0.8015
vn -0.4008 0.2899 0.8691
vn -0.4165 0.0994 0.9037
vn -0.4185 0.0024 0.9082
vn -0.4165 -0.0946 0.9042
vn -0.4008 -0.2852 0.8706
vn -0.3699 -0.4655 0.8041
vn -0.3248 -0.6286 0.7066
vn -0.2671 -0.7683 0.5818
vn -0.1988 -0.8787 0.4339
vn -0.1147 -0.9563 0.2691
vn -0.1926 0.9567 0.2183
vn -0.3124 0.8809 0.3557
vn -0.4196 0.7711 0.4789
vn -0.5103 0.6321 0.5832
vn -0.5811 0.4694 0.6648
vn -0.6296 0.2895 0.7209
vn -0.6543 0.0990 0.7497
vn -0.6543 -0.0950 0.7502
vn -0.6296 -0.2856 0.7225
vn -0.5811 -0.4659 0.6673
vn -0.5103 -0.6289 0.5866
vn -0.4196 -0.7685 0.4830
vn -0.3124 -0.8789 0.3604
vn -0.1926 -0.9555 0.2234
vn -0.2471 0.9565 0.1550
vn -0.4006 0.8806 0.2532
vn -0.5381 0.7707 0.3412
vn -0.6544 0.6316 0.4157
vn -0.7452 0.4689 0.4741
vn -0.8074 0.2890 0.5143
vn -0.8391 0.0985 0.5350
vn -0.8391 -0.0956 0.5355
vn -0.8074 -0.2862 0.5159
vn -0.7452 -0.4664 0.4766
vn -0.6544 -0.6294 0.4191
vn -0.5381 -0.7689 0.3453
vn -0.4006 -0.8792 0.2579
vn -0.2470 -0.9557 0.1601
vn -0.2814 0.9563 0.0790
vn -0.4564 0.8803 0.1300
vn -0.6130 0.7703 0.1757
vn -0.7455 0.6311 0.2145
vn -0.8489 0.4683 0.2449
vn -0.9199 0.2883 0.2660
vn -0.9559 0.0978 0.2769
vn -0.9559 -0.0963 0.2774
vn -0.9199 -0.2869 0.2675
vn -0.8489 -0.4670 0.2474
vn -0.7455 -0.6299 0.2179
vn -0.6130 -0.7693 0.1798
vn -0.4563 -0.8795 0.1347
vn -0.2814 -0.9559 0.0842
vn -0.2930 0.9561 -0.0036
vn -0.4752 0.8799 -0.0040
vn -0.6383 0.7698 -0.0042
vn -0.7762 0.6305 -0.0043
vn -0.8839 0.4676 -0.0042
vn -0.9578 0.2876 -0.0040
vn -0.9953 0.0970 -0.0036
vn -0.9953 -0.0970 -0.0031
vn -0.9578 -0.2876 -0.0024
vn -0.8839 -0.4677 -0.0017
vn -0.7762 -0.6305 -0.0009
vn -0.6383 -0.7698 -0.0001
vn -0.4751 -0.8799 0.0008
vn -0.2900 -0.9570 -0.0058
vn -0.2809 0.9559 -0.0860
vn -0.4555 0.8795 -0.1378
vn -0.6118 0.7693 -0.1840
vn -0.7440 0.6299 -0.2229
vn -0.8473 0.4670 -0.2531
vn -0.9181 0.2868 -0.2737
vn -0.9540 0.0963 -0.2839
vn -0.9585 -0.0008 -0.2850
vn -0.9540 -0.0978 -0.2833
vn -0.9180 -0.2883 -0.2722
vn -0.8473 -0.4683 -0.2506
vn -0.7440 -0.6311 -0.2195
vn -0.6118 -0.7703 -0.1798
vn -0.4555 -0.8803 -0.1330
vn -0.2460 0.9557 -0.1618
vn -0.3989 0.8792 -0.2606
vn -0.5358 0.7689 -0.3490
vn -0.6515 0.6294 -0.4235
vn -0.7420 0.4664 -0.4816
vn -0.8040 0.2862 -0.5213
vn -0.8355 0.0956 -0.5412
vn -0.8394 -0.0015 -0.5435
vn -0.8355 -0.0985 -0.5406
vn -0.8040 -0.2890 -0.5197
vn -0.7420 -0.4689 -0.4791
vn -0.6515 -0.6316 -0.4201
vn -0.5358 -0.7708 -0.3448
vn -0.3989 -0.8806 -0.2559
vn -0.2474 -0.9574 -0.1488
vn -0.1912 0.9555 -0.2247
vn -0.3100 0.8789 -0.3625
vn -0.4164 0.7685 -0.4858
vn -0.5063 0.6289 -0.5900
vn -0.5766 0.4658 -0.6712
vn -0.6248 0.2856 -0.7267
vn -0.6492 0.0950 -0.7546
vn -0.6492 -0.0991 -0.7541
vn -0.6248 -0.2895 -0.7251
vn -0.5766 -0.4694 -0.6687
vn -0.5063 -0.6321 -0.5866
vn -0.4163 -0.7711 -0.4817
vn -0.3100 -0.8809 -0.3578
vn -0.1911 -0.9567 -0.2196
vn -0.1129 0.9563 -0.2698
vn -0.1959 0.8787 -0.4352
vn -0.2632 0.7683 -0.5835
vn -0.3201 0.6286 -0.7088
vn -0.3645 0.4655 -0.8065
vn -0.3949 0.2852 -0.8733
vn -0.4104 0.0946 -0.9070
vn -0.4104 -0.0995 -0.9065
vn -0.3949 -0.2899 -0.8718
vn -0.3645 -0.4698 -0.8040
vn -0.3201 -0.6324 -0.7054
vn -0.2632 -0.7714 -0.5794
vn -0.1959 -0.8811 -0.4305
vn -0.1208 -0.9568 -0.2644
vn -0.0661 0.8786 -0.4729
vn -0.0413 0.9539 -0.2971
vn -0.0887 0.7681 -0.6341
vn -0.1079 0.6284 -0.7703
vn -0.1229 0.4653 -0.8766
vn -0.1331 0.2850 -0.9492
vn -0.1383 0.0944 -0.9859
vn -0.1383 -0.0997 -0.9854
vn -0.1331 -0.2901 -0.9477
vn -0.1229 -0.4700 -0.8741
vn -0.1079 -0.6326 -0.7670
vn -0.0887 -0.7715 -0.6300
vn -0.0660 -0.8811 -0.4682
vn -0.0330 -0.9578 -0.2856
vn 0.0349 0.9562 -0.2906
vn 0.0692 0.8786 -0.4724
vn 0.0929 0.7681 -0.6335
vn 0.1130 0.6284 -0.7696
vn 0.1287 0.4653 -0.8757
vn 0.1395 0.2850 -0.9483
vn 0.1450 0.0944 -0.9849
vn 0.1450 -0.0997 -0.9844
vn 0.1395 -0.2901 -0.9468
vn 0.1287 -0.4700 -0.8732
vn 0.1130 -0.6326 -0.7662
vn 0.0930 -0.7715 -0.6294
vn 0.0692 -0.8812 -0.4677
vn 0.1226 0.9554 -0.2687
vn 0.1988 0.8787 -0.4339
vn 0.2671 0.7683 -0.5818
vn 0.3248 0.6286 -0.7067
vn 0.3699 0.4655 -0.8040
vn 0.4008 0.2852 -0.8706
vn 0.4165 0.0946 -0.9042
vn 0.4165 -0.0995 -0.9037
vn 0.4185 -0.0024 -0.9082
vn 0.4008 -0.2899 -0.8691
vn 0.3699 -0.4698 -0.8015
vn 0.3248 -0.6324 -0.7033
vn 0.2671 -0.7714 -0.5776
vn 0.1989 -0.8811 -0.4292
vn 0.1147 -0.9577 -0.2639
vn 0.1926 0.9555 -0.2233
vn 0.3124 0.8789 -0.3604
vn 0.4196 0.7685 -0.4830
vn 0.5103 0.6289 -0.5866
vn 0.5811 0.4659 -0.6673
vn 0.6296 0.2856 -0.7225
vn 0.6543 0.0950 -0.7502
vn 0.6543 -0.0990 -0.7497
vn 0.6574 -0.0020 -0.7535
vn 0.6296 -0.2895 -0.7209
vn 0.5811 -0.4694 -0.6648
vn 0.5103 -0.6321 -0.5832
vn 0.4196 -0.7711 -0.4789
vn 0.3124 -0.8809 -0.3557
vn 0.1926 -0.9567 -0.2182
vn 0.2470 0.9557 -0.1601
vn 0.4006 0.8792 -0.2579
vn 0.5381 0.7689 -0.3453
vn 0.6544 0.6294 -0.4191
vn 0.7452 0.4664 -0.4766
vn 0.8075 0.2862 -0.5159
vn 0.8391 0.0956 -0.5355
vn 0.8391 -0.0985 -0.5350
vn 0.8074 -0.2890 -0.5143
vn 0.7452 -0.4689 -0.4741
vn 0.6544 -0.6316 -0.4157
vn 0.5381 -0.7707 -0.3412
vn 0.4006 -0.8806 -0.2532
vn 0.2470 -0.9565 -0.1550
vn 0.2814 0.9559 -0.0843
vn 0.4564 0.8795 -0.1347
vn 0.6130 0.7693 -0.1798
vn 0.7455 0.6299 -0.2179
vn 0.8489 0.4670 -0.2474
vn 0.9199 0.2869 -0.2675
vn 0.9559 0.0963 -0.2774
vn 0.9559 -0.0978 -0.2769
vn 0.9199 -0.2883 -0.2660
vn 0.8489 -0.4683 -0.2449
vn 0.7455 -0.6311 -0.2145
vn 0.6130 -0.7703 -0.1757
vn 0.4564 -0.8803 -0.1300
vn 0.2806 -0.9572 -0.0711
vn 0.2900 0.9570 0.0058
vn 0.4752 0.8799 -0.0007
vn 0.6383 0.7698 0.0001
vn 0.7762 0.6305 0.0009
vn 0.8839 0.4677 0.0017
vn 0.9578 0.2876 0.0024
vn 0.9953 0.0970 0.0031
vn 0.9953 -0.0970 0.0036
vn 0.9578 -0.2876 0.0040
vn 0.8839 -0.4676 0.0042
vn 0.7762 -0.6305 0.0043
vn 0.6383 -0.7698 0.0042
vn 0.4752 -0.8799 0.0040
vn 0.4555 0.8803 0.1330
vn 0.2851 0.9550 0.0822
vn 0.6118 0.7703 0.1798
vn 0.7440 0.6311 0.2195
vn 0.8473 0.4683 0.2506
vn 0.9180 0.2883 0.2721
vn 0.9540 0.0978 0.2833
vn 0.9540 -0.0963 0.2839
vn 0.9181 -0.2868 0.2737
vn 0.8473 -0.4670 0.2531
vn 0.7440 -0.6299 0.2229
vn 0.6118 -0.7693 0.1840
vn 0.4555 -0.8795 0.1378
vn 0.2801 -0.9568 0.0782
vn 0.2475 0.9574 0.1488
vn 0.3989 0.8806 0.2559
vn 0.5358 0.7708 0.3448
vn 0.6515 0.6317 0.4201
vn 0.7420 0.4689 0.4791
vn 0.8040 0.2890 0.5197
vn 0.8355 0.0985 0.5406
vn 0.8355 -0.0956 0.5412
vn 0.8040 -0.2862 0.5213
vn 0.7420 -0.4664 0.4816
vn 0.6516 -0.6294 0.4235
vn 0.5358 -0.7689 0.3490
vn 0.3989 -0.8792 0.2606
vn 0.2460 -0.9557 0.1618
vn 0.1911 0.9567 0.2195
vn 0.3099 0.8809 0.3578
vn 0.4163 0.7711 0.4817
vn 0.5063 0.6321 0.5866
vn 0.5766 0.4694 0.6687
vn 0.6248 0.2895 0.7251
vn 0.6492 0.0991 0.7541
vn 0.6492 -0.0950 0.7546
vn 0.6248 -0.2856 0.7267
vn 0.5766 -0.4658 0.6712
vn 0.5063 -0.6289 0.5900
vn 0.4164 -0.7685 0.4858
vn 0.3100 -0.8789 0.3625
vn 0.1911 -0.9555 0.2247
vn 0.1129 0.9577 0.2647
vn 0.1959 0.8811 0.4305
vn 0.2632 0.7714 0.5794
vn 0.3201 0.6324 0.7054
vn 0.3645 0.4698 0.8040
vn 0.3949 0.2899 0.8718
vn 0.4104 0.0995 0.9065
vn 0.4104 -0.0946 0.9070
vn 0.3949 -0.2852 0.8733
vn 0.3645 -0.4655 0.8065
vn 0.3201 -0.6286 0.7088
vn 0.2632 -0.7683 0.5835
vn 0.1959 -0.8787 0.4353
vn 0.1208 -0.9554 0.2695
vn 0.0660 0.8812 0.4682
vn 0.0413 0.9555 0.2920
vn 0.0887 0.7715 0.6300
vn 0.1079 0.6326 0.7670
vn 0.1229 0.4700 0.8741
vn 0.1331 0.2901 0.9477
vn 0.1383 0.0997 0.9854
vn 0.1390 0.0027 0.9903
vn 0.1383 -0.0944 0.9859
vn 0.1331 -0.2850 0.9492
vn 0.1229 -0.4653 0.8766
vn 0.1079 -0.6285 0.7703
vn 0.0887 -0.7681 0.6341
vn 0.0660 -0.8786 0.4729
vn 0.0330 -0.9562 0.2908
vn -0.1832 0.2057 0.9613
vn -0.1866 0.0747 0.9796
vn -0.1871 0.0026 0.9823
vn 0.6762 -0.0020 -0.7367
vn 0.1783 -0.1503 0.9724
vn -0.5279 0.0743 0.8460
vn -0.5293 0.0023 0.8484
vn -0.5293 0.0022 0.8484
vn -0.5294 0.0021 0.8484
vn -0.5292 0.0023 0.8485
vn -0.5291 0.0023 0.8485
vn 0.8943 0.0709 -0.4418
vn 0.8871 -0.1470 -0.4376
vn 0.8871 -0.1471 -0.4376
vn 0.8861 -0.1541 -0.4371
vn -0.7980 0.0737 0.5982
vn -0.8000 0.0016 0.5999
vn -0.9425 0.2045 0.2642
vn -0.9514 -0.1522 0.2678
vn -0.9514 -0.1522 0.2677
vn -0.9524 -0.1452 0.2679
vn -0.9627 0.0007 0.2704
vn 0.9750 0.2040 -0.0876
vn 0.9849 -0.1496 -0.0875
vn 0.9854 -0.1462 -0.0876
vn 0.9843 -0.1532 -0.0875
vn -0.9744 0.2040 -0.0941
vn -0.9837 -0.1532 -0.0941
vn -0.9954 -0.0003 -0.0956
vn 0.9960 -0.0002 -0.0889
vn 0.5236 0.0023 0.8520
vn -0.8748 0.2034 -0.4398
vn -0.8913 0.0709 -0.4478
vn 0.9407 0.2046 0.2705
vn 0.9584 0.0728 0.2760
vn 0.9501 -0.1486 0.2742
vn 0.9506 -0.1452 0.2743
vn 0.9496 -0.1522 0.2740
vn 0.1804 0.0026 0.9836
vn -0.6570 0.2029 -0.7261
vn -0.6695 0.0701 -0.7395
vn -0.6633 -0.1549 -0.7321
vn -0.6637 -0.1514 -0.7325
vn 0.9609 0.0008 0.2769
vn -0.3541 -0.1519 -0.9228
vn -0.3543 -0.1484 -0.9233
vn 0.7793 0.2051 0.5921
vn 0.0033 0.0694 -0.9976
vn 0.7866 -0.1513 0.5986
vn 0.7866 -0.1512 0.5986
vn 0.7875 -0.1443 0.5992
vn 0.1800 0.0747 0.9808
vn 0.3566 0.2027 -0.9120
vn 0.3603 -0.1519 -0.9204
vn 0.3605 -0.1484 -0.9209
vn 0.3644 -0.0025 -0.9313
vn 0.3644 -0.0025 -0.9312
vn 0.5126 0.2055 0.8337
vn 0.5222 0.0743 0.8496
vn 0.5222 0.0744 0.8496
vn 0.6744 0.0701 -0.7350
vn 0.1508 -0.5474 0.8232
vn 0.1507 -0.5474 0.8232
vn -0.4420 -0.5482 0.7100
vn -0.4420 -0.5481 0.7101
vn 0.4373 -0.5481 0.7130
vn 0.4372 -0.5481 0.7130
vn -0.8028 -0.5514 0.2270
vn 0.7463 -0.5554 -0.3670
vn 0.7463 -0.5553 -0.3670
vn -0.5582 -0.5570 -0.6150
vn 0.3029 -0.5580 -0.7726
vn 0.3029 -0.5581 -0.7725
vn -0.1009 -0.8406 0.5322
vn -0.1009 -0.8405 0.5324
vn -0.1009 -0.8405 0.5323
vn 0.0974 -0.8404 0.5331
vn 0.0974 -0.8405 0.5329
vn 0.0974 -0.8406 0.5329
vn -0.2853 -0.8409 0.4598
vn -0.2853 -0.8411 0.4595
vn -0.2853 -0.8411 0.4594
vn 0.5162 -0.8430 0.1510
vn -0.5335 -0.8444 -0.0490
vn -0.5335 -0.8443 -0.0490
vn 0.5339 -0.8443 -0.0454
vn 0.5340 -0.8442 -0.0454
vn 0.5337 -0.8444 -0.0454
vn -0.3583 -0.8466 -0.3935
vn -0.3583 -0.8466 -0.3936
vn -0.3583 -0.8467 -0.3933
vn -0.1909 -0.8473 -0.4956
vn -0.1910 -0.8473 -0.4956
vn 0.1943 -0.8475 -0.4940
vn 0.1943 -0.8473 -0.4944
vn 0.1943 -0.8472 -0.4944
vn -0.5182 0.2055 0.8302
vn 0.5180 -0.1437 0.8432
vn 0.5177 -0.1471 0.8428
vn -0.1850 -0.1433 0.9722
vn -0.1848 -0.1503 0.9712
vn -0.1849 -0.1504 0.9712
vn 0.1784 -0.1468 0.9729
vn 0.5174 -0.1507 0.8424
vn -0.5231 -0.1507 0.8389
vn -0.5236 -0.1437 0.8398
vn -0.5233 -0.1471 0.8393
vn -0.5236 -0.1437 0.8397
vn 0.8777 0.2034 -0.4339
vn -0.7833 0.2051 0.5868
vn -0.7906 -0.1514 0.5933
vn -0.7915 -0.1443 0.5939
vn -0.7911 -0.1478 0.5936
vn -0.9602 0.0728 0.2695
vn 0.8967 -0.0012 -0.4427
vn 0.9934 0.0718 -0.0889
vn -0.9842 -0.1496 -0.0941
vn -0.9848 -0.1462 -0.0942
vn -0.9928 0.0718 -0.0956
vn -0.8841 -0.1471 -0.4435
vn -0.8831 -0.1541 -0.4431
vn -0.8836 -0.1506 -0.4433
vn -0.3505 0.2026 -0.9144
vn -0.8831 -0.1542 -0.4431
vn -0.8937 -0.0012 -0.4487
vn -0.6640 -0.1479 -0.7329
vn -0.6712 -0.0020 -0.7413
vn -0.3572 0.0696 -0.9314
vn -0.3539 -0.1554 -0.9223
vn 0.7939 0.0737 0.6035
vn -0.3581 -0.0025 -0.9337
vn 0.1767 0.2057 0.9625
vn 0.0033 0.2025 -0.9793
vn 0.0033 -0.1486 -0.9889
vn 0.0033 -0.1520 -0.9884
vn 0.0033 -0.1556 -0.9878
vn 0.3634 0.0696 -0.9290
vn 0.7960 0.0016 0.6053
vn 0.3601 -0.1554 -0.9199
vn 0.1785 -0.1433 0.9734
vn 0.5126 0.2055 0.8336
vn 0.6618 0.2030 -0.7217
vn 0.6688 -0.1479 -0.7286
vn 0.6686 -0.1513 -0.7281
vn 0.6682 -0.1549 -0.7277
vn 0.6689 -0.1479 -0.7285
vn -0.1563 -0.5474 0.8222
vn -0.6677 -0.5495 0.5022
vn 0.6643 -0.5495 0.5066
vn 0.8013 -0.5513 0.2324
vn 0.8298 -0.5534 -0.0726
vn -0.8292 -0.5534 -0.0782
vn -0.7438 -0.5554 -0.3720
vn 0.5624 -0.5570 -0.6112
vn -0.2976 -0.5580 -0.7746
vn 0.2823 -0.8410 0.4615
vn 0.0028 -0.5584 -0.8295
vn 0.0028 -0.5584 -0.8296
vn -0.4307 -0.8418 0.3253
vn -0.5172 -0.8430 0.1475
vn 0.4285 -0.8419 0.3282
vn 0.4285 -0.8418 0.3282
vn -0.4780 -0.8456 -0.2378
vn 0.4796 -0.8456 -0.2345
vn 0.3610 -0.8466 -0.3911
vn 0.0018 -0.8475 -0.5309
vn 0.1943 -0.8473 -0.4942
vn -0.0001 1.0000 -0.0024
vn -0.0034 1.0000 -0.0036
vn -0.0002 1.0000 -0.0028
vn -0.0001 -1.0000 0.0033
vn 0.0005 -1.0000 0.0028
vn -0.0007 -1.0000 0.0039
vn -0.0001 1.0000 -0.0020
vn -0.0002 -1.0000 0.0034
vn 0.0026 1.0000 -0.0004
vn -0.1120 0.9663 0.2317
vn -0.0004 -1.0000 0.0035
vn -0.0016 1.0000 -0.0036
vn -0.0007 -1.0000 0.0036
vn -0.0003 1.0000 -0.0025
vn 0.0062 -1.0000 0.0018
vn 0.0087 -1.0000 0.0012
vn -0.0003 1.0000 -0.0026
vn -0.0080 -1.0000 0.0045
vn -0.0075 -1.0000 0.0038
vn -0.0131 -0.9999 0.0049
vn -0.0004 1.0000 -0.0027
vn -0.0157 -0.9999 0.0043
vn 0.0012 1.0000 0.0007
vn -0.0196 -0.9998 0.0042
vn -0.0011 1.0000 -0.0056
vn -0.2584 0.9656 -0.0277
vn -0.2583 -0.9658 -0.0225
vn -0.0007 1.0000 -0.0037
vn -0.0005 1.0000 -0.0031
vn -0.0314 -0.9995 -0.0089
vn -0.0001 1.0000 0.0014
vn -0.2129 -0.9662 -0.1456
vn 0.0140 -0.9999 0.0078
vn -0.0000 1.0000 -0.0063
vn -0.1820 0.9652 -0.1880
vn -0.0111 -0.9999 -0.0038
vn -0.0003 1.0000 -0.0050
vn -0.1497 0.9651 -0.2149
vn 0.0056 -1.0000 0.0058
vn 0.0079 -0.9999 0.0073
vn -0.0004 1.0000 -0.0040
vn -0.0005 -1.0000 0.0015
vn -0.0004 1.0000 -0.0042
vn -0.2485 0.2554 -0.9344
vn -0.0001 -1.0000 0.0018
vn 0.0001 1.0000 -0.0057
vn -0.0791 0.2554 -0.9636
vn -0.0000 -1.0000 0.0019
vn 0.0003 1.0000 -0.0062
vn 0.0001 -1.0000 0.0021
vn -0.0077 0.9999 0.0106
vn -0.0002 -1.0000 0.0014
vn 0.0173 0.9993 -0.0325
vn 0.4097 -0.2602 -0.8743
vn -0.0014 -1.0000 -0.0003
vn 0.1508 0.9652 -0.2136
vn 0.0016 -1.0000 0.0060
vn 0.0003 -1.0000 0.0023
vn 0.0149 0.9998 -0.0130
vn 0.0147 0.9998 -0.0128
vn 0.0152 0.9998 -0.0132
vn 0.0003 -1.0000 0.0025
vn 0.0157 0.9998 -0.0136
vn 0.2364 0.9654 -0.1101
vn -0.0091 1.0000 0.0036
vn 0.2506 0.9655 -0.0706
vn 0.0090 0.9999 -0.0068
vn 0.0003 -1.0000 0.0027
vn -0.0050 1.0000 -0.0002
vn -0.0069 1.0000 0.0005
vn 0.2587 0.9658 0.0193
vn 0.0010 1.0000 -0.0024
vn 0.0003 -1.0000 0.0028
vn 0.0005 1.0000 -0.0023
vn 0.8750 0.2590 0.4090
vn 0.0015 -1.0000 -0.0004
vn 0.0013 1.0000 -0.0024
vn 0.7885 0.2595 0.5576
vn 0.7906 -0.2564 0.5561
vn -0.0015 -1.0000 0.0056
vn 0.0034 1.0000 -0.0027
vn 0.1818 0.9662 0.1827
vn 0.6795 -0.2564 0.6874
vn -0.0000 -1.0000 0.0032
vn -0.0036 1.0000 -0.0026
vn 0.1496 0.9663 0.2097
vn 0.5530 0.2600 0.7916
vn 0.0002 -1.0000 0.0030
vn 0.0006 1.0000 -0.0022
vn 0.0027 -1.0000 0.0002
vn 0.0031 1.0000 -0.0019
vn 0.0649 -0.9650 0.2543
vn -0.0023 -1.0000 0.0050
vn -0.0616 0.7380 0.6720
vn -0.0874 0.2605 0.9615
vn -0.0905 0.0027 0.9959
vn -0.0874 -0.2552 0.9629
vn -0.0616 -0.7339 0.6765
vn -0.1770 0.7380 0.6512
vn -0.2532 0.2604 0.9317
vn -0.2532 -0.2553 0.9331
vn -0.1778 -0.7340 0.6555
vn -0.2918 0.7282 0.6202
vn -0.4113 0.2602 0.8736
vn -0.4272 -0.0078 0.9041
vn -0.2958 -0.7195 0.6283
vn -0.4096 -0.2556 0.8757
vn -0.3967 0.7279 0.5593
vn -0.1484 0.9663 0.2105
vn -0.5565 0.2602 0.7891
vn -0.5748 -0.0086 0.8182
vn -0.3996 -0.7185 0.5693
vn -0.5582 -0.2558 0.7893
vn -0.4809 0.7368 0.4752
vn -0.6855 0.2598 0.6802
vn -0.6855 -0.2561 0.6816
vn -0.4804 -0.7350 0.4786
vn -0.5564 0.7366 0.3844
vn -0.7933 0.2593 0.5508
vn -0.8211 0.0015 0.5708
vn -0.7933 -0.2564 0.5522
vn -0.5631 -0.7262 0.3944
vn -0.6144 0.7370 0.2816
vn -0.2138 -0.9654 0.1494
vn -0.8770 0.2589 0.4047
vn -0.9077 0.0011 0.4196
vn -0.8770 -0.2568 0.4061
vn -0.6241 -0.7257 0.2895
vn -0.6541 0.7367 0.1713
vn -0.2350 -0.9654 0.1130
vn -0.9341 0.2585 0.2462
vn -0.9341 -0.2572 0.2476
vn -0.6542 -0.7359 0.1745
vn -0.6917 0.7200 0.0559
vn -0.9966 0.0110 0.0820
vn -0.9626 0.2582 0.0819
vn -0.9628 -0.2576 0.0817
vn -0.6742 -0.7362 0.0591
vn -0.7000 0.7113 -0.0640
vn -0.9960 0.0099 -0.0888
vn -0.9620 0.2577 -0.0900
vn -0.9622 -0.2581 -0.0867
vn -0.6845 -0.7266 -0.0595
vn -0.6621 0.7269 -0.1826
vn -0.2510 0.9655 -0.0690
vn -0.9324 0.2572 -0.2539
vn -0.9324 -0.2586 -0.2525
vn -0.6619 -0.7280 -0.1787
vn -0.6126 0.7354 -0.2897
vn -0.2508 -0.9659 -0.0638
vn -0.8743 0.2568 -0.4119
vn -0.9049 -0.0012 -0.4257
vn -0.8743 -0.2589 -0.4106
vn -0.6213 -0.7281 -0.2894
vn -0.5539 0.7345 -0.3922
vn -0.2343 -0.9660 -0.1095
vn -0.7896 0.2565 -0.5575
vn -0.8172 -0.0016 -0.5763
vn -0.7896 -0.2593 -0.5561
vn -0.5605 -0.7282 -0.3945
vn -0.4848 0.7252 -0.4889
vn -0.6809 0.2560 -0.6862
vn -0.6809 -0.2598 -0.6848
vn -0.4842 -0.7287 -0.4843
vn -0.3910 0.7259 -0.5658
vn -0.1817 -0.9662 -0.1827
vn -0.5515 0.2557 -0.7940
vn -0.5708 -0.0022 -0.8211
vn -0.5515 -0.2600 -0.7926
vn -0.3916 -0.7280 -0.5627
vn -0.2842 0.7347 -0.6160
vn -0.1494 -0.9663 -0.2095
vn -0.4054 0.2555 -0.8777
vn -0.4196 -0.0025 -0.9077
vn -0.4054 -0.2602 -0.8763
vn -0.2835 -0.7380 -0.6123
vn -0.1770 0.7183 -0.6729
vn -0.2538 0.0081 -0.9672
vn -0.2469 -0.2604 -0.9334
vn -0.1733 -0.7381 -0.6520
vn -0.0591 0.7194 -0.6921
vn -0.0855 0.0075 -0.9963
vn -0.0810 -0.2604 -0.9621
vn -0.0571 -0.7374 -0.6730
vn 0.0610 0.7338 -0.6767
vn 0.0874 0.2553 -0.9629
vn 0.0905 -0.0027 -0.9959
vn 0.0874 -0.2605 -0.9615
vn 0.0610 -0.7375 -0.6726
vn 0.1793 0.7247 -0.6653
vn 0.0696 0.9650 -0.2528
vn 0.2532 0.2553 -0.9331
vn 0.2532 -0.2604 -0.9317
vn 0.1772 -0.7374 -0.6518
vn 0.2932 0.7248 -0.6234
vn 0.1090 0.9651 -0.2380
vn 0.4112 0.2556 -0.8750
vn 0.4271 -0.0125 -0.9041
vn 0.3019 -0.7068 -0.6397
vn 0.4006 0.7167 -0.5708
vn 0.1120 -0.9663 -0.2318
vn 0.5568 0.2557 -0.7903
vn 0.5749 -0.0122 -0.8181
vn 0.4087 -0.7066 -0.5776
vn 0.5582 -0.2600 -0.7879
vn 0.4875 0.7260 -0.4850
vn 0.1481 -0.9663 -0.2105
vn 0.1832 0.9652 -0.1869
vn 0.6855 0.2560 -0.6816
vn 0.6855 -0.2597 -0.6802
vn 0.4808 -0.7370 -0.4751
vn 0.5554 0.7352 -0.3886
vn 0.7933 0.2565 -0.5522
vn 0.8211 -0.0015 -0.5708
vn 0.7933 -0.2594 -0.5508
vn 0.5559 -0.7372 -0.3840
vn 0.6234 0.7257 -0.2910
vn 0.8770 0.2568 -0.4061
vn 0.9084 -0.0119 -0.4179
vn 0.6295 -0.7214 -0.2886
vn 0.8763 -0.2592 -0.4062
vn 0.6636 0.7269 -0.1765
vn 0.9341 0.2571 -0.2476
vn 0.9663 -0.0109 -0.2572
vn 0.6695 -0.7217 -0.1761
vn 0.9347 -0.2582 -0.2443
vn 0.6837 0.7272 -0.0603
vn 0.2589 0.9656 -0.0227
vn 0.9628 0.2576 -0.0817
vn 0.9965 -0.0002 -0.0838
vn 0.9628 -0.2581 -0.0803
vn 0.6750 -0.7357 -0.0552
vn 0.6842 0.7267 0.0610
vn 0.9622 0.2583 0.0867
vn 0.9959 0.0003 0.0905
vn 0.9622 -0.2578 0.0881
vn 0.6748 -0.7353 0.0629
vn 0.6537 0.7360 0.1759
vn 0.9324 0.2586 0.2525
vn 0.9324 -0.2572 0.2539
vn 0.6538 -0.7351 0.1792
vn 0.6233 0.7252 0.2924
vn 0.9041 0.0119 0.4272
vn 0.8743 -0.2567 0.4120
vn 0.6131 -0.7349 0.2900
vn 0.5639 0.7255 0.3945
vn 0.8173 0.0022 0.5762
vn 0.5795 -0.7040 0.4106
vn 0.4848 0.7278 0.4850
vn 0.2112 -0.9653 0.1535
vn 0.6809 0.2597 0.6848
vn 0.7059 -0.0081 0.7083
vn 0.4997 -0.7038 0.5049
vn 0.3978 0.7167 0.5728
vn 0.1837 -0.9653 0.1856
vn 0.5693 0.0129 0.8220
vn 0.5515 -0.2557 0.7940
vn 0.3859 -0.7348 0.5578
vn 0.2900 0.7262 0.6233
vn 0.4212 0.0132 0.9069
vn 0.4037 0.2602 0.8771
vn 0.4054 -0.2556 0.8777
vn 0.2843 -0.7346 0.6161
vn 0.1764 0.7283 0.6622
vn 0.0648 0.9664 0.2488
vn 0.2469 0.2604 0.9334
vn 0.2469 -0.2555 0.9347
vn 0.1764 -0.7247 0.6661
vn 0.0568 0.7283 0.6829
vn 0.0233 0.9664 0.2559
vn 0.0810 0.2605 0.9621
vn 0.0838 0.0027 0.9965
vn 0.0810 -0.2554 0.9635
vn 0.0568 -0.7247 0.6868
vn 0.0234 -0.9650 0.2611
vt 0.833333 0.750000
vt 0.805556 0.750000
vt 0.805556 0.000000
vt 0.055556 0.750000
vt 0.027778 0.750000
vt 0.027778 -0.000000
vt 0.178606 0.116978
vt 0.250000 0.066987
vt 0.000000 0.500000
vt 0.116978 0.821394
vt 0.030154 0.671010
vt 0.111111 0.750000
vt 0.083333 0.750000
vt 0.083333 0.000000
vt 0.178606 0.883022
vt 0.138889 -0.000000
vt 0.111111 0.000000
vt 0.413176 0.992404
vt 0.861111 0.750000
vt 0.861111 -0.000000
vt 0.888889 0.750000
vt 0.888889 0.000000
vt 0.750000 0.933013
vt 0.586824 0.992404
vt 0.333333 0.750000
vt 0.305556 0.750000
vt 0.333333 -0.000000
vt 0.066987 0.250000
vt 0.821394 0.883022
vt 0.361111 0.750000
vt 0.361111 -0.000000
vt 0.116978 0.178606
vt 0.883022 0.821394
vt 0.388889 0.750000
vt 0.388889 -0.000000
vt 0.969846 0.671010
vt 0.933013 0.750000
vt 0.444444 0.750000
vt 0.416667 -0.000000
vt 0.444444 0.000000
vt 0.030154 0.328990
vt 0.992404 0.586824
vt 1.000000 0.500000
vt 0.944444 0.750000
vt 0.916667 0.000000
vt 0.944444 0.000000
vt 0.916667 0.750000
vt 0.969846 0.328990
vt 0.992404 0.413176
vt 0.555556 0.750000
vt 0.527778 0.750000
vt 0.527778 -0.000000
vt 0.883022 0.178606
vt 0.933013 0.250000
vt 0.821394 0.116978
vt 0.666667 0.750000
vt 0.638889 -0.000000
vt 0.666667 -0.000000
vt 0.638889 0.750000
vt 0.671010 0.030154
vt 0.694444 0.000000
vt 0.586824 0.007596
vt 0.722222 0.750000
vt 0.722222 -0.000000
vt 0.694444 0.750000
vt 0.500000 0.000000
vt 0.750000 -0.000000
vt 0.413176 0.007596
vt 0.328990 0.030154
vt 0.829382 0.018088
vt 0.744073 0.018088
vt 0.786727 0.000000
vt 0.829382 0.981912
vt 0.786727 1.000000
vt 0.744073 0.981912
vt 0.914691 0.018088
vt 0.872036 0.000000
vt 0.914691 0.981912
vt 0.872036 1.000000
vt 1.000000 0.018088
vt 0.957345 0.000000
vt 1.000000 0.981912
vt 0.957345 1.000000
vt 0.898666 0.018088
vt 0.847999 0.018088
vt 0.873332 0.000000
vt 0.898666 0.981912
vt 0.873332 1.000000
vt 0.847999 0.981912
vt 0.949333 0.018088
vt 0.923999 0.000000
vt 0.949333 0.981912
vt 0.923999 1.000000
vt 0.974666 0.000000
vt 0.974666 1.000000
vt 0.829382 0.085155
vt 0.744073 0.085155
vt 0.829382 0.914845
vt 0.744073 0.914845
vt 0.914691 0.085155
vt 0.914691 0.914845
vt 1.000000 0.085155
vt 1.000000 0.914845
vt 0.898666 0.085155
vt 0.847999 0.085155
vt 0.898666 0.914845
vt 0.847999 0.914845
vt 0.949333 0.085155
vt 0.949333 0.914845
vt 0.166667 0.000000
vt 0.166667 0.750000
vt 0.138889 0.750000
vt 0.007596 0.586824
vt 0.055556 0.000000
vt 0.066987 0.750000
vt 0.833333 0.000000
vt 0.328990 0.969846
vt 0.250000 0.933013
vt 0.194444 0.000000
vt 0.194444 0.750000
vt 0.222222 -0.000000
vt 0.222222 0.750000
vt 0.250000 0.000000
vt 0.250000 0.750000
vt 0.500000 1.000000
vt 0.277778 0.000000
vt 0.277778 0.750000
vt 0.305556 0.000000
vt 0.671010 0.969846
vt 0.416667 0.750000
vt 0.472222 -0.000000
vt 0.472222 0.750000
vt 0.500000 0.750000
vt 0.555556 0.000000
vt 0.583333 -0.000000
vt 0.583333 0.750000
vt 0.611111 -0.000000
vt 0.611111 0.750000
vt 0.007596 0.413176
vt 0.972222 0.000000
vt 0.972222 0.750000
vt 1.000000 1.000000
vt 0.000000 1.000000
vt 0.000000 0.000000
vt 1.000000 0.000000
vt 0.750000 0.066987
vt 0.750000 0.750000
vt 0.777778 0.000000
vt 0.777778 0.750000
vt 1.000000 0.750000
vt 0.000000 0.018088
vt 0.744073 0.000000
vt 0.744073 0.036177
vt 0.000000 0.036177
vt 0.744073 0.054265
vt 0.000000 0.054265
vt 0.744073 0.945735
vt 0.000000 0.945735
vt 0.744073 0.963824
vt 0.000000 0.963824
vt 0.000000 0.981912
vt 0.744073 1.000000
vt 0.829382 0.036177
vt 0.829382 0.054265
vt 0.829382 0.945735
vt 0.829382 0.963824
vt 0.914691 0.036177
vt 0.914691 0.054265
vt 0.914691 0.945735
vt 0.914691 0.963824
vt 1.000000 0.036177
vt 1.000000 0.054265
vt 1.000000 0.945735
vt 1.000000 0.963824
vt 0.847999 0.000000
vt 0.847999 0.036177
vt 0.847999 0.054265
vt 0.847999 0.945735
vt 0.847999 0.963824
vt 0.847999 1.000000
vt 0.898666 0.036177
vt 0.898666 0.054265
vt 0.898666 0.945735
vt 0.898666 0.963824
vt 0.949333 0.036177
vt 0.949333 0.054265
vt 0.949333 0.945735
vt 0.949333 0.963824
vt 0.000000 0.085155
vt 0.000000 0.170310
vt 0.744073 0.170310
vt 0.744073 0.255465
vt 0.000000 0.255465
vt 0.744073 0.744535
vt 0.000000 0.744535
vt 0.000000 0.829690
vt 0.744073 0.829690
vt 0.000000 0.914845
vt 0.829382 0.170310
vt 0.829382 0.255465
vt 0.829382 0.744535
vt 0.829382 0.829690
vt 0.914691 0.170310
vt 0.914691 0.255465
vt 0.914691 0.744535
vt 0.914691 0.829690
vt 1.000000 0.170310
vt 1.000000 0.255465
vt 1.000000 0.744535
vt 1.000000 0.829690
vt 0.847999 0.170310
vt 0.847999 0.255465
vt 0.847999 0.744535
vt 0.847999 0.829690
vt 0.898666 0.170310
vt 0.898666 0.255465
vt 0.898666 0.744535
vt 0.898666 0.829690
vt 0.949333 0.170310
vt 0.949333 0.255465
vt 0.949333 0.744535
vt 0.949333 0.829690
vt 0.000000 0.750000
vt 0.083333 0.000001
vt 0.055556 0.749999
vt 0.111111 0.000001
vt 0.138889 0.749999
vt 0.833333 0.750001
vt 0.222222 0.750001
vt 0.750000 0.933014
vt 0.066988 0.250000
vt 0.361111 0.749999
vt 0.416667 0.750001
vt 0.388889 0.749999
vt 0.444444 0.750002
vt 0.472222 0.750001
vt 0.500000 0.750001
vt 0.916667 0.750001
vt 0.821394 0.116979
vt 0.666667 0.000001
vt 0.638889 0.750001
vt 0.666667 0.750001
vt 0.671010 0.030155
vt 0.694444 0.750001
vt 0.694444 0.000001
vt 0.722222 0.750001
vt 0.750000 0.000001
vt 0.750000 0.750001
vt 0.972222 0.750001
vt 1.000000 0.667567
vt 1.000000 0.500434
vt 0.066588 1.000000
vt 0.054914 1.000000
vt 0.177809 1.000000
vt 0.061558 1.000000
vt 0.586824 0.992405
vt 0.500000 0.999999
vt 0.027778 0.750002
vt 0.277778 0.750001
vt 0.555556 0.750001
vt 0.527778 0.750001
vt 0.944444 0.750001
vt 0.583333 0.750001
vt 0.611111 0.000001
vt 0.805556 0.750001
vt 0.148343 0.000000
vt 0.083342 1.000000
vt 0.143021 1.000000
vt 0.182825 1.000000
vt 0.182825 0.000000
vt 0.074115 0.000000
vt 0.074942 1.000000
vt 0.131113 0.000000
vt 0.136660 0.000000
vt 0.000000 0.499359
vt 0.000000 0.667567
vt 0.000000 0.410892
vt 0.000000 0.500434
vt 0.000000 0.500806
vt 0.000000 0.499592
vt 0.000000 0.588762
vt 0.000000 0.500915
vt 0.000000 0.499165
vt 0.000000 0.589512
vt 0.000000 0.499899
vt 0.000000 0.500508
vt 0.000000 0.500003
vt 0.000000 0.410485
vt 0.000000 0.500789
vt 0.000000 0.589652
vt 0.000000 0.500319
vt 0.027778 0.084528
vt 0.000000 0.084528
vt 0.027778 0.094718
vt 0.000000 0.094718
vt 0.027778 0.104908
vt 0.000000 0.104908
vt 0.000000 0.115097
vt 0.027778 0.115097
vt 0.000000 0.469431
vt 0.027778 0.469431
vt 0.000000 0.479620
vt 0.027778 0.479620
vt 0.027778 0.489810
vt 0.000000 0.489810
vt 0.027778 0.500000
vt 0.000000 0.584528
vt 0.027778 0.584528
vt 0.000000 0.594718
vt 0.027778 0.594718
vt 0.027778 0.604907
vt 0.000000 0.604907
vt 0.000000 0.615097
vt 0.027778 0.615097
vt 0.027778 0.969431
vt 0.000000 0.969431
vt 0.000000 0.979620
vt 0.027778 0.979620
vt 0.027778 0.989810
vt 0.000000 0.989810
vt 0.027778 1.000000
vt 0.055556 0.084528
vt 0.055556 0.094718
vt 0.055556 0.104908
vt 0.055556 0.115097
vt 0.055556 0.469431
vt 0.055556 0.479620
vt 0.055556 0.489810
vt 0.055556 0.500000
vt 0.055556 0.584528
vt 0.055556 0.594718
vt 0.055556 0.604907
vt 0.055556 0.615097
vt 0.055556 0.969431
vt 0.055556 0.979620
vt 0.055556 0.989810
vt 0.055556 1.000000
vt 0.083333 0.084528
vt 0.083333 0.094718
vt 0.083333 0.104908
vt 0.083333 0.115097
vt 0.083333 0.469431
vt 0.083333 0.479620
vt 0.083333 0.489810
vt 0.083333 0.500000
vt 0.083333 0.584528
vt 0.083333 0.594718
vt 0.083333 0.604907
vt 0.083333 0.615097
vt 0.083333 0.969431
vt 0.083333 0.979620
vt 0.083333 0.989810
vt 0.083333 1.000000
vt 0.111111 0.084528
vt 0.111111 0.094718
vt 0.111111 0.104908
vt 0.111111 0.115097
vt 0.111111 0.469431
vt 0.111111 0.479620
vt 0.111111 0.489810
vt 0.111111 0.500000
vt 0.111111 0.584528
vt 0.111111 0.594718
vt 0.111111 0.604907
vt 0.111111 0.615097
vt 0.111111 0.969431
vt 0.111111 0.979620
vt 0.111111 0.989810
vt 0.111111 1.000000
vt 0.138889 0.084528
vt 0.138889 0.094718
vt 0.138889 0.104908
vt 0.138889 0.115097
vt 0.138889 0.469431
vt 0.138889 0.479620
vt 0.138889 0.489810
vt 0.138889 0.500000
vt 0.138889 0.584528
vt 0.138889 0.594718
vt 0.138889 0.604907
vt 0.138889 0.615097
vt 0.138889 0.969431
vt 0.138889 0.979620
vt 0.138889 0.989810
vt 0.138889 1.000000
vt 0.166667 0.084528
vt 0.166667 0.094718
vt 0.166667 0.104908
vt 0.166667 0.115097
vt 0.166667 0.469431
vt 0.166667 0.479620
vt 0.166667 0.489810
vt 0.166667 0.500000
vt 0.166667 0.584528
vt 0.166667 0.594718
vt 0.166667 0.604907
vt 0.166667 0.615097
vt 0.166667 0.969431
vt 0.166667 0.979620
vt 0.166667 0.989810
vt 0.166667 1.000000
vt 0.194444 0.084528
vt 0.194444 0.094718
vt 0.194444 0.104908
vt 0.194444 0.115097
vt 0.194444 0.469431
vt 0.194444 0.479620
vt 0.194444 0.489810
vt 0.194444 0.500000
vt 0.194444 0.584528
vt 0.194444 0.594718
vt 0.194444 0.604907
vt 0.194444 0.615097
vt 0.194444 0.969431
vt 0.194444 0.979620
vt 0.194444 0.989810
vt 0.194444 1.000000
vt 0.222222 0.084528
vt 0.222222 0.094718
vt 0.222222 0.104908
vt 0.222222 0.115097
vt 0.222222 0.469431
vt 0.222222 0.479620
vt 0.222222 0.489810
vt 0.222222 0.500000
vt 0.222222 0.584528
vt 0.222222 0.594718
vt 0.222222 0.604907
vt 0.222222 0.615097
vt 0.222222 0.969431
vt 0.222222 0.979620
vt 0.222222 0.989810
vt 0.222222 1.000000
vt 0.250000 0.084528
vt 0.250000 0.094718
vt 0.250000 0.104908
vt 0.250000 0.115097
vt 0.250000 0.469431
vt 0.250000 0.479620
vt 0.250000 0.489810
vt 0.250000 0.500000
vt 0.250000 0.584528
vt 0.250000 0.594718
vt 0.250000 0.604907
vt 0.250000 0.615097
vt 0.250000 0.969431
vt 0.250000 0.979620
vt 0.250000 0.989810
vt 0.250000 1.000000
vt 0.277778 0.084528
vt 0.277778 0.094718
vt 0.277778 0.104908
vt 0.277778 0.115097
vt 0.277778 0.469431
vt 0.277778 0.479620
vt 0.277778 0.489810
vt 0.277778 0.500000
vt 0.277778 0.584528
vt 0.277778 0.594718
vt 0.277778 0.604907
vt 0.277778 0.615097
vt 0.277778 0.969431
vt 0.277778 0.979620
vt 0.277778 0.989810
vt 0.277778 1.000000
vt 0.305556 0.084528
vt 0.305556 0.094718
vt 0.305556 0.104908
vt 0.305556 0.115097
vt 0.305556 0.469431
vt 0.305556 0.479620
vt 0.305556 0.489810
vt 0.305556 0.500000
vt 0.305556 0.584528
vt 0.305556 0.594718
vt 0.305556 0.604907
vt 0.305556 0.615097
vt 0.305556 0.969431
vt 0.305556 0.979620
vt 0.305556 0.989810
vt 0.305556 1.000000
vt 0.333333 0.084528
vt 0.333333 0.094718
vt 0.333333 0.104908
vt 0.333333 0.115097
vt 0.333333 0.469431
vt 0.333333 0.479620
vt 0.333333 0.489810
vt 0.333333 0.500000
vt 0.333333 0.584528
vt 0.333333 0.594718
vt 0.333333 0.604907
vt 0.333333 0.615097
vt 0.333333 0.969431
vt 0.333333 0.979620
vt 0.333333 0.989810
vt 0.333333 1.000000
vt 0.361111 0.084528
vt 0.361111 0.094718
vt 0.361111 0.104908
vt 0.361111 0.115097
vt 0.361111 0.469431
vt 0.361111 0.479620
vt 0.361111 0.489810
vt 0.361111 0.500000
vt 0.361111 0.584528
vt 0.361111 0.594718
vt 0.361111 0.604907
vt 0.361111 0.615097
vt 0.361111 0.969431
vt 0.361111 0.979620
vt 0.361111 0.989810
vt 0.361111 1.000000
vt 0.388889 0.084528
vt 0.388889 0.094718
vt 0.388889 0.104908
vt 0.388889 0.115097
vt 0.388889 0.469431
vt 0.388889 0.479620
vt 0.388889 0.489810
vt 0.388889 0.500000
vt 0.388889 0.584528
vt 0.388889 0.594718
vt 0.388889 0.604907
vt 0.388889 0.615097
vt 0.388889 0.969431
vt 0.388889 0.979620
vt 0.388889 0.989810
vt 0.388889 1.000000
vt 0.416667 0.084528
vt 0.416667 0.094718
vt 0.416667 0.104908
vt 0.416667 0.115097
vt 0.416667 0.469431
vt 0.416667 0.479620
vt 0.416667 0.489810
vt 0.416667 0.500000
vt 0.416667 0.584528
vt 0.416667 0.594718
vt 0.416667 0.604907
vt 0.416667 0.615097
vt 0.416667 0.969431
vt 0.416667 0.979620
vt 0.416667 0.989810
vt 0.416667 1.000000
vt 0.444444 0.084528
vt 0.444444 0.094718
vt 0.444444 0.104908
vt 0.444444 0.115097
vt 0.444444 0.469431
vt 0.444444 0.479620
vt 0.444444 0.489810
vt 0.444444 0.500000
vt 0.444444 0.584528
vt 0.444444 0.594718
vt 0.444444 0.604907
vt 0.444444 0.615097
vt 0.444444 0.969431
vt 0.444444 0.979620
vt 0.444444 0.989810
vt 0.444444 1.000000
vt 0.472222 0.084528
vt 0.472222 0.094718
vt 0.472222 0.104908
vt 0.472222 0.115097
vt 0.472222 0.469431
vt 0.472222 0.479620
vt 0.472222 0.489810
vt 0.472222 0.500000
vt 0.472222 0.584528
vt 0.472222 0.594718
vt 0.472222 0.604907
vt 0.472222 0.615097
vt 0.472222 0.969431
vt 0.472222 0.979620
vt 0.472222 0.989810
vt 0.472222 1.000000
vt 0.500000 0.084528
vt 0.500000 0.094718
vt 0.500000 0.104908
vt 0.500000 0.115097
vt 0.500000 0.469431
vt 0.500000 0.479620
vt 0.500000 0.489810
vt 0.500000 0.500000
vt 0.500000 0.584528
vt 0.500000 0.594718
vt 0.500000 0.604907
vt 0.500000 0.615097
vt 0.500000 0.969431
vt 0.500000 0.979620
vt 0.500000 0.989810
vt 0.527778 0.084528
vt 0.527778 0.094718
vt 0.527778 0.104908
vt 0.527778 0.115097
vt 0.527778 0.469431
vt 0.527778 0.479620
vt 0.527778 0.489810
vt 0.527778 0.500000
vt 0.527778 0.584528
vt 0.527778 0.594718
vt 0.527778 0.604907
vt 0.527778 0.615097
vt 0.527778 0.969431
vt 0.527778 0.979620
vt 0.527778 0.989810
vt 0.527778 1.000000
vt 0.555556 0.084528
vt 0.555556 0.094718
vt 0.555556 0.104908
vt 0.555556 0.115097
vt 0.555556 0.469431
vt 0.555556 0.479620
vt 0.555556 0.489810
vt 0.555556 0.500000
vt 0.555556 0.584528
vt 0.555556 0.594718
vt 0.555556 0.604907
vt 0.555556 0.615097
vt 0.555556 0.969431
vt 0.555556 0.979620
vt 0.555556 0.989810
vt 0.555556 1.000000
vt 0.583333 0.084528
vt 0.583333 0.094718
vt 0.583333 0.104908
vt 0.583333 0.115097
vt 0.583333 0.469431
vt 0.583333 0.479620
vt 0.583333 0.489810
vt 0.583333 0.500000
vt 0.583333 0.584528
vt 0.583333 0.594718
vt 0.583333 0.604907
vt 0.583333 0.615097
vt 0.583333 0.969431
vt 0.583333 0.979620
vt 0.583333 0.989810
vt 0.583333 1.000000
vt 0.611111 0.084528
vt 0.611111 0.094718
vt 0.611111 0.104908
vt 0.611111 0.115097
vt 0.611111 0.469431
vt 0.611111 0.479620
vt 0.611111 0.489810
vt 0.611111 0.500000
vt 0.611111 0.584528
vt 0.611111 0.594718
vt 0.611111 0.604907
vt 0.611111 0.615097
vt 0.611111 0.969431
vt 0.611111 0.979620
vt 0.611111 0.989810
vt 0.611111 1.000000
vt 0.638889 0.084528
vt 0.638889 0.094718
vt 0.638889 0.104908
vt 0.638889 0.115097
vt 0.638889 0.469431
vt 0.638889 0.479620
vt 0.638889 0.489810
vt 0.638889 0.500000
vt 0.638889 0.584528
vt 0.638889 0.594718
vt 0.638889 0.604907
vt 0.638889 0.615097
vt 0.638889 0.969431
vt 0.638889 0.979620
vt 0.638889 0.989810
vt 0.638889 1.000000
vt 0.666667 0.084528
vt 0.666667 0.094718
vt 0.666667 0.104908
vt 0.666667 0.115097
vt 0.666667 0.469431
vt 0.666667 0.479620
vt 0.666667 0.489810
vt 0.666667 0.500000
vt 0.666667 0.584528
vt 0.666667 0.594718
vt 0.666667 0.604907
vt 0.666667 0.615097
vt 0.666667 0.969431
vt 0.666667 0.979620
vt 0.666667 0.989810
vt 0.666667 1.000000
vt 0.694444 0.084528
vt 0.694444 0.094718
vt 0.694444 0.104908
vt 0.694444 0.115097
vt 0.694444 0.469431
vt 0.694444 0.479620
vt 0.694444 0.489810
vt 0.694444 0.500000
vt 0.694444 0.584528
vt 0.694444 0.594718
vt 0.694444 0.604907
vt 0.694444 0.615097
vt 0.694444 0.969431
vt 0.694444 0.979620
vt 0.694444 0.989810
vt 0.694444 1.000000
vt 0.722222 0.084528
vt 0.722222 0.094718
vt 0.722222 0.104908
vt 0.722222 0.115097
vt 0.722222 0.469431
vt 0.722222 0.479620
vt 0.722222 0.489810
vt 0.722222 0.500000
vt 0.722222 0.584528
vt 0.722222 0.594718
vt 0.722222 0.604907
vt 0.722222 0.615097
vt 0.722222 0.969431
vt 0.722222 0.979620
vt 0.722222 0.989810
vt 0.722222 1.000000
vt 0.750000 0.084528
vt 0.750000 0.094718
vt 0.750000 0.104908
vt 0.750000 0.115097
vt 0.750000 0.469431
vt 0.750000 0.479620
vt 0.750000 0.489810
vt 0.750000 0.500000
vt 0.750000 0.584528
vt 0.750000 0.594718
vt 0.750000 0.604907
vt 0.750000 0.615097
vt 0.750000 0.969431
vt 0.750000 0.979620
vt 0.750000 0.989810
vt 0.750000 1.000000
vt 0.777778 0.084528
vt 0.777778 0.094718
vt 0.777778 0.104908
vt 0.777778 0.115097
vt 0.777778 0.469431
vt 0.777778 0.479620
vt 0.777778 0.489810
vt 0.777778 0.500000
vt 0.777778 0.584528
vt 0.777778 0.594718
vt 0.777778 0.604907
vt 0.777778 0.615097
vt 0.777778 0.969431
vt 0.777778 0.979620
vt 0.777778 0.989810
vt 0.777778 1.000000
vt 0.805556 0.084528
vt 0.805556 0.094718
vt 0.805556 0.104908
vt 0.805556 0.115097
vt 0.805556 0.469431
vt 0.805556 0.479620
vt 0.805556 0.489810
vt 0.805556 0.500000
vt 0.805556 0.584528
vt 0.805556 0.594718
vt 0.805556 0.604907
vt 0.805556 0.615097
vt 0.805556 0.969431
vt 0.805556 0.979620
vt 0.805556 0.989810
vt 0.805556 1.000000
vt 0.833333 0.084528
vt 0.833333 0.094718
vt 0.833333 0.104908
vt 0.833333 0.115097
vt 0.833333 0.469431
vt 0.833333 0.479620
vt 0.833333 0.489810
vt 0.833333 0.500000
vt 0.833333 0.584528
vt 0.833333 0.594718
vt 0.833333 0.604907
vt 0.833333 0.615097
vt 0.833333 0.969431
vt 0.833333 0.979620
vt 0.833333 0.989810
vt 0.833333 1.000000
vt 0.861111 0.084528
vt 0.861111 0.094718
vt 0.861111 0.104908
vt 0.861111 0.115097
vt 0.861111 0.469431
vt 0.861111 0.479620
vt 0.861111 0.489810
vt 0.861111 0.500000
vt 0.861111 0.584528
vt 0.861111 0.594718
vt 0.861111 0.604907
vt 0.861111 0.615097
vt 0.861111 0.969431
vt 0.861111 0.979620
vt 0.861111 0.989810
vt 0.861111 1.000000
vt 0.888889 0.084528
vt 0.888889 0.094718
vt 0.888889 0.104908
vt 0.888889 0.115097
vt 0.888889 0.469431
vt 0.888889 0.479620
vt 0.888889 0.489810
vt 0.888889 0.500000
vt 0.888889 0.584528
vt 0.888889 0.594718
vt 0.888889 0.604907
vt 0.888889 0.615097
vt 0.888889 0.969431
vt 0.888889 0.979620
vt 0.888889 0.989810
vt 0.888889 1.000000
vt 0.916667 0.084528
vt 0.916667 0.094718
vt 0.916667 0.104908
vt 0.916667 0.115097
vt 0.916667 0.469431
vt 0.916667 0.479620
vt 0.916667 0.489810
vt 0.916667 0.500000
vt 0.916667 0.584528
vt 0.916667 0.594718
vt 0.916667 0.604907
vt 0.916667 0.615097
vt 0.916667 0.969431
vt 0.916667 0.979620
vt 0.916667 0.989810
vt 0.916667 1.000000
vt 0.944444 0.084528
vt 0.944444 0.094718
vt 0.944444 0.104908
vt 0.944444 0.115097
vt 0.944444 0.469431
vt 0.944444 0.479620
vt 0.944444 0.489810
vt 0.944444 0.500000
vt 0.944444 0.584528
vt 0.944444 0.594718
vt 0.944444 0.604907
vt 0.944444 0.615097
vt 0.944444 0.969431
vt 0.944444 0.979620
vt 0.944444 0.989810
vt 0.944444 1.000000
vt 0.972222 0.084528
vt 0.972222 0.094718
vt 0.972222 0.104908
vt 0.972222 0.115097
vt 0.972222 0.469431
vt 0.972222 0.479620
vt 0.972222 0.489810
vt 0.972222 0.500000
vt 0.972222 0.584528
vt 0.972222 0.594718
vt 0.972222 0.604907
vt 0.972222 0.615097
vt 0.972222 0.969431
vt 0.972222 0.979620
vt 0.972222 0.989810
vt 0.972222 1.000000
vt 1.000000 0.084528
vt 1.000000 0.094718
vt 1.000000 0.104908
vt 1.000000 0.115097
vt 1.000000 0.469431
vt 1.000000 0.479620
vt 1.000000 0.489810
vt 1.000000 0.584528
vt 1.000000 0.594718
vt 1.000000 0.604907
vt 1.000000 0.615097
vt 1.000000 0.969431
vt 1.000000 0.979620
vt 1.000000 0.989810
vt 0.829382 0.008730
vt 0.744073 0.008730
vt 0.829382 0.991270
vt 0.744073 0.991270
vt 0.914691 0.008730
vt 0.914691 0.991270
vt 1.000000 0.008730
vt 1.000000 0.991270
vt 0.912739 0.008730
vt 0.869109 0.008730
vt 0.890924 0.000000
vt 0.912739 0.991270
vt 0.890924 1.000000
vt 0.869109 0.991270
vt 0.956370 0.008730
vt 0.934554 0.000000
vt 0.956370 0.991270
vt 0.934554 1.000000
vt 0.978185 0.000000
vt 0.978185 1.000000
vt 0.000000 0.026190
vt 0.471261 0.973810
vt 0.471261 0.026190
vt 0.000000 0.973810
vt 0.744073 0.973810
vt 0.272811 0.026190
vt 0.272811 0.973810
vt 0.768934 0.000000
vt 0.793279 0.982784
vt 0.768934 1.000000
vt 0.793279 0.017216
vt 0.999392 0.499999
vt 0.045455 0.021668
vt 0.000000 0.021668
vt 0.022727 0.000000
vt 0.045455 0.956664
vt 0.022719 0.978332
vt 0.000000 0.956664
vt 0.090909 0.021668
vt 0.068182 0.000000
vt 0.090909 0.978332
vt 0.068182 1.000000
vt 0.136364 0.021668
vt 0.113636 0.000000
vt 0.136364 0.826657
vt 0.090909 0.173345
vt 0.136364 0.173343
vt 0.136364 0.978332
vt 0.113636 1.000000
vt 0.181818 0.021668
vt 0.159091 0.000000
vt 0.181818 0.173344
vt 0.181818 0.826656
vt 0.181818 0.978332
vt 0.159091 1.000000
vt 0.227273 0.021668
vt 0.204545 0.000000
vt 0.227273 0.826655
vt 0.227273 0.173345
vt 0.227273 0.978332
vt 0.204545 1.000000
vt 0.272727 0.021668
vt 0.272727 0.173344
vt 0.272727 0.826657
vt 0.295460 0.978332
vt 0.318182 0.021668
vt 0.295455 0.000000
vt 0.318182 0.956664
vt 0.272727 0.956664
vt 0.363636 0.021668
vt 0.340909 0.000000
vt 0.363636 0.978332
vt 0.340909 1.000000
vt 0.409091 0.021668
vt 0.386364 0.000000
vt 0.409091 0.826656
vt 0.363636 0.826657
vt 0.363636 0.173343
vt 0.409091 0.978332
vt 0.386364 1.000000
vt 0.477265 0.021668
vt 0.431818 0.000000
vt 0.454545 0.826655
vt 0.409091 0.173343
vt 0.454545 0.978332
vt 0.431818 1.000000
vt 0.500000 0.173345
vt 0.454545 0.173344
vt 0.500000 0.826656
vt 0.522728 0.978332
vt 0.477273 1.000000
vt 0.545455 0.021668
vt 0.522727 0.000000
vt 0.545455 0.826656
vt 0.545455 0.173343
vt 0.545455 0.956664
vt 0.500000 0.956664
vt 0.590909 0.021668
vt 0.568182 0.000000
vt 0.590909 0.978332
vt 0.568182 1.000000
vt 0.636364 0.021668
vt 0.613636 0.000000
vt 0.636364 0.978332
vt 0.613636 1.000000
vt 0.681818 0.021668
vt 0.659091 0.000000
vt 0.681818 0.826654
vt 0.636364 0.173343
vt 0.681818 0.173343
vt 0.681818 0.978332
vt 0.659091 1.000000
vt 0.727273 0.021668
vt 0.704545 0.000000
vt 0.727273 0.826657
vt 0.727273 0.173344
vt 0.750017 0.978332
vt 0.704545 1.000000
vt 0.795454 0.021668
vt 0.772727 0.956664
vt 0.727273 0.956664
vt 0.818182 0.173343
vt 0.772727 0.826657
vt 0.772727 0.173345
vt 0.818182 0.978332
vt 0.795455 1.000000
vt 0.863636 0.021668
vt 0.840909 0.000000
vt 0.863636 0.826658
vt 0.863636 0.173343
vt 0.818182 0.826657
vt 0.863636 0.978332
vt 0.840909 1.000000
vt 0.909091 0.021668
vt 0.886364 0.000000
vt 0.909091 0.173343
vt 0.909091 0.826656
vt 0.909091 0.978332
vt 0.886364 1.000000
vt 0.977262 0.021668
vt 0.931818 0.000000
vt 0.954545 0.826656
vt 0.954545 0.173344
vt 0.954545 0.978332
vt 0.931818 1.000000
vt 1.000000 0.978332
vt 0.977273 1.000000
vt 0.000000 0.008730
vt 0.744073 0.017460
vt 0.000000 0.017460
vt 0.744073 0.026190
vt 0.744073 0.982540
vt 0.000000 0.982540
vt 0.000000 0.991270
vt 0.829382 0.017460
vt 0.829382 0.026190
vt 0.829382 0.973810
vt 0.829382 0.982540
vt 0.914691 0.017460
vt 0.914691 0.026190
vt 0.914691 0.973810
vt 0.914691 0.982540
vt 1.000000 0.017460
vt 1.000000 0.026190
vt 1.000000 0.973810
vt 1.000000 0.982540
vt 0.869109 0.000000
vt 0.869109 0.017460
vt 0.869109 0.026190
vt 0.869109 0.973810
vt 0.869109 0.982540
vt 0.869109 1.000000
vt 0.912739 0.017460
vt 0.912739 0.026190
vt 0.912739 0.973810
vt 0.912739 0.982540
vt 0.956370 0.017460
vt 0.956370 0.026190
vt 0.956370 0.973810
vt 0.956370 0.982540
vt 0.521702 0.008730
vt 0.572142 0.000000
vt 0.484777 0.017460
vt 0.484777 0.982540
vt 0.521702 0.991270
vt 0.572142 1.000000
vt 0.222371 0.008730
vt 0.171930 0.000000
vt 0.259296 0.017460
vt 0.259296 0.982540
vt 0.222371 0.991270
vt 0.171930 1.000000
vt 0.999391 0.500000
vt 0.793279 0.017217
vt 0.000000 0.043336
vt 0.045455 0.043336
vt 0.000000 0.065004
vt 0.045455 0.065004
vt 0.045455 0.086672
vt 0.000000 0.086672
vt 0.045455 0.108340
vt 0.000000 0.108340
vt 0.045455 0.130008
vt 0.000000 0.130008
vt 0.000000 0.151676
vt 0.045455 0.151676
vt 0.000000 0.173343
vt 0.045455 0.173345
vt 0.000000 0.826656
vt 0.045455 0.826656
vt 0.000000 0.848324
vt 0.045455 0.848324
vt 0.000000 0.869992
vt 0.045455 0.869992
vt 0.045455 0.891660
vt 0.000000 0.891660
vt 0.045455 0.913328
vt 0.000000 0.913328
vt 0.000000 0.934996
vt 0.045455 0.934996
vt 0.090909 0.043336
vt 0.090909 0.065004
vt 0.090909 0.086672
vt 0.090909 0.108340
vt 0.090909 0.130008
vt 0.090909 0.151676
vt 0.090909 0.826656
vt 0.090909 0.848324
vt 0.090909 0.869992
vt 0.090909 0.891660
vt 0.090909 0.913328
vt 0.090909 0.934996
vt 0.090909 0.956664
vt 0.136364 0.043336
vt 0.136364 0.065004
vt 0.136364 0.086672
vt 0.136364 0.108340
vt 0.136364 0.130008
vt 0.136364 0.151676
vt 0.136364 0.848324
vt 0.136364 0.869992
vt 0.136364 0.891660
vt 0.136364 0.913328
vt 0.136364 0.934996
vt 0.136364 0.956664
vt 0.181818 0.043336
vt 0.181818 0.065004
vt 0.181818 0.086672
vt 0.181818 0.108340
vt 0.181818 0.130008
vt 0.181818 0.151676
vt 0.181818 0.848324
vt 0.181818 0.869992
vt 0.181818 0.891660
vt 0.181818 0.913328
vt 0.181818 0.934996
vt 0.181818 0.956664
vt 0.227273 0.043336
vt 0.227273 0.065004
vt 0.227273 0.086672
vt 0.227273 0.108340
vt 0.227273 0.130008
vt 0.227273 0.151676
vt 0.227273 0.848324
vt 0.227273 0.869992
vt 0.227273 0.891660
vt 0.227273 0.913328
vt 0.227273 0.934996
vt 0.227273 0.956664
vt 0.272727 0.043336
vt 0.272727 0.065004
vt 0.272727 0.086672
vt 0.272727 0.108340
vt 0.272727 0.130008
vt 0.272727 0.151676
vt 0.272727 0.848324
vt 0.272727 0.869992
vt 0.272727 0.891660
vt 0.272727 0.913328
vt 0.272727 0.934996
vt 0.318182 0.043336
vt 0.318182 0.065004
vt 0.318182 0.086672
vt 0.318182 0.108340
vt 0.318182 0.130008
vt 0.318182 0.151676
vt 0.318182 0.173343
vt 0.318182 0.826656
vt 0.318182 0.848324
vt 0.318182 0.869992
vt 0.318182 0.891660
vt 0.318182 0.913328
vt 0.318182 0.934996
vt 0.363636 0.043336
vt 0.363636 0.065004
vt 0.363636 0.086672
vt 0.363636 0.108340
vt 0.363636 0.130008
vt 0.363636 0.151676
vt 0.363636 0.848324
vt 0.363636 0.869992
vt 0.363636 0.891660
vt 0.363636 0.913328
vt 0.363636 0.934996
vt 0.363636 0.956664
vt 0.409091 0.043336
vt 0.409091 0.065004
vt 0.409091 0.086672
vt 0.409091 0.108340
vt 0.409091 0.130008
vt 0.409091 0.151676
vt 0.409091 0.848324
vt 0.409091 0.869992
vt 0.409091 0.891660
vt 0.409091 0.913328
vt 0.409091 0.934996
vt 0.409091 0.956664
vt 0.454545 0.043336
vt 0.454545 0.065004
vt 0.454545 0.086672
vt 0.454545 0.108340
vt 0.454545 0.130008
vt 0.454545 0.151676
vt 0.454545 0.848324
vt 0.454545 0.869992
vt 0.454545 0.891660
vt 0.454545 0.913328
vt 0.454545 0.934996
vt 0.454545 0.956664
vt 0.500000 0.043336
vt 0.500000 0.065004
vt 0.500000 0.086672
vt 0.500000 0.108340
vt 0.500000 0.130008
vt 0.500000 0.151676
vt 0.500000 0.848324
vt 0.500000 0.869992
vt 0.500000 0.891660
vt 0.500000 0.913328
vt 0.500000 0.934996
vt 0.545455 0.043336
vt 0.545455 0.065004
vt 0.545455 0.086672
vt 0.545455 0.108340
vt 0.545455 0.130008
vt 0.545455 0.151676
vt 0.545455 0.848324
vt 0.545455 0.869992
vt 0.545455 0.891660
vt 0.545455 0.913328
vt 0.545455 0.934996
vt 0.590909 0.043336
vt 0.590909 0.065004
vt 0.590909 0.086672
vt 0.590909 0.108340
vt 0.590909 0.130008
vt 0.590909 0.151676
vt 0.590909 0.173344
vt 0.590909 0.826656
vt 0.590909 0.848324
vt 0.590909 0.869992
vt 0.590909 0.891660
vt 0.590909 0.913328
vt 0.590909 0.934996
vt 0.590909 0.956664
vt 0.636364 0.043336
vt 0.636364 0.065004
vt 0.636364 0.086672
vt 0.636364 0.108340
vt 0.636364 0.130008
vt 0.636364 0.151676
vt 0.636364 0.826657
vt 0.636364 0.848324
vt 0.636364 0.869992
vt 0.636364 0.891660
vt 0.636364 0.913328
vt 0.636364 0.934996
vt 0.636364 0.956664
vt 0.681818 0.043336
vt 0.681818 0.065004
vt 0.681818 0.086672
vt 0.681818 0.108340
vt 0.681818 0.130008
vt 0.681818 0.151676
vt 0.681818 0.848324
vt 0.681818 0.869992
vt 0.681818 0.891660
vt 0.681818 0.913328
vt 0.681818 0.934996
vt 0.681818 0.956664
vt 0.727273 0.043336
vt 0.727273 0.065004
vt 0.727273 0.086672
vt 0.727273 0.108340
vt 0.727273 0.130008
vt 0.727273 0.151676
vt 0.727273 0.848324
vt 0.727273 0.869992
vt 0.727273 0.891660
vt 0.727273 0.913328
vt 0.727273 0.934996
vt 0.772727 0.043336
vt 0.772727 0.065004
vt 0.772727 0.086672
vt 0.772727 0.108340
vt 0.772727 0.130008
vt 0.772727 0.151676
vt 0.772727 0.848324
vt 0.772727 0.869992
vt 0.772727 0.891660
vt 0.772727 0.913328
vt 0.772727 0.934996
vt 0.818182 0.043336
vt 0.818182 0.065004
vt 0.818182 0.086672
vt 0.818182 0.108340
vt 0.818182 0.130008
vt 0.818182 0.151676
vt 0.818182 0.848324
vt 0.818182 0.869992
vt 0.818182 0.891660
vt 0.818182 0.913328
vt 0.818182 0.934996
vt 0.818182 0.956664
vt 0.863636 0.043336
vt 0.863636 0.065004
vt 0.863636 0.086672
vt 0.863636 0.108340
vt 0.863636 0.130008
vt 0.863636 0.151676
vt 0.863636 0.848324
vt 0.863636 0.869992
vt 0.863636 0.891660
vt 0.863636 0.913328
vt 0.863636 0.934996
vt 0.863636 0.956664
vt 0.909091 0.043336
vt 0.909091 0.065004
vt 0.909091 0.086672
vt 0.909091 0.108340
vt 0.909091 0.130008
vt 0.909091 0.151676
vt 0.909091 0.848324
vt 0.909091 0.869992
vt 0.909091 0.891660
vt 0.909091 0.913328
vt 0.909091 0.934996
vt 0.909091 0.956664
vt 0.954545 0.043336
vt 0.954545 0.065004
vt 0.954545 0.086672
vt 0.954545 0.108340
vt 0.954545 0.130008
vt 0.954545 0.151676
vt 0.954545 0.848324
vt 0.954545 0.869992
vt 0.954545 0.891660
vt 0.954545 0.913328
vt 0.954545 0.934996
vt 0.954545 0.956664
vt 1.000000 0.043336
vt 1.000000 0.065004
vt 1.000000 0.086672
vt 1.000000 0.108340
vt 1.000000 0.130008
vt 1.000000 0.151676
vt 1.000000 0.173343
vt 1.000000 0.826656
vt 1.000000 0.848324
vt 1.000000 0.869992
vt 1.000000 0.891660
vt 1.000000 0.913328
vt 1.000000 0.934996
vt 1.000000 0.956664
vt 0.176471 -8.431429
vt 0.176471 -8.400161
vt 0.000001 -8.431429
vt 0.176471 -8.368895
vt 0.000000 -8.400161
vt 0.176471 -1.087402
vt -0.000000 -1.087402
vt -0.000000 -4.272485
vt 1.941178 -1.087402
vt 1.764706 -1.087401
vt 1.941177 -7.398027
vt 3.000000 -7.398029
vt 2.823529 -7.398029
vt 2.823530 -7.883441
vt 0.352941 -8.368894
vt 0.352941 -8.400162
vt 0.264706 -4.879846
vt 0.224264 -5.662835
vt 0.264706 -5.699015
vt 0.183746 -5.686874
vt 0.176471 -5.686874
vt 0.218836 -5.674855
vt 0.204005 -5.683654
vt 0.352941 -7.398028
vt 0.224264 -4.296525
vt 0.176471 -4.272485
vt 0.183746 -4.272485
vt 0.264706 -4.242716
vt 0.218836 -4.284505
vt 0.204005 -4.275705
vt 1.764706 -7.398030
vt 1.941177 -8.368895
vt 1.941177 -8.400161
vt 2.117647 -8.368895
vt 2.117647 -8.400162
vt 2.117647 -7.883469
vt 2.117647 -7.398030
vt 1.941177 -7.883465
vt 0.529412 -8.368897
vt 0.529412 -1.087402
vt 0.352941 -1.087402
vt 0.529412 -7.398028
vt 0.705882 -8.431429
vt 0.705881 -8.400163
vt 0.529412 -8.400162
vt 0.529413 -8.431430
vt 0.705882 -7.883436
vt 0.529410 -7.883457
vt 0.705882 -7.398028
vt 0.705882 -1.087402
vt 2.294118 -8.400163
vt 2.117646 -8.431429
vt 2.294117 -7.883464
vt 2.294118 -8.368894
vt 2.294118 -7.398031
vt 0.882354 -8.400161
vt 0.882352 -8.431429
vt 0.882353 -7.398030
vt 0.882353 -7.883465
vt 2.294117 -1.087402
vt 2.117647 -1.087402
vt 2.823529 -5.686873
vt 2.816254 -5.686874
vt 2.647059 -7.398029
vt 2.781164 -5.674855
vt 2.775736 -5.662835
vt 2.795995 -5.683654
vt 1.058824 -8.431428
vt 1.058824 -8.368896
vt 0.882353 -8.368896
vt 1.058824 -8.400162
vt 2.294118 -8.431429
vt 2.470587 -8.431429
vt 2.470588 -8.400162
vt 2.470588 -8.368893
vt 2.470588 -7.883469
vt 2.470588 -7.398030
vt 3.000000 -1.087402
vt 2.823529 -1.087401
vt 2.823529 -4.272485
vt 1.235294 -8.400162
vt 1.235293 -8.431428
vt 1.235294 -8.368894
vt 1.235293 -7.398030
vt 1.058824 -7.398027
vt 1.235297 -7.883468
vt 2.470588 -1.087402
vt 2.775736 -4.296525
vt 2.816254 -4.272485
vt 2.647059 -1.087402
vt 2.781164 -4.284505
vt 2.795995 -4.275705
vt 1.411767 -7.883468
vt 1.411765 -8.368896
vt 2.647059 -8.400161
vt 2.647059 -8.431429
vt 1.588235 -8.368895
vt 1.411765 -8.400162
vt 1.588235 -8.400162
vt 1.588235 -7.398029
vt 1.411765 -1.087402
vt 1.411765 -7.398028
vt 2.647060 -7.883461
vt 3.000000 -8.368894
vt 2.823528 -8.368894
vt 2.823529 -8.400163
vt 1.764706 -8.431429
vt 1.764706 -8.400162
vt 1.588239 -8.431429
vt 1.764708 -7.883468
vt 1.588239 -7.883474
vt 1.764706 -8.368895
vt 1.588235 -1.087402
vt 2.823530 -8.431429
vt 2.647059 -8.368895
vt 0.000000 -8.999996
vt 3.000000 0.999958
vt 0.000000 -9.000025
vt 2.999964 0.999995
vt 3.000001 -8.999966
vt 3.000000 1.000000
vt -0.000003 1.000000
vt 0.000006 -8.999987
vt 2.999934 1.000009
vt 3.000000 -8.999945
vt 3.000017 1.000000
vt -0.000028 -9.000000
vt 3.000000 -8.999946
vt 3.000072 0.999970
vt 0.000028 -8.999999
vt 0.000000 -9.000011
vt 3.000047 0.999979
vt 3.000000 -8.999977
vt 3.000000 -9.000028
vt 3.000010 1.000035
vt 0.000053 -9.000008
vt 3.000000 -8.999942
vt 2.999888 0.999979
vt -0.000110 -9.000000
vt -0.000001 -8.999987
vt 3.000000 0.999971
vt 0.000053 1.000000
vt 0.000000 -8.999994
vt 2.999987 0.999955
vt 3.000166 -9.000000
vt 0.000000 0.999962
vt 0.000000 -9.000000
vt 2.999995 -8.999981
vt 3.000000 0.999960
vt -0.000037 1.000000
vt 0.000000 -8.999946
vt 3.000137 1.000000
vt 0.000082 -9.000020
vt 2.999984 1.000000
vt 0.000003 -8.999968
vt 3.000000 1.000036
vt 0.000037 1.000000
vt -0.000002 -8.999945
vt 2.999998 1.000000
vt 3.000002 -9.000000
vt 0.000000 0.999971
vt 3.000001 -9.000009
vt 0.000006 1.000000
vt 3.000000 -9.000002
vt 0.000004 1.000000
vt 3.000000 -9.000000
vt 3.000001 0.999995
vt 0.000002 -9.000000
vt 3.000001 -9.000000
vt 0.000002 1.000033
vt 2.999999 0.999996
vt -0.000003 -9.000000
vt 3.000000 0.999996
vt 0.000001 -9.000000
vt -0.000007 -9.000036
vt 3.000000 1.000007
vt 2.999998 -9.000000
vt 0.352941 -8.431429
vt 0.000000 -8.368894
vt 0.176473 -7.883459
vt -0.000001 -7.883474
vt 0.176471 -7.398029
vt 0.000000 -7.398029
vt 0.000000 -5.686873
vt 3.000000 -7.883471
vt 0.352941 -7.883475
vt 1.941177 -8.431429
vt 0.705882 -8.368896
vt 3.000000 -4.272485
vt 1.058824 -7.883471
vt 0.882352 -1.087402
vt 1.411766 -8.431429
vt 1.058823 -1.087402
vt 1.235294 -1.087402
vt 3.000000 -8.431429
vt 3.000000 -8.400162
vt 3.000000 -5.686873
vt 0.000000 1.000017
vt 2.999965 -9.000007
vt 2.999993 0.999991
vt 2.999989 1.000000
vt 0.000000 -8.999989
vt 2.999934 -8.999998
vt 2.999995 -9.000001
vt 2.999989 -8.999982
vt 0.000000 -8.999991
vt -0.000001 1.000020
vt 2.999982 0.999972
vt 0.000000 1.000012
vt 2.999982 -8.999994
vt 3.000053 1.000006
vt -0.000028 1.000000
vt 0.000000 -8.999999
vt 3.000051 -9.000013
vt 3.000015 -9.000000
vt 3.000000 0.999962
vt 0.000001 1.000012
vt 0.000000 -8.999987
vt 0.000000 1.000021
vt 3.000081 -9.000000
vt 3.000020 1.000008
vt 0.000000 -9.000047
vt 3.000017 -9.000000
vt 0.000000 1.000006
vt 0.000000 1.000031
vt 0.000028 1.000000
vt -0.000029 -9.000018
vt 3.000000 -9.000020
vt -0.000015 1.000000
vt 0.000000 -8.999964
vt 2.999894 -9.000014
vt 0.000000 -8.999990
vt 3.000000 0.999992
vt -0.000023 1.000000
vt 3.000053 -9.000000
vt -0.000110 1.000000
vt 0.000000 0.999958
vt 3.000024 -9.000001
vt 3.000024 1.000018
vt 0.000000 -8.999998
vt 2.999977 -9.000000
vt 0.000000 1.000009
vt 3.000007 -9.000001
vt 2.999968 1.000008
vt 0.000000 0.999972
vt -0.000010 -8.999983
vt 3.000162 1.000000
vt 3.000000 -8.999957
vt 0.000000 0.999990
vt 3.000137 -9.000000
vt 3.000166 0.999911
vt 3.000162 -8.999998
vt 3.000007 1.000036
vt 0.000000 -9.000013
vt -0.000214 1.000013
vt -0.000037 -8.999945
vt 3.000000 1.000062
vt 2.999963 0.999971
vt -0.000211 -9.000000
vt 2.999990 -8.999965
vt 2.999984 -9.000025
vt 0.000082 0.999992
vt 0.000034 -9.000011
vt 3.000000 -8.999987
vt 3.000000 -9.000034
vt 2.999963 -9.000000
vt 0.000000 1.000018
vt 3.000002 1.000004
vt 3.000000 0.999949
vt -0.000002 1.000003
vt 0.000000 -9.000028
vt 3.000000 0.999982
vt 0.000000 -9.000014
vt -0.000003 1.000004
vt 0.000004 -8.999998
vt 3.000000 1.000011
vt 0.000006 -8.999957
vt 0.000000 1.000037
vt -0.000007 1.000011
vt 0.000001 -9.000034
vt 3.000000 1.000021
vt 3.000000 1.000075
vt 0.000001 0.999960
vt 0.000000 0.999912
vt 0.000001 -8.999996
vt 3.000001 0.999921
vt 0.000000 1.000062
vt 0.000000 1.000036
vt 2.999999 1.000000
vt 0.000001 0.999998
vt 2.999999 -8.999967
vt 0.027778 0.487793
vt 0.000000 0.487859
vt 0.013889 0.000000
vt 0.027778 0.512141
vt 0.013889 1.000000
vt 0.000000 0.512140
vt 0.055556 0.487859
vt 0.041667 0.000000
vt 0.055556 0.512141
vt 0.041667 1.000000
vt 0.083333 0.486089
vt 0.069444 0.000000
vt 0.083333 0.488356
vt 0.083333 0.512140
vt 0.069444 1.000000
vt 0.111111 0.487860
vt 0.097222 0.000000
vt 0.111111 0.512140
vt 0.097222 1.000000
vt 0.138889 0.487859
vt 0.125000 0.000000
vt 0.138889 0.512206
vt 0.125000 1.000000
vt 0.166667 0.487860
vt 0.152778 0.000000
vt 0.166667 0.513911
vt 0.152778 1.000000
vt 0.194444 0.487793
vt 0.180556 0.000000
vt 0.194444 0.512140
vt 0.180556 1.000000
vt 0.222222 0.487860
vt 0.208333 0.000000
vt 0.222222 0.512207
vt 0.208333 1.000000
vt 0.250000 0.487860
vt 0.236111 0.000000
vt 0.250000 0.512140
vt 0.236111 1.000000
vt 0.277778 0.486089
vt 0.263889 0.000000
vt 0.277778 0.488356
vt 0.277778 0.513911
vt 0.277778 0.511644
vt 0.305556 0.487794
vt 0.291667 0.000000
vt 0.333333 0.487860
vt 0.319444 0.000000
vt 0.333333 0.513911
vt 0.319444 1.000000
vt 0.305556 0.512206
vt 0.361111 0.487860
vt 0.347222 0.000000
vt 0.361111 0.512207
vt 0.333333 0.511644
vt 0.347222 1.000000
vt 0.388889 0.486089
vt 0.375000 0.000000
vt 0.388889 0.488356
vt 0.388889 0.513911
vt 0.375000 1.000000
vt 0.416667 0.487793
vt 0.402778 0.000000
vt 0.416667 0.512140
vt 0.402778 1.000000
vt 0.444444 0.487860
vt 0.430556 0.000000
vt 0.444444 0.512207
vt 0.430556 1.000000
vt 0.472222 0.487860
vt 0.458333 0.000000
vt 0.472222 0.491104
vt 0.444444 0.492889
vt 0.444444 0.490623
vt 0.472222 0.512140
vt 0.458333 1.000000
vt 0.500000 0.487860
vt 0.486111 0.000000
vt 0.500000 0.492889
vt 0.500000 0.490623
vt 0.500000 0.512140
vt 0.486111 1.000000
vt 0.527778 0.487859
vt 0.513889 0.000000
vt 0.527778 0.512140
vt 0.513889 1.000000
vt 0.555556 0.486089
vt 0.541667 0.000000
vt 0.555556 0.512140
vt 0.541667 1.000000
vt 0.583333 0.487860
vt 0.569444 0.000000
vt 0.583333 0.508816
vt 0.555556 0.509377
vt 0.555556 0.507111
vt 0.583333 0.513911
vt 0.569444 1.000000
vt 0.611111 0.488356
vt 0.611111 0.486089
vt 0.611111 0.512140
vt 0.597222 1.000000
vt 0.638889 0.512140
vt 0.625000 1.000000
vt 0.666667 0.487859
vt 0.638889 0.487793
vt 0.652778 0.000000
vt 0.666667 0.512207
vt 0.652778 1.000000
vt 0.694444 0.486089
vt 0.680556 0.000000
vt 0.694444 0.488356
vt 0.694444 0.512140
vt 0.680556 1.000000
vt 0.722222 0.487794
vt 0.708333 0.000000
vt 0.722222 0.512140
vt 0.708333 1.000000
vt 0.750000 0.486089
vt 0.736111 0.000000
vt 0.750000 0.512141
vt 0.736111 1.000000
vt 0.777778 0.487860
vt 0.763889 0.000000
vt 0.750000 0.488356
vt 0.777778 0.512140
vt 0.763889 1.000000
vt 0.805556 0.487859
vt 0.791667 0.000000
vt 0.805556 0.512141
vt 0.791667 1.000000
vt 0.833333 0.487793
vt 0.819444 0.000000
vt 0.833333 0.491057
vt 0.805556 0.492889
vt 0.805556 0.490623
vt 0.833333 0.512141
vt 0.819444 1.000000
vt 0.861111 0.487860
vt 0.847222 0.000000
vt 0.861111 0.492889
vt 0.861111 0.490623
vt 0.861111 0.508816
vt 0.833333 0.509377
vt 0.833333 0.507111
vt 0.861111 0.513911
vt 0.847222 1.000000
vt 0.888889 0.486089
vt 0.875000 0.000000
vt 0.888889 0.488356
vt 0.888889 0.509377
vt 0.888889 0.507111
vt 0.888889 0.512140
vt 0.875000 1.000000
vt 0.916667 0.487793
vt 0.902778 0.000000
vt 0.916667 0.491057
vt 0.888889 0.492889
vt 0.888889 0.490623
vt 0.916667 0.512206
vt 0.902778 1.000000
vt 0.944444 0.487859
vt 0.930556 0.000000
vt 0.944444 0.512140
vt 0.930556 1.000000
vt 0.972222 0.486089
vt 0.958333 0.000000
vt 0.972222 0.513911
vt 0.972222 0.511644
vt 0.958333 1.000000
vt 1.000000 0.487859
vt 0.986111 0.000000
vt 1.000000 0.512140
vt 0.986111 1.000000
vt 0.027778 0.490623
vt 0.000000 0.490623
vt 0.000000 0.492889
vt 0.027778 0.492889
vt 0.000000 0.507111
vt 0.027778 0.507111
vt 0.027778 0.509377
vt 0.000000 0.509377
vt 0.055556 0.490623
vt 0.055556 0.492889
vt 0.055556 0.507111
vt 0.055556 0.509377
vt 0.083333 0.490623
vt 0.083333 0.492889
vt 0.083333 0.508896
vt 0.111111 0.490623
vt 0.111111 0.492889
vt 0.111111 0.507111
vt 0.111111 0.509377
vt 0.138889 0.490623
vt 0.138889 0.492889
vt 0.138889 0.507111
vt 0.138889 0.509377
vt 0.166667 0.490623
vt 0.166667 0.492889
vt 0.166667 0.507111
vt 0.166667 0.509377
vt 0.166667 0.511644
vt 0.194444 0.490623
vt 0.194444 0.492889
vt 0.194444 0.507111
vt 0.194444 0.509377
vt 0.222222 0.490623
vt 0.222222 0.492889
vt 0.222222 0.507111
vt 0.222222 0.509377
vt 0.250000 0.491104
vt 0.250000 0.507111
vt 0.250000 0.509377
vt 0.277778 0.490623
vt 0.277778 0.492889
vt 0.277778 0.507111
vt 0.277778 0.509377
vt 0.305556 0.490623
vt 0.305556 0.492889
vt 0.305556 0.507111
vt 0.305556 0.509377
vt 0.333333 0.490623
vt 0.333333 0.492889
vt 0.333333 0.507111
vt 0.333333 0.509377
vt 0.361111 0.490623
vt 0.361111 0.492889
vt 0.361111 0.507111
vt 0.361111 0.509377
vt 0.388889 0.490623
vt 0.388889 0.492889
vt 0.388889 0.507111
vt 0.388889 0.509377
vt 0.388889 0.511644
vt 0.416667 0.490623
vt 0.416667 0.492889
vt 0.416667 0.507111
vt 0.416667 0.509377
vt 0.444444 0.507111
vt 0.444444 0.509377
vt 0.472222 0.507111
vt 0.472222 0.509377
vt 0.500000 0.507111
vt 0.500000 0.509377
vt 0.527778 0.490623
vt 0.527778 0.492889
vt 0.527778 0.507111
vt 0.527778 0.509377
vt 0.555556 0.488356
vt 0.555556 0.490623
vt 0.555556 0.492889
vt 0.583333 0.490623
vt 0.583333 0.492889
vt 0.583333 0.511644
vt 0.611111 0.490623
vt 0.611111 0.492889
vt 0.611111 0.507111
vt 0.611111 0.509377
vt 0.638889 0.490623
vt 0.638889 0.492889
vt 0.638889 0.507111
vt 0.638889 0.509377
vt 0.666667 0.490623
vt 0.666667 0.492889
vt 0.666667 0.507111
vt 0.666667 0.509377
vt 0.694444 0.490623
vt 0.694444 0.492889
vt 0.694444 0.508896
vt 0.722222 0.490623
vt 0.722222 0.492889
vt 0.722222 0.507111
vt 0.722222 0.509377
vt 0.750000 0.490623
vt 0.750000 0.492889
vt 0.750000 0.507111
vt 0.750000 0.509377
vt 0.777778 0.490623
vt 0.777778 0.492889
vt 0.777778 0.507111
vt 0.777778 0.509377
vt 0.805556 0.507111
vt 0.805556 0.509377
vt 0.861111 0.511644
vt 0.916667 0.507111
vt 0.916667 0.509377
vt 0.944444 0.490623
vt 0.944444 0.492889
vt 0.944444 0.507111
vt 0.944444 0.509377
vt 0.972222 0.488356
vt 0.972222 0.490623
vt 0.972222 0.492889
vt 0.972222 0.507111
vt 0.972222 0.509377
vt 1.000000 0.490623
vt 1.000000 0.492889
vt 1.000000 0.507111
vt 1.000000 0.509377
s 1
usemtl Metal_Dot_Grid.001
f 93/1/1 90/2/1 89/3/1
f 9/4/2 6/5/2 5/6/2
f 94/7/3 91/8/3 1/9/3
f 13/10/3 7/11/3 1/9/3
f 15/12/4 12/13/4 11/14/4
f 16/15/3 13/10/3 1/9/3
f 17/16/5 15/12/5 14/17/5
f 19/18/3 16/15/3 1/9/3
f 96/19/6 93/1/6 95/20/6
f 99/21/7 95/20/7 98/22/7
f 32/23/3 19/18/3 1/9/3
f 32/23/3 28/24/3 19/18/3
f 39/25/8 37/26/8 38/27/8
f 100/28/3 94/7/3 1/9/3
f 40/29/3 32/23/3 1/9/3
f 42/30/9 38/27/9 41/31/9
f 100/28/3 97/32/3 94/7/3
f 43/33/3 40/29/3 1/9/3
f 45/34/10 42/30/10 44/35/10
f 46/36/3 43/33/3 1/9/3
f 46/36/3 47/37/3 43/33/3
f 51/38/11 48/39/11 50/40/11
f 103/41/3 100/28/3 1/9/3
f 52/42/3 46/36/3 1/9/3
f 55/43/3 52/42/3 1/9/3
f 105/44/12 101/45/12 104/46/12
f 105/44/12 102/47/12 101/45/12
f 58/48/3 55/43/3 1/9/3
f 59/49/13 55/43/3 58/48/3
f 64/50/14 61/51/14 60/52/14
f 68/53/15 62/54/13 67/55/3
f 67/55/3 58/48/3 1/9/3
f 75/56/16 71/57/16 74/58/16
f 75/56/16 72/59/16 71/57/16
f 76/60/3 67/55/3 1/9/3
f 77/61/17 75/56/17 74/58/17
f 79/62/3 76/60/3 1/9/3
f 81/63/18 77/61/18 80/64/18
f 81/63/18 78/65/18 77/61/18
f 82/66/3 79/62/3 1/9/3
f 83/67/19 81/63/19 80/64/19
f 85/68/3 82/66/3 1/9/3
f 91/8/3 85/68/3 1/9/3
f 91/8/3 88/69/3 85/68/3
f 332/70/20 331/71/20 327/72/20
f 412/73/21 427/74/21 411/75/21
f 333/76/22 332/70/22 327/77/22
f 413/78/23 427/79/23 412/73/23
f 334/80/24 333/76/24 327/81/24
f 414/82/25 427/83/25 413/78/25
f 336/84/26 335/85/26 328/86/26
f 416/87/27 428/88/27 415/89/27
f 337/90/28 336/84/28 328/91/28
f 417/92/29 428/93/29 416/87/29
f 338/80/30 337/90/30 328/94/30
f 418/82/31 428/95/31 417/92/31
f 340/70/32 339/71/32 329/72/32
f 420/73/33 429/74/33 419/75/33
f 341/76/34 340/70/34 329/77/34
f 421/78/35 429/79/35 420/73/35
f 342/80/36 341/76/36 329/81/36
f 422/82/37 429/83/37 421/78/37
f 344/84/38 343/85/38 326/86/38
f 424/87/39 426/88/39 423/89/39
f 345/90/40 344/84/40 326/91/40
f 425/92/41 426/93/41 424/87/41
f 330/80/42 345/90/42 326/94/42
f 410/82/43 426/95/43 425/92/43
f 436/96/44 435/97/44 431/72/44
f 516/98/45 531/74/45 515/99/45
f 437/100/22 436/96/22 431/77/22
f 517/101/46 531/79/46 516/98/46
f 438/102/47 437/100/47 431/81/47
f 518/103/48 531/83/48 517/101/48
f 440/104/49 439/105/49 432/86/49
f 520/106/50 532/88/50 519/107/50
f 441/108/28 440/104/28 432/91/28
f 521/109/51 532/93/51 520/106/51
f 442/102/52 441/108/52 432/94/52
f 522/103/31 532/95/31 521/109/31
f 444/96/53 443/97/53 433/72/53
f 524/98/54 533/74/54 523/99/54
f 445/100/55 444/96/55 433/77/55
f 525/101/56 533/79/56 524/98/56
f 446/102/36 445/100/36 433/81/36
f 526/103/57 533/83/57 525/101/57
f 448/104/58 447/105/58 430/86/58
f 528/106/59 530/88/59 527/107/59
f 449/108/60 448/104/60 430/91/60
f 529/109/61 530/93/61 528/106/61
f 434/102/62 449/108/62 430/94/62
f 514/103/63 530/95/63 529/109/63
f 540/70/64 539/71/64 535/72/64
f 620/73/21 635/74/21 619/75/21
f 541/76/22 540/70/22 535/77/22
f 621/78/46 635/79/46 620/73/46
f 542/80/65 541/76/65 535/81/65
f 622/82/25 635/83/25 621/78/25
f 544/84/26 543/85/26 536/86/26
f 624/87/50 636/88/50 623/89/50
f 545/90/66 544/84/66 536/91/66
f 625/92/51 636/93/51 624/87/51
f 546/80/52 545/90/52 536/94/52
f 626/82/31 636/95/31 625/92/31
f 548/70/32 547/71/32 537/72/32
f 628/73/67 637/74/67 627/75/67
f 549/76/68 548/70/68 537/77/68
f 629/78/69 637/79/69 628/73/69
f 550/80/36 549/76/36 537/81/36
f 630/82/37 637/83/37 629/78/37
f 552/84/70 551/85/70 534/86/70
f 632/87/39 634/88/39 631/89/39
f 553/90/71 552/84/71 534/91/71
f 633/92/72 634/93/72 632/87/72
f 538/80/73 553/90/73 534/94/73
f 618/82/74 634/95/74 633/92/74
f 17/16/75 21/110/75 22/111/75 18/112/75
f 7/11/3 4/113/76 1/9/3
f 8/114/2 9/4/2 5/6/2
f 11/14/77 9/4/77 8/114/77
f 11/14/77 12/13/77 9/4/77
f 13/10/3 10/115/3 7/11/3
f 14/17/4 15/12/4 11/14/4
f 17/16/5 18/112/5 15/12/5
f 95/20/6 93/1/6 92/116/6
f 16/15/3 19/18/3 23/117/3 20/118/3
f 21/110/78 24/119/78 25/120/78 22/111/78
f 24/119/79 26/121/79 27/122/79 25/120/79
f 27/122/80 26/121/80 30/123/80 31/124/80
f 28/24/3 29/125/3 19/18/3
f 30/123/81 33/126/81 34/127/81 31/124/81
f 34/127/82 33/126/82 36/128/82 37/26/82
f 99/21/7 96/19/7 95/20/7
f 32/23/3 35/129/15 28/24/3
f 44/35/83 48/39/83 49/130/83 45/34/83
f 38/27/8 37/26/8 36/128/8
f 42/30/9 39/25/9 38/27/9
f 101/45/84 99/21/84 98/22/84
f 44/35/10 42/30/10 41/31/10
f 101/45/84 102/47/84 99/21/84
f 51/38/85 50/40/85 53/131/85 54/132/85
f 51/38/11 49/130/11 48/39/11
f 54/132/86 53/131/86 56/66/86 57/133/86
f 56/66/87 60/52/87 61/51/87 57/133/87
f 64/50/88 63/134/88 65/135/88 66/136/88
f 63/134/14 64/50/14 60/52/14
f 65/135/89 69/137/89 70/138/89 66/136/89
f 1/9/3 106/139/3 103/41/3
f 67/55/3 62/54/13 58/48/3
f 104/46/90 107/140/90 108/141/90 105/44/90
f 109/142/91 3/143/91 6/144/91 110/145/91
f 71/57/92 70/138/92 69/137/92
f 71/57/92 72/59/92 70/138/92
f 76/60/3 73/146/3 67/55/3
f 77/61/17 78/65/17 75/56/17
f 83/67/19 84/147/19 81/63/19
f 2/145/93 108/141/93 107/140/93
f 86/148/94 87/149/94 83/67/94
f 87/149/94 84/147/94 83/67/94
f 2/145/93 3/150/93 108/141/93
f 89/3/95 87/149/95 86/148/95
f 89/3/95 90/2/95 87/149/95
f 92/116/1 93/1/1 89/3/1
f 111/142/96 108/143/96 3/144/96 109/145/96
f 6/143/97 9/144/97 112/145/97 110/142/97
f 113/142/98 105/143/98 108/144/98 111/145/98
f 9/143/99 12/144/99 114/145/99 112/142/99
f 115/142/100 102/143/100 105/144/100 113/145/100
f 12/143/101 15/144/101 116/145/101 114/142/101
f 99/143/102 102/144/102 115/145/102 117/142/102
f 15/143/103 18/144/103 118/145/103 116/142/103
f 96/143/104 99/144/104 117/145/104 119/142/104
f 118/142/105 18/143/105 22/144/105 120/145/105
f 93/143/106 96/144/106 119/145/106 121/142/106
f 120/142/107 22/143/107 25/144/107 122/145/107
f 123/142/108 90/143/108 93/144/108 121/145/108
f 122/142/109 25/143/109 27/144/109 124/145/109
f 125/142/110 87/143/110 90/144/110 123/145/110
f 124/142/111 27/143/111 31/144/111 126/145/111
f 127/142/112 84/143/112 87/144/112 125/145/112
f 31/143/113 34/144/113 128/145/113 126/142/113
f 81/143/114 84/144/114 127/145/114 129/142/114
f 130/142/115 78/143/115 81/144/115 129/145/115
f 131/142/116 75/143/116 78/144/116 130/145/116
f 72/143/117 75/144/117 131/145/117 132/142/117
f 133/142/118 70/143/118 72/144/118 132/145/118
f 66/143/119 70/144/119 133/145/119 134/142/119
f 135/142/120 64/143/120 66/144/120 134/145/120
f 136/142/121 61/143/121 64/144/121 135/145/121
f 57/143/122 61/144/122 136/145/122 137/142/122
f 54/143/123 57/144/123 137/145/123 138/142/123
f 139/142/124 51/143/124 54/144/124 138/145/124
f 140/142/125 49/143/125 51/144/125 139/145/125
f 45/143/126 49/144/126 140/145/126 141/142/126
f 142/142/127 42/143/127 45/144/127 141/145/127
f 39/143/128 42/144/128 142/145/128 143/142/128
f 37/143/129 39/144/129 143/145/129 144/142/129
f 145/142/130 109/143/130 110/144/130 146/145/130
f 111/143/130 109/144/130 145/145/130 147/142/130
f 146/142/130 110/143/130 112/144/130 148/145/130
f 149/142/130 113/143/130 111/144/130 147/145/130
f 112/143/130 114/144/130 150/145/130 148/142/130
f 115/143/130 113/144/130 149/145/130 151/142/130
f 150/142/130 114/143/130 116/144/130 152/145/130
f 153/142/130 117/143/130 115/144/130 151/145/130
f 116/143/130 118/144/130 154/145/130 152/142/130
f 155/142/130 119/143/130 117/144/130 153/145/130
f 118/143/130 120/144/130 156/145/130 154/142/130
f 121/143/130 119/144/130 155/145/130 157/142/130
f 156/142/130 120/143/130 122/144/130 158/145/130
f 123/143/130 121/144/130 157/145/130 159/142/130
f 122/143/130 124/144/130 160/145/130 158/142/130
f 125/143/130 123/144/130 159/145/130 161/142/130
f 160/142/130 124/143/130 126/144/130 162/145/130
f 163/142/130 127/143/130 125/144/130 161/145/130
f 126/143/130 128/144/130 164/145/130 162/142/130
f 165/142/130 129/143/130 127/144/130 163/145/130
f 166/142/130 130/143/130 129/144/130 165/145/130
f 131/143/130 130/144/130 166/145/130 167/142/130
f 168/142/130 132/143/130 131/144/130 167/145/130
f 169/142/130 133/143/130 132/144/130 168/145/130
f 170/142/130 134/143/130 133/144/130 169/145/130
f 171/142/130 135/143/130 134/144/130 170/145/130
f 172/142/130 136/143/130 135/144/130 171/145/130
f 173/142/130 137/143/130 136/144/130 172/145/130
f 174/142/130 138/143/130 137/144/130 173/145/130
f 139/143/130 138/144/130 174/145/130 175/142/130
f 176/142/130 140/143/130 139/144/130 175/145/130
f 141/143/130 140/144/130 176/145/130 177/142/130
f 142/143/130 141/144/130 177/145/130 178/142/130
f 143/143/130 142/144/130 178/145/130 179/142/130
f 144/143/130 143/144/130 179/145/130 180/142/130
f 330/151/131 326/144/131 327/152/131 331/71/131
f 330/151/132 331/71/132 347/153/132 346/154/132
f 346/154/133 347/153/133 363/155/133 362/156/133
f 362/156/134 363/155/134 379/157/134 378/158/134
f 378/158/135 379/157/135 395/159/135 394/160/135
f 394/160/136 395/159/136 411/75/136 410/161/136
f 426/143/137 410/161/137 411/75/137 427/162/137
f 331/71/138 332/70/138 348/163/138 347/153/138
f 347/153/139 348/163/139 364/164/139 363/155/139
f 363/155/140 364/164/140 380/165/140 379/157/140
f 395/159/141 379/157/141 380/165/141 396/166/141
f 395/159/142 396/166/142 412/73/142 411/75/142
f 348/163/143 332/70/143 333/76/143 349/167/143
f 364/164/144 348/163/144 349/167/144 365/168/144
f 380/165/145 364/164/145 365/168/145 381/169/145
f 396/166/146 380/165/146 381/169/146 397/170/146
f 412/73/147 396/166/147 397/170/147 413/78/147
f 349/167/148 333/76/148 334/80/148 350/171/148
f 349/167/149 350/171/149 366/172/149 365/168/149
f 365/168/150 366/172/150 382/173/150 381/169/150
f 397/170/151 381/169/151 382/173/151 398/174/151
f 397/170/152 398/174/152 414/82/152 413/78/152
f 327/144/153 328/175/153 335/85/153 334/151/153
f 334/151/154 335/85/154 351/176/154 350/154/154
f 350/154/155 351/176/155 367/177/155 366/156/155
f 366/156/156 367/177/156 383/178/156 382/158/156
f 398/160/157 382/158/157 383/178/157 399/179/157
f 398/160/158 399/179/158 415/89/158 414/161/158
f 414/161/159 415/89/159 428/180/159 427/143/159
f 351/176/160 335/85/160 336/84/160 352/181/160
f 367/177/161 351/176/161 352/181/161 368/182/161
f 367/177/162 368/182/162 384/183/162 383/178/162
f 383/178/163 384/183/163 400/184/163 399/179/163
f 415/89/164 399/179/164 400/184/164 416/87/164
f 336/84/165 337/90/165 353/185/165 352/181/165
f 352/181/166 353/185/166 369/186/166 368/182/166
f 368/182/167 369/186/167 385/187/167 384/183/167
f 384/183/168 385/187/168 401/188/168 400/184/168
f 416/87/169 400/184/169 401/188/169 417/92/169
f 337/90/170 338/80/170 354/171/170 353/185/170
f 353/185/171 354/171/171 370/172/171 369/186/171
f 385/187/172 369/186/172 370/172/172 386/173/172
f 401/188/173 385/187/173 386/173/173 402/174/173
f 401/188/174 402/174/174 418/82/174 417/92/174
f 328/144/175 329/152/175 339/71/175 338/151/175
f 338/151/176 339/71/176 355/153/176 354/154/176
f 354/154/177 355/153/177 371/155/177 370/156/177
f 370/156/178 371/155/178 387/157/178 386/158/178
f 386/158/179 387/157/179 403/159/179 402/160/179
f 402/160/180 403/159/180 419/75/180 418/161/180
f 418/161/181 419/75/181 429/162/181 428/143/181
f 339/71/182 340/70/182 356/163/182 355/153/182
f 355/153/183 356/163/183 372/164/183 371/155/183
f 387/157/184 371/155/184 372/164/184 388/165/184
f 387/157/185 388/165/185 404/166/185 403/159/185
f 419/75/186 403/159/186 404/166/186 420/73/186
f 356/163/187 340/70/187 341/76/187 357/167/187
f 372/164/188 356/163/188 357/167/188 373/168/188
f 372/164/189 373/168/189 389/169/189 388/165/189
f 388/165/190 389/169/190 405/170/190 404/166/190
f 404/166/191 405/170/191 421/78/191 420/73/191
f 357/167/192 341/76/192 342/80/192 358/171/192
f 373/168/193 357/167/193 358/171/193 374/172/193
f 373/168/194 374/172/194 390/173/194 389/169/194
f 405/170/195 389/169/195 390/173/195 406/174/195
f 421/78/196 405/170/196 406/174/196 422/82/196
f 329/144/197 326/175/197 343/85/197 342/151/197
f 358/154/198 342/151/198 343/85/198 359/176/198
f 358/154/199 359/176/199 375/177/199 374/156/199
f 390/158/200 374/156/200 375/177/200 391/178/200
f 406/160/201 390/158/201 391/178/201 407/179/201
f 422/161/202 406/160/202 407/179/202 423/89/202
f 422/161/203 423/89/203 426/180/203 429/143/203
f 343/85/204 344/84/204 360/181/204 359/176/204
f 359/176/205 360/181/205 376/182/205 375/177/205
f 375/177/206 376/182/206 392/183/206 391/178/206
f 391/178/207 392/183/207 408/184/207 407/179/207
f 423/89/208 407/179/208 408/184/208 424/87/208
f 344/84/209 345/90/209 361/185/209 360/181/209
f 376/182/210 360/181/210 361/185/210 377/186/210
f 392/183/211 376/182/211 377/186/211 393/187/211
f 392/183/212 393/187/212 409/188/212 408/184/212
f 424/87/213 408/184/213 409/188/213 425/92/213
f 345/90/214 330/80/214 346/171/214 361/185/214
f 377/186/215 361/185/215 346/171/215 362/172/215
f 377/186/216 362/172/216 378/173/216 393/187/216
f 393/187/217 378/173/217 394/174/217 409/188/217
f 409/188/218 394/174/218 410/82/218 425/92/218
f 426/144/219 427/145/219 428/142/219 429/143/219
f 327/142/220 326/143/220 329/144/220 328/145/220
f 430/144/131 431/152/131 435/97/131 434/189/131
f 450/190/132 434/189/132 435/97/132 451/191/132
f 450/190/221 451/191/221 467/192/221 466/193/221
f 466/193/134 467/192/134 483/194/134 482/195/134
f 498/196/135 482/195/135 483/194/135 499/197/135
f 514/198/136 498/196/136 499/197/136 515/99/136
f 514/198/137 515/99/137 531/162/137 530/143/137
f 435/97/138 436/96/138 452/199/138 451/191/138
f 451/191/139 452/199/139 468/200/139 467/192/139
f 483/194/140 467/192/140 468/200/140 484/201/140
f 483/194/222 484/201/222 500/202/222 499/197/222
f 499/197/142 500/202/142 516/98/142 515/99/142
f 452/199/223 436/96/223 437/100/223 453/203/223
f 468/200/144 452/199/144 453/203/144 469/204/144
f 468/200/145 469/204/145 485/205/145 484/201/145
f 500/202/146 484/201/146 485/205/146 501/206/146
f 516/98/224 500/202/224 501/206/224 517/101/224
f 453/203/148 437/100/148 438/102/148 454/207/148
f 469/204/149 453/203/149 454/207/149 470/208/149
f 469/204/150 470/208/150 486/209/150 485/205/150
f 485/205/151 486/209/151 502/210/151 501/206/151
f 517/101/152 501/206/152 502/210/152 518/103/152
f 431/144/153 432/175/153 439/105/153 438/189/153
f 454/190/154 438/189/154 439/105/154 455/211/154
f 454/190/155 455/211/155 471/212/155 470/193/155
f 486/195/156 470/193/156 471/212/156 487/213/156
f 486/195/157 487/213/157 503/214/157 502/196/157
f 518/198/225 502/196/225 503/214/225 519/107/225
f 531/143/159 518/198/159 519/107/159 532/180/159
f 455/211/160 439/105/160 440/104/160 456/215/160
f 455/211/161 456/215/161 472/216/161 471/212/161
f 487/213/226 471/212/226 472/216/226 488/217/226
f 503/214/227 487/213/227 488/217/227 504/218/227
f 503/214/228 504/218/228 520/106/228 519/107/228
f 440/104/165 441/108/165 457/219/165 456/215/165
f 456/215/166 457/219/166 473/220/166 472/216/166
f 488/217/229 472/216/229 473/220/229 489/221/229
f 488/217/168 489/221/168 505/222/168 504/218/168
f 504/218/169 505/222/169 521/109/169 520/106/169
f 457/219/170 441/108/170 442/102/170 458/207/170
f 473/220/171 457/219/171 458/207/171 474/208/171
f 489/221/172 473/220/172 474/208/172 490/209/172
f 505/222/173 489/221/173 490/209/173 506/210/173
f 505/222/174 506/210/174 522/103/174 521/109/174
f 442/189/175 432/144/175 433/152/175 443/97/175
f 442/189/176 443/97/176 459/191/176 458/190/176
f 458/190/177 459/191/177 475/192/177 474/193/177
f 474/193/178 475/192/178 491/194/178 490/195/178
f 506/196/179 490/195/179 491/194/179 507/197/179
f 506/196/230 507/197/230 523/99/230 522/198/230
f 532/143/231 522/198/231 523/99/231 533/162/231
f 443/97/182 444/96/182 460/199/182 459/191/182
f 459/191/232 460/199/232 476/200/232 475/192/232
f 475/192/233 476/200/233 492/201/233 491/194/233
f 507/197/185 491/194/185 492/201/185 508/202/185
f 523/99/186 507/197/186 508/202/186 524/98/186
f 460/199/187 444/96/187 445/100/187 461/203/187
f 476/200/188 460/199/188 461/203/188 477/204/188
f 476/200/189 477/204/189 493/205/189 492/201/189
f 508/202/190 492/201/190 493/205/190 509/206/190
f 508/202/234 509/206/234 525/101/234 524/98/234
f 445/100/192 446/102/192 462/207/192 461/203/192
f 461/203/193 462/207/193 478/208/193 477/204/193
f 477/204/194 478/208/194 494/209/194 493/205/194
f 509/206/195 493/205/195 494/209/195 510/210/195
f 509/206/196 510/210/196 526/103/196 525/101/196
f 433/144/235 430/175/235 447/105/235 446/189/235
f 462/190/198 446/189/198 447/105/198 463/211/198
f 478/193/199 462/190/199 463/211/199 479/212/199
f 494/195/200 478/193/200 479/212/200 495/213/200
f 510/196/201 494/195/201 495/213/201 511/214/201
f 510/196/236 511/214/236 527/107/236 526/198/236
f 526/198/203 527/107/203 530/180/203 533/143/203
f 447/105/204 448/104/204 464/215/204 463/211/204
f 463/211/237 464/215/237 480/216/237 479/212/237
f 479/212/238 480/216/238 496/217/238 495/213/238
f 495/213/239 496/217/239 512/218/239 511/214/239
f 527/107/240 511/214/240 512/218/240 528/106/240
f 448/104/241 449/108/241 465/219/241 464/215/241
f 464/215/210 465/219/210 481/220/210 480/216/210
f 480/216/211 481/220/211 497/221/211 496/217/211
f 496/217/212 497/221/212 513/222/212 512/218/212
f 528/106/242 512/218/242 513/222/242 529/109/242
f 449/108/243 434/102/243 450/207/243 465/219/243
f 465/219/215 450/207/215 466/208/215 481/220/215
f 497/221/216 481/220/216 466/208/216 482/209/216
f 497/221/217 482/209/217 498/210/217 513/222/217
f 513/222/218 498/210/218 514/103/218 529/109/218
f 530/144/219 531/145/219 532/142/219 533/143/219
f 431/142/220 430/143/220 433/144/220 432/145/220
f 534/144/131 535/152/131 539/71/131 538/151/131
f 538/151/244 539/71/244 555/153/244 554/154/244
f 570/156/221 554/154/221 555/153/221 571/155/221
f 570/156/134 571/155/134 587/157/134 586/158/134
f 586/158/135 587/157/135 603/159/135 602/160/135
f 602/160/136 603/159/136 619/75/136 618/161/136
f 618/161/137 619/75/137 635/162/137 634/143/137
f 539/71/138 540/70/138 556/163/138 555/153/138
f 555/153/139 556/163/139 572/164/139 571/155/139
f 587/157/140 571/155/140 572/164/140 588/165/140
f 587/157/222 588/165/222 604/166/222 603/159/222
f 619/75/142 603/159/142 604/166/142 620/73/142
f 556/163/245 540/70/245 541/76/245 557/167/245
f 556/163/144 557/167/144 573/168/144 572/164/144
f 588/165/145 572/164/145 573/168/145 589/169/145
f 588/165/146 589/169/146 605/170/146 604/166/146
f 620/73/147 604/166/147 605/170/147 621/78/147
f 541/76/148 542/80/148 558/171/148 557/167/148
f 557/167/149 558/171/149 574/172/149 573/168/149
f 573/168/150 574/172/150 590/173/150 589/169/150
f 589/169/151 590/173/151 606/174/151 605/170/151
f 605/170/246 606/174/246 622/82/246 621/78/246
f 542/151/153 535/144/153 536/175/153 543/85/153
f 542/151/247 543/85/247 559/176/247 558/154/247
f 574/156/155 558/154/155 559/176/155 575/177/155
f 574/156/156 575/177/156 591/178/156 590/158/156
f 606/160/157 590/158/157 591/178/157 607/179/157
f 606/160/225 607/179/225 623/89/225 622/161/225
f 622/161/159 623/89/159 636/180/159 635/143/159
f 543/85/160 544/84/160 560/181/160 559/176/160
f 575/177/161 559/176/161 560/181/161 576/182/161
f 591/178/226 575/177/226 576/182/226 592/183/226
f 607/179/227 591/178/227 592/183/227 608/184/227
f 607/179/248 608/184/248 624/87/248 623/89/248
f 560/181/165 544/84/165 545/90/165 561/185/165
f 576/182/166 560/181/166 561/185/166 577/186/166
f 592/183/229 576/182/229 577/186/229 593/187/229
f 608/184/168 592/183/168 593/187/168 609/188/168
f 608/184/249 609/188/249 625/92/249 624/87/249
f 561/185/170 545/90/170 546/80/170 562/171/170
f 577/186/171 561/185/171 562/171/171 578/172/171
f 577/186/172 578/172/172 594/173/172 593/187/172
f 593/187/173 594/173/173 610/174/173 609/188/173
f 609/188/174 610/174/174 626/82/174 625/92/174
f 546/151/175 536/144/175 537/152/175 547/71/175
f 546/151/176 547/71/176 563/153/176 562/154/176
f 578/156/177 562/154/177 563/153/177 579/155/177
f 578/156/178 579/155/178 595/157/178 594/158/178
f 594/158/179 595/157/179 611/159/179 610/160/179
f 626/161/230 610/160/230 611/159/230 627/75/230
f 626/161/181 627/75/181 637/162/181 636/143/181
f 547/71/182 548/70/182 564/163/182 563/153/182
f 563/153/232 564/163/232 580/164/232 579/155/232
f 579/155/233 580/164/233 596/165/233 595/157/233
f 611/159/185 595/157/185 596/165/185 612/166/185
f 627/75/250 611/159/250 612/166/250 628/73/250
f 548/70/187 549/76/187 565/167/187 564/163/187
f 564/163/188 565/167/188 581/168/188 580/164/188
f 580/164/189 581/168/189 597/169/189 596/165/189
f 612/166/190 596/165/190 597/169/190 613/170/190
f 612/166/251 613/170/251 629/78/251 628/73/251
f 549/76/252 550/80/252 566/171/252 565/167/252
f 581/168/193 565/167/193 566/171/193 582/172/193
f 597/169/194 581/168/194 582/172/194 598/173/194
f 613/170/195 597/169/195 598/173/195 614/174/195
f 613/170/196 614/174/196 630/82/196 629/78/196
f 550/151/253 537/144/253 534/175/253 551/85/253
f 550/151/254 551/85/254 567/176/254 566/154/254
f 582/156/199 566/154/199 567/176/199 583/177/199
f 582/156/200 583/177/200 599/178/200 598/158/200
f 614/160/201 598/158/201 599/178/201 615/179/201
f 614/160/236 615/179/236 631/89/236 630/161/236
f 637/143/203 630/161/203 631/89/203 634/180/203
f 551/85/255 552/84/255 568/181/255 567/176/255
f 583/177/237 567/176/237 568/181/237 584/182/237
f 599/178/238 583/177/238 584/182/238 600/183/238
f 599/178/239 600/183/239 616/184/239 615/179/239
f 615/179/208 616/184/208 632/87/208 631/89/208
f 552/84/256 553/90/256 569/185/256 568/181/256
f 584/182/210 568/181/210 569/185/210 585/186/210
f 584/182/211 585/186/211 601/187/211 600/183/211
f 616/184/212 600/183/212 601/187/212 617/188/212
f 616/184/213 617/188/213 633/92/213 632/87/213
f 553/90/214 538/80/214 554/171/214 569/185/214
f 569/185/215 554/171/215 570/172/215 585/186/215
f 601/187/216 585/186/216 570/172/216 586/173/216
f 601/187/217 586/173/217 602/174/217 617/188/217
f 617/188/257 602/174/257 618/82/257 633/92/257
f 634/144/219 635/145/219 636/142/219 637/143/219
f 535/142/220 534/143/220 537/144/220 536/145/220
f 3/223/258 2/144/258 5/6/258 6/5/258
usemtl Plastic_Dot_Grid.001
f 185/11/3 182/9/3 181/66/3
f 186/113/13 182/9/3 185/11/3
f 191/10/3 185/11/3 181/66/3
f 192/115/259 185/11/3 191/10/3
f 193/224/260 190/225/260 189/114/260
f 273/7/3 270/8/3 181/66/3
f 195/12/261 289/13/261 194/226/261
f 196/15/3 191/10/3 181/66/3
f 198/227/262 194/226/263 197/16/264
f 198/227/262 195/12/265 194/226/263
f 199/117/3 196/15/3 181/66/3
f 201/110/266 198/227/266 197/16/266
f 202/111/267 198/227/267 201/110/267
f 275/19/268 272/228/268 274/20/268
f 203/119/269 202/111/269 201/110/269
f 204/120/270 202/111/270 203/119/270
f 276/32/3 273/7/3 181/66/3
f 209/123/271 207/229/271 206/121/271
f 210/124/272 207/229/272 209/123/272
f 211/230/3 199/117/3 181/66/3
f 218/27/273 217/26/273 216/128/273
f 219/25/274 217/26/274 218/27/274
f 279/231/3 276/32/3 181/66/3
f 222/232/275 219/25/276 218/27/277
f 224/35/278 222/232/278 221/31/278
f 226/36/3 211/230/3 181/66/3
f 227/37/3 223/33/279 211/230/3
f 229/233/280 225/234/281 224/35/282
f 231/235/283 229/233/283 230/40/283
f 282/41/3 279/231/3 181/66/3
f 232/42/3 226/36/3 181/66/3
f 234/236/284 230/40/285 233/131/286
f 234/236/284 231/235/287 230/40/285
f 235/43/3 232/42/3 181/66/3
f 237/237/288 233/131/289 236/66/288
f 238/49/3 235/43/3 181/66/3
f 283/46/290 281/238/290 280/45/290
f 182/9/3 282/41/3 181/66/3
f 247/239/3 238/49/3 181/66/3
f 285/139/76 282/41/3 182/9/3
f 253/146/15 247/239/3 181/66/3
f 254/240/291 252/241/291 251/57/291
f 255/242/292 252/241/292 254/240/292
f 256/243/293 253/146/15 181/66/3
f 258/244/294 254/240/295 257/245/296
f 261/246/297 257/245/298 260/64/299
f 261/246/297 258/244/300 257/245/298
f 181/66/3 259/62/259 256/243/293
f 262/247/301 261/246/301 260/64/301
f 263/248/302 261/246/302 262/247/302
f 183/145/303 287/249/303 286/140/303
f 267/69/15 264/68/304 181/66/3
f 288/250/305 284/143/305 287/144/305
f 288/251/306 281/143/306 284/144/306
f 204/145/307 198/252/307 202/144/307
f 278/145/308 272/253/308 275/144/308
f 210/145/309 204/254/309 207/144/309
f 252/145/310 246/255/310 250/144/310
f 199/117/3 211/230/3 212/256/3 208/257/3
f 187/6/311 188/258/312 183/144/313
f 188/258/312 184/223/314 183/144/313
f 189/114/315 188/258/315 187/6/315
f 189/114/315 190/225/315 188/258/315
f 193/224/316 289/13/316 190/225/316
f 194/226/317 289/13/317 193/224/317
f 274/20/318 272/228/318 271/116/318
f 199/117/3 200/118/319 196/15/3
f 206/121/320 207/229/320 203/119/320
f 207/229/321 204/120/321 203/119/321
f 208/257/3 205/18/322 199/117/3
f 210/124/323 209/123/323 213/126/323 214/259/323
f 239/52/324 242/134/324 243/260/324 240/261/324
f 277/22/325 278/21/326 274/20/327
f 216/128/328 217/26/329 213/126/330
f 217/26/329 214/259/331 213/126/330
f 278/21/326 275/19/332 274/20/327
f 211/230/3 215/129/293 212/256/3
f 221/31/333 222/232/275 218/27/277
f 223/33/279 220/29/334 211/230/3
f 224/35/335 225/234/335 222/232/335
f 280/45/336 281/238/337 277/22/338
f 226/36/3 227/37/3 211/230/3
f 228/39/339 229/233/280 224/35/282
f 281/238/337 278/21/340 277/22/338
f 230/40/341 229/233/341 228/39/341
f 237/237/288 234/236/289 233/131/289
f 239/52/342 237/237/342 236/66/342
f 239/52/343 240/261/343 237/237/343
f 283/46/344 284/262/344 281/238/344
f 243/260/345 242/134/345 245/135/345 246/263/345
f 244/54/3 241/48/346 238/49/3
f 244/54/3 238/49/3 247/239/3 248/53/3
f 246/263/347 245/135/347 249/264/347 250/138/347
f 265/148/348 268/3/348 269/265/348 266/149/348
f 286/140/349 287/249/350 283/46/349
f 251/57/351 252/241/352 249/264/351
f 252/241/352 250/138/353 249/264/351
f 287/249/350 284/262/350 283/46/349
f 258/244/294 255/242/354 254/240/295
f 265/148/355 266/149/356 262/247/357
f 266/149/356 263/248/358 262/247/357
f 183/145/359 184/150/359 287/249/359
f 269/265/360 268/3/360 271/116/360 272/228/360
f 270/8/3 267/69/15 181/66/3
f 184/142/361 188/143/361 190/144/361 289/145/361
f 184/266/362 288/142/362 287/143/362
f 231/142/363 234/143/363 237/144/363 240/145/363
f 195/144/364 198/145/364 289/267/364
f 281/144/365 288/145/365 278/268/365
f 269/144/366 272/145/366 266/269/366
f 266/270/367 261/142/367 263/143/367
f 261/271/368 255/142/368 258/143/368
f 243/144/369 246/145/369 240/272/369
f 288/143/370 184/144/371 290/145/372 292/142/370
f 231/273/373 225/142/373 229/143/373
f 225/274/374 219/142/374 222/143/374
f 184/275/371 291/145/375 290/142/372
f 291/142/375 184/143/371 289/144/376 293/145/377
f 289/143/376 198/144/378 297/145/379 295/142/380
f 288/276/381 292/145/382 294/142/381
f 295/145/380 293/142/377 289/277/376
f 288/278/381 294/145/381 296/142/383
f 278/143/384 288/144/385 296/145/385 298/142/386
f 198/143/378 204/144/387 301/145/388 299/142/389
f 299/145/389 297/142/379 198/279/378
f 278/280/384 298/145/386 300/142/390
f 272/143/391 278/144/384 300/145/390 302/142/392
f 204/143/387 210/144/393 305/145/394 303/142/395
f 303/145/395 301/142/388 204/281/387
f 272/282/391 302/145/392 304/142/396
f 266/143/397 272/144/391 304/145/396 306/142/397
f 261/143/398 266/144/397 306/145/397 308/142/398
f 210/283/393 307/145/399 305/142/394
f 307/142/400 210/143/400 214/144/400 309/145/400
f 311/142/401 255/143/402 261/144/403 310/145/404
f 308/145/405 310/142/404 261/284/403
f 252/143/406 255/144/402 312/145/407 313/142/408
f 311/145/401 312/142/407 255/285/402
f 246/143/409 252/144/406 314/145/410 315/142/411
f 252/286/406 313/145/408 314/142/410
f 317/142/412 240/143/413 246/144/409 316/145/414
f 246/287/409 315/145/411 316/142/414
f 231/143/415 240/144/413 318/145/416 319/142/417
f 317/145/412 318/142/416 240/288/413
f 225/143/418 231/144/415 320/145/419 321/142/420
f 319/145/417 320/142/419 231/289/415
f 323/142/421 219/143/422 225/144/418 322/145/423
f 225/290/418 321/145/420 322/142/423
f 217/143/424 219/144/424 324/145/424 325/142/424
f 323/145/421 324/142/425 219/291/422
f 994/144/130 1011/6/130 1012/292/130 995/293/130
f 995/293/426 1012/292/426 1013/294/426 996/295/426
f 996/295/427 1013/294/427 1014/296/427 997/297/427
f 998/298/428 997/297/428 1014/296/428 1015/299/428
f 999/300/429 998/298/429 1015/299/429 1016/301/429
f 1000/302/430 999/300/430 1016/301/430 1017/303/430
f 1000/302/431 1017/303/431 1018/304/431 1001/305/431
f 1001/305/432 1018/304/432 1019/306/432 1002/9/432
f 1003/307/3 1002/9/3 1019/306/3 1020/308/3
f 1004/309/433 1003/307/433 1020/308/433 1021/310/433
f 1004/309/434 1021/310/434 1022/311/434 1005/312/434
f 1006/313/435 1005/312/435 1022/311/435 1023/314/435
f 1006/313/436 1023/314/436 1024/315/436 1007/316/436
f 1008/317/437 1007/316/437 1024/315/437 1025/318/437
f 1008/317/438 1025/318/438 1026/319/438 1009/320/438
f 1010/143/439 1009/320/439 1026/319/439 1027/321/439
f 1012/292/130 1011/6/130 1028/114/130 1029/322/130
f 1012/292/440 1029/322/440 1030/323/440 1013/294/440
f 1014/296/441 1013/294/441 1030/323/441 1031/324/441
f 1014/296/442 1031/324/442 1032/325/442 1015/299/442
f 1015/299/443 1032/325/443 1033/326/443 1016/301/443
f 1016/301/444 1033/326/444 1034/327/444 1017/303/444
f 1017/303/445 1034/327/445 1035/328/445 1018/304/445
f 1018/304/446 1035/328/446 1036/329/446 1019/306/446
f 1019/306/3 1036/329/3 1037/330/3 1020/308/3
f 1021/310/447 1020/308/447 1037/330/447 1038/331/447
f 1021/310/448 1038/331/448 1039/332/448 1022/311/448
f 1022/311/449 1039/332/449 1040/333/449 1023/314/449
f 1024/315/450 1023/314/450 1040/333/450 1041/334/450
f 1025/318/451 1024/315/451 1041/334/451 1042/335/451
f 1026/319/452 1025/318/452 1042/335/452 1043/336/452
f 1026/319/453 1043/336/453 1044/337/453 1027/321/453
f 1029/322/130 1028/114/130 1045/14/130 1046/338/130
f 1029/322/454 1046/338/454 1047/339/454 1030/323/454
f 1030/323/455 1047/339/455 1048/340/455 1031/324/455
f 1032/325/456 1031/324/456 1048/340/456 1049/341/456
f 1033/326/457 1032/325/457 1049/341/457 1050/342/457
f 1033/326/458 1050/342/458 1051/343/458 1034/327/458
f 1034/327/459 1051/343/459 1052/344/459 1035/328/459
f 1035/328/460 1052/344/460 1053/345/460 1036/329/460
f 1037/330/3 1036/329/3 1053/345/3 1054/346/3
f 1037/330/461 1054/346/461 1055/347/461 1038/331/461
f 1039/332/462 1038/331/462 1055/347/462 1056/348/462
f 1039/332/463 1056/348/463 1057/349/463 1040/333/463
f 1040/333/464 1057/349/464 1058/350/464 1041/334/464
f 1041/334/465 1058/350/465 1059/351/465 1042/335/465
f 1043/336/466 1042/335/466 1059/351/466 1060/352/466
f 1043/336/467 1060/352/467 1061/353/467 1044/337/467
f 1046/338/130 1045/14/130 1062/17/130 1063/354/130
f 1046/338/468 1063/354/468 1064/355/468 1047/339/468
f 1047/339/469 1064/355/469 1065/356/469 1048/340/469
f 1049/341/470 1048/340/470 1065/356/470 1066/357/470
f 1049/341/471 1066/357/471 1067/358/471 1050/342/471
f 1051/343/472 1050/342/472 1067/358/472 1068/359/472
f 1051/343/473 1068/359/473 1069/360/473 1052/344/473
f 1052/344/474 1069/360/474 1070/361/474 1053/345/474
f 1054/346/3 1053/345/3 1070/361/3 1071/362/3
f 1054/346/475 1071/362/475 1072/363/475 1055/347/475
f 1056/348/476 1055/347/476 1072/363/476 1073/364/476
f 1056/348/477 1073/364/477 1074/365/477 1057/349/477
f 1058/350/478 1057/349/478 1074/365/478 1075/366/478
f 1058/350/479 1075/366/479 1076/367/479 1059/351/479
f 1060/352/480 1059/351/480 1076/367/480 1077/368/480
f 1061/353/481 1060/352/481 1077/368/481 1078/369/481
f 1063/354/130 1062/17/130 1079/16/130 1080/370/130
f 1063/354/482 1080/370/482 1081/371/482 1064/355/482
f 1065/356/483 1064/355/483 1081/371/483 1082/372/483
f 1066/357/484 1065/356/484 1082/372/484 1083/373/484
f 1066/357/485 1083/373/485 1084/374/485 1067/358/485
f 1068/359/486 1067/358/486 1084/374/486 1085/375/486
f 1069/360/487 1068/359/487 1085/375/487 1086/376/487
f 1069/360/488 1086/376/488 1087/377/488 1070/361/488
f 1070/361/3 1087/377/3 1088/378/3 1071/362/3
f 1072/363/489 1071/362/489 1088/378/489 1089/379/489
f 1072/363/490 1089/379/490 1090/380/490 1073/364/490
f 1073/364/491 1090/380/491 1091/381/491 1074/365/491
f 1074/365/492 1091/381/492 1092/382/492 1075/366/492
f 1075/366/493 1092/382/493 1093/383/493 1076/367/493
f 1076/367/494 1093/383/494 1094/384/494 1077/368/494
f 1077/368/495 1094/384/495 1095/385/495 1078/369/495
f 1080/370/130 1079/16/130 1096/110/130 1097/386/130
f 1081/371/496 1080/370/496 1097/386/496 1098/387/496
f 1081/371/497 1098/387/497 1099/388/497 1082/372/497
f 1083/373/498 1082/372/498 1099/388/498 1100/389/498
f 1083/373/499 1100/389/499 1101/390/499 1084/374/499
f 1085/375/500 1084/374/500 1101/390/500 1102/391/500
f 1086/376/501 1085/375/501 1102/391/501 1103/392/501
f 1086/376/502 1103/392/502 1104/393/502 1087/377/502
f 1088/378/3 1087/377/3 1104/393/3 1105/394/3
f 1089/379/503 1088/378/503 1105/394/503 1106/395/503
f 1089/379/504 1106/395/504 1107/396/504 1090/380/504
f 1091/381/505 1090/380/505 1107/396/505 1108/397/505
f 1091/381/506 1108/397/506 1109/398/506 1092/382/506
f 1092/382/507 1109/398/507 1110/399/507 1093/383/507
f 1093/383/508 1110/399/508 1111/400/508 1094/384/508
f 1095/385/509 1094/384/509 1111/400/509 1112/401/509
f 1096/110/130 1113/119/130 1114/402/130 1097/386/130
f 1098/387/510 1097/386/510 1114/402/510 1115/403/510
f 1098/387/511 1115/403/511 1116/404/511 1099/388/511
f 1099/388/512 1116/404/512 1117/405/512 1100/389/512
f 1100/389/513 1117/405/513 1118/406/513 1101/390/513
f 1102/391/514 1101/390/514 1118/406/514 1119/407/514
f 1103/392/515 1102/391/515 1119/407/515 1120/408/515
f 1103/392/516 1120/408/516 1121/409/516 1104/393/516
f 1105/394/3 1104/393/3 1121/409/3 1122/410/3
f 1105/394/517 1122/410/517 1123/411/517 1106/395/517
f 1106/395/518 1123/411/518 1124/412/518 1107/396/518
f 1107/396/519 1124/412/519 1125/413/519 1108/397/519
f 1109/398/520 1108/397/520 1125/413/520 1126/414/520
f 1109/398/521 1126/414/521 1127/415/521 1110/399/521
f 1110/399/522 1127/415/522 1128/416/522 1111/400/522
f 1112/401/523 1111/400/523 1128/416/523 1129/417/523
f 1113/119/130 1130/121/130 1131/418/130 1114/402/130
f 1115/403/524 1114/402/524 1131/418/524 1132/419/524
f 1115/403/525 1132/419/525 1133/420/525 1116/404/525
f 1116/404/526 1133/420/526 1134/421/526 1117/405/526
f 1118/406/527 1117/405/527 1134/421/527 1135/422/527
f 1118/406/528 1135/422/528 1136/423/528 1119/407/528
f 1120/408/529 1119/407/529 1136/423/529 1137/424/529
f 1120/408/530 1137/424/530 1138/425/530 1121/409/530
f 1122/410/3 1121/409/3 1138/425/3 1139/426/3
f 1122/410/531 1139/426/531 1140/427/531 1123/411/531
f 1124/412/532 1123/411/532 1140/427/532 1141/428/532
f 1124/412/533 1141/428/533 1142/429/533 1125/413/533
f 1125/413/534 1142/429/534 1143/430/534 1126/414/534
f 1126/414/535 1143/430/535 1144/431/535 1127/415/535
f 1127/415/536 1144/431/536 1145/432/536 1128/416/536
f 1129/417/537 1128/416/537 1145/432/537 1146/433/537
f 1130/121/130 1147/123/130 1148/434/130 1131/418/130
f 1132/419/538 1131/418/538 1148/434/538 1149/435/538
f 1133/420/539 1132/419/539 1149/435/539 1150/436/539
f 1133/420/540 1150/436/540 1151/437/540 1134/421/540
f 1134/421/541 1151/437/541 1152/438/541 1135/422/541
f 1135/422/542 1152/438/542 1153/439/542 1136/423/542
f 1136/423/543 1153/439/543 1154/440/543 1137/424/543
f 1138/425/544 1137/424/544 1154/440/544 1155/441/544
f 1139/426/3 1138/425/3 1155/441/3 1156/442/3
f 1139/426/545 1156/442/545 1157/443/545 1140/427/545
f 1141/428/546 1140/427/546 1157/443/546 1158/444/546
f 1142/429/547 1141/428/547 1158/444/547 1159/445/547
f 1143/430/548 1142/429/548 1159/445/548 1160/446/548
f 1143/430/549 1160/446/549 1161/447/549 1144/431/549
f 1145/432/550 1144/431/550 1161/447/550 1162/448/550
f 1145/432/551 1162/448/551 1163/449/551 1146/433/551
f 1147/123/130 1164/126/130 1165/450/130 1148/434/130
f 1149/435/552 1148/434/552 1165/450/552 1166/451/552
f 1149/435/553 1166/451/553 1167/452/553 1150/436/553
f 1150/436/554 1167/452/554 1168/453/554 1151/437/554
f 1152/438/555 1151/437/555 1168/453/555 1169/454/555
f 1153/439/556 1152/438/556 1169/454/556 1170/455/556
f 1153/439/557 1170/455/557 1171/456/557 1154/440/557
f 1155/441/558 1154/440/558 1171/456/558 1172/457/558
f 1156/442/3 1155/441/3 1172/457/3 1173/458/3
f 1156/442/559 1173/458/559 1174/459/559 1157/443/559
f 1158/444/560 1157/443/560 1174/459/560 1175/460/560
f 1159/445/561 1158/444/561 1175/460/561 1176/461/561
f 1159/445/562 1176/461/562 1177/462/562 1160/446/562
f 1160/446/563 1177/462/563 1178/463/563 1161/447/563
f 1162/448/564 1161/447/564 1178/463/564 1179/464/564
f 1162/448/565 1179/464/565 1180/465/565 1163/449/565
f 1165/450/130 1164/126/130 1181/128/130 1182/466/130
f 1165/450/566 1182/466/566 1183/467/566 1166/451/566
f 1166/451/567 1183/467/567 1184/468/567 1167/452/567
f 1167/452/568 1184/468/568 1185/469/568 1168/453/568
f 1169/454/569 1168/453/569 1185/469/569 1186/470/569
f 1170/455/570 1169/454/570 1186/470/570 1187/471/570
f 1170/455/571 1187/471/571 1188/472/571 1171/456/571
f 1172/457/572 1171/456/572 1188/472/572 1189/473/572
f 1172/457/3 1189/473/3 1190/474/3 1173/458/3
f 1174/459/573 1173/458/573 1190/474/573 1191/475/573
f 1174/459/574 1191/475/574 1192/476/574 1175/460/574
f 1176/461/575 1175/460/575 1192/476/575 1193/477/575
f 1177/462/576 1176/461/576 1193/477/576 1194/478/576
f 1177/462/577 1194/478/577 1195/479/577 1178/463/577
f 1179/464/578 1178/463/578 1195/479/578 1196/480/578
f 1179/464/579 1196/480/579 1197/481/579 1180/465/579
f 1182/466/130 1181/128/130 1198/27/130 1199/482/130
f 1182/466/580 1199/482/580 1200/483/580 1183/467/580
f 1183/467/581 1200/483/581 1201/484/581 1184/468/581
f 1185/469/582 1184/468/582 1201/484/582 1202/485/582
f 1186/470/583 1185/469/583 1202/485/583 1203/486/583
f 1187/471/584 1186/470/584 1203/486/584 1204/487/584
f 1187/471/585 1204/487/585 1205/488/585 1188/472/585
f 1189/473/586 1188/472/586 1205/488/586 1206/489/586
f 1189/473/3 1206/489/3 1207/490/3 1190/474/3
f 1190/474/587 1207/490/587 1208/491/587 1191/475/587
f 1192/476/588 1191/475/588 1208/491/588 1209/492/588
f 1192/476/589 1209/492/589 1210/493/589 1193/477/589
f 1194/478/590 1193/477/590 1210/493/590 1211/494/590
f 1195/479/591 1194/478/591 1211/494/591 1212/495/591
f 1196/480/592 1195/479/592 1212/495/592 1213/496/592
f 1196/480/593 1213/496/593 1214/497/593 1197/481/593
f 1199/482/130 1198/27/130 1215/31/130 1216/498/130
f 1200/483/594 1199/482/594 1216/498/594 1217/499/594
f 1200/483/595 1217/499/595 1218/500/595 1201/484/595
f 1202/485/596 1201/484/596 1218/500/596 1219/501/596
f 1203/486/597 1202/485/597 1219/501/597 1220/502/597
f 1203/486/598 1220/502/598 1221/503/598 1204/487/598
f 1204/487/599 1221/503/599 1222/504/599 1205/488/599
f 1206/489/600 1205/488/600 1222/504/600 1223/505/600
f 1207/490/3 1206/489/3 1223/505/3 1224/506/3
f 1208/491/601 1207/490/601 1224/506/601 1225/507/601
f 1208/491/602 1225/507/602 1226/508/602 1209/492/602
f 1210/493/603 1209/492/603 1226/508/603 1227/509/603
f 1211/494/604 1210/493/604 1227/509/604 1228/510/604
f 1212/495/605 1211/494/605 1228/510/605 1229/511/605
f 1212/495/606 1229/511/606 1230/512/606 1213/496/606
f 1214/497/607 1213/496/607 1230/512/607 1231/513/607
f 1215/31/130 1232/35/130 1233/514/130 1216/498/130
f 1216/498/608 1233/514/608 1234/515/608 1217/499/608
f 1218/500/609 1217/499/609 1234/515/609 1235/516/609
f 1219/501/610 1218/500/610 1235/516/610 1236/517/610
f 1219/501/611 1236/517/611 1237/518/611 1220/502/611
f 1221/503/612 1220/502/612 1237/518/612 1238/519/612
f 1221/503/613 1238/519/613 1239/520/613 1222/504/613
f 1222/504/614 1239/520/614 1240/521/614 1223/505/614
f 1223/505/3 1240/521/3 1241/522/3 1224/506/3
f 1225/507/615 1224/506/615 1241/522/615 1242/523/615
f 1225/507/616 1242/523/616 1243/524/616 1226/508/616
f 1226/508/617 1243/524/617 1244/525/617 1227/509/617
f 1227/509/618 1244/525/618 1245/526/618 1228/510/618
f 1229/511/619 1228/510/619 1245/526/619 1246/527/619
f 1229/511/620 1246/527/620 1247/528/620 1230/512/620
f 1231/513/621 1230/512/621 1247/528/621 1248/529/621
f 1232/35/130 1249/39/130 1250/530/130 1233/514/130
f 1234/515/622 1233/514/622 1250/530/622 1251/531/622
f 1235/516/623 1234/515/623 1251/531/623 1252/532/623
f 1235/516/624 1252/532/624 1253/533/624 1236/517/624
f 1237/518/625 1236/517/625 1253/533/625 1254/534/625
f 1238/519/626 1237/518/626 1254/534/626 1255/535/626
f 1238/519/627 1255/535/627 1256/536/627 1239/520/627
f 1240/521/628 1239/520/628 1256/536/628 1257/537/628
f 1241/522/3 1240/521/3 1257/537/3 1258/538/3
f 1242/523/629 1241/522/629 1258/538/629 1259/539/629
f 1242/523/630 1259/539/630 1260/540/630 1243/524/630
f 1243/524/631 1260/540/631 1261/541/631 1244/525/631
f 1244/525/632 1261/541/632 1262/542/632 1245/526/632
f 1245/526/633 1262/542/633 1263/543/633 1246/527/633
f 1246/527/634 1263/543/634 1264/544/634 1247/528/634
f 1248/529/635 1247/528/635 1264/544/635 1265/545/635
f 1249/39/130 1266/40/130 1267/546/130 1250/530/130
f 1250/530/636 1267/546/636 1268/547/636 1251/531/636
f 1251/531/637 1268/547/637 1269/548/637 1252/532/637
f 1253/533/638 1252/532/638 1269/548/638 1270/549/638
f 1254/534/639 1253/533/639 1270/549/639 1271/550/639
f 1255/535/640 1254/534/640 1271/550/640 1272/551/640
f 1255/535/641 1272/551/641 1273/552/641 1256/536/641
f 1257/537/642 1256/536/642 1273/552/642 1274/553/642
f 1257/537/3 1274/553/3 1275/554/3 1258/538/3
f 1259/539/643 1258/538/643 1275/554/643 1276/555/643
f 1259/539/644 1276/555/644 1277/556/644 1260/540/644
f 1261/541/645 1260/540/645 1277/556/645 1278/557/645
f 1261/541/646 1278/557/646 1279/558/646 1262/542/646
f 1263/543/647 1262/542/647 1279/558/647 1280/559/647
f 1264/544/648 1263/543/648 1280/559/648 1281/560/648
f 1264/544/649 1281/560/649 1282/561/649 1265/545/649
f 1266/40/130 1283/131/130 1284/562/130 1267/546/130
f 1268/547/650 1267/546/650 1284/562/650 1285/563/650
f 1268/547/651 1285/563/651 1286/564/651 1269/548/651
f 1270/549/652 1269/548/652 1286/564/652 1287/565/652
f 1270/549/653 1287/565/653 1288/566/653 1271/550/653
f 1272/551/654 1271/550/654 1288/566/654 1289/567/654
f 1272/551/655 1289/567/655 1290/568/655 1273/552/655
f 1274/553/656 1273/552/656 1290/568/656 1291/569/656
f 1275/554/3 1274/553/3 1291/569/3 1292/570/3
f 1276/555/657 1275/554/657 1292/570/657 1293/571/657
f 1276/555/658 1293/571/658 1294/572/658 1277/556/658
f 1278/557/659 1277/556/659 1294/572/659 1295/573/659
f 1279/558/660 1278/557/660 1295/573/660 1296/574/660
f 1279/558/661 1296/574/661 1297/575/661 1280/559/661
f 1281/560/662 1280/559/662 1297/575/662 1298/576/662
f 1282/561/663 1281/560/663 1298/576/663 1299/577/663
f 1284/562/130 1283/131/130 1300/66/130 1301/578/130
f 1285/563/664 1284/562/664 1301/578/664 1302/579/664
f 1285/563/665 1302/579/665 1303/580/665 1286/564/665
f 1287/565/666 1286/564/666 1303/580/666 1304/581/666
f 1287/565/667 1304/581/667 1305/582/667 1288/566/667
f 1289/567/668 1288/566/668 1305/582/668 1306/583/668
f 1289/567/669 1306/583/669 1307/584/669 1290/568/669
f 1291/569/670 1290/568/670 1307/584/670 1308/585/670
f 1291/569/3 1308/585/3 1309/586/3 1292/570/3
f 1292/570/671 1309/586/671 1310/587/671 1293/571/671
f 1294/572/672 1293/571/672 1310/587/672 1311/588/672
f 1294/572/673 1311/588/673 1312/589/673 1295/573/673
f 1296/574/674 1295/573/674 1312/589/674 1313/590/674
f 1297/575/675 1296/574/675 1313/590/675 1314/591/675
f 1297/575/676 1314/591/676 1315/592/676 1298/576/676
f 1299/577/677 1298/576/677 1315/592/677 1316/125/677
f 1301/578/130 1300/66/130 1317/52/130 1318/593/130
f 1302/579/678 1301/578/678 1318/593/678 1319/594/678
f 1303/580/679 1302/579/679 1319/594/679 1320/595/679
f 1303/580/437 1320/595/437 1321/596/437 1304/581/437
f 1305/582/436 1304/581/436 1321/596/436 1322/597/436
f 1305/582/680 1322/597/680 1323/598/680 1306/583/680
f 1306/583/681 1323/598/681 1324/599/681 1307/584/681
f 1308/585/682 1307/584/682 1324/599/682 1325/600/682
f 1309/586/3 1308/585/3 1325/600/3 1326/601/3
f 1310/587/683 1309/586/683 1326/601/683 1327/602/683
f 1310/587/684 1327/602/684 1328/603/684 1311/588/684
f 1312/589/430 1311/588/430 1328/603/430 1329/604/430
f 1312/589/429 1329/604/429 1330/605/429 1313/590/429
f 1314/591/685 1313/590/685 1330/605/685 1331/606/685
f 1314/591/686 1331/606/686 1332/607/686 1315/592/686
f 1315/592/687 1332/607/687 1333/608/687 1316/125/687
f 1317/52/130 1334/134/130 1335/609/130 1318/593/130
f 1318/593/688 1335/609/688 1336/610/688 1319/594/688
f 1320/595/452 1319/594/452 1336/610/452 1337/611/452
f 1320/595/689 1337/611/689 1338/612/689 1321/596/689
f 1321/596/450 1338/612/450 1339/613/450 1322/597/450
f 1323/598/690 1322/597/690 1339/613/690 1340/614/690
f 1323/598/448 1340/614/448 1341/615/448 1324/599/448
f 1325/600/691 1324/599/691 1341/615/691 1342/616/691
f 1325/600/3 1342/616/3 1343/617/3 1326/601/3
f 1326/601/692 1343/617/692 1344/618/692 1327/602/692
f 1327/602/693 1344/618/693 1345/619/693 1328/603/693
f 1329/604/444 1328/603/444 1345/619/444 1346/620/444
f 1329/604/443 1346/620/443 1347/621/443 1330/605/443
f 1331/606/694 1330/605/694 1347/621/694 1348/622/694
f 1331/606/441 1348/622/441 1349/623/441 1332/607/441
f 1333/608/695 1332/607/695 1349/623/695 1350/624/695
f 1335/609/130 1334/134/130 1351/135/130 1352/625/130
f 1336/610/696 1335/609/696 1352/625/696 1353/626/696
f 1336/610/697 1353/626/697 1354/627/697 1337/611/697
f 1338/612/698 1337/611/698 1354/627/698 1355/628/698
f 1338/612/464 1355/628/464 1356/629/464 1339/613/464
f 1340/614/699 1339/613/699 1356/629/699 1357/630/699
f 1340/614/700 1357/630/700 1358/631/700 1341/615/700
f 1341/615/701 1358/631/701 1359/632/701 1342/616/701
f 1342/616/3 1359/632/3 1360/633/3 1343/617/3
f 1344/618/460 1343/617/460 1360/633/460 1361/634/460
f 1344/618/702 1361/634/702 1362/635/702 1345/619/702
f 1345/619/458 1362/635/458 1363/636/458 1346/620/458
f 1347/621/457 1346/620/457 1363/636/457 1364/637/457
f 1348/622/703 1347/621/703 1364/637/703 1365/638/703
f 1348/622/704 1365/638/704 1366/639/704 1349/623/704
f 1350/624/454 1349/623/454 1366/639/454 1367/640/454
f 1351/135/130 1368/137/130 1369/641/130 1352/625/130
f 1353/626/481 1352/625/481 1369/641/481 1370/642/481
f 1353/626/705 1370/642/705 1371/643/705 1354/627/705
f 1355/628/479 1354/627/479 1371/643/479 1372/644/479
f 1356/629/478 1355/628/478 1372/644/478 1373/645/478
f 1357/630/706 1356/629/706 1373/645/706 1374/646/706
f 1357/630/476 1374/646/476 1375/647/476 1358/631/476
f 1358/631/707 1375/647/707 1376/648/707 1359/632/707
f 1360/633/3 1359/632/3 1376/648/3 1377/649/3
f 1361/634/708 1360/633/708 1377/649/708 1378/650/708
f 1361/634/709 1378/650/709 1379/651/709 1362/635/709
f 1363/636/472 1362/635/472 1379/651/472 1380/652/472
f 1364/637/471 1363/636/471 1380/652/471 1381/653/471
f 1364/637/710 1381/653/710 1382/654/710 1365/638/710
f 1365/638/711 1382/654/711 1383/655/711 1366/639/711
f 1367/640/712 1366/639/712 1383/655/712 1384/656/712
f 1368/137/130 1385/57/130 1386/657/130 1369/641/130
f 1369/641/713 1386/657/713 1387/658/713 1370/642/713
f 1371/643/714 1370/642/714 1387/658/714 1388/659/714
f 1371/643/493 1388/659/493 1389/660/493 1372/644/493
f 1372/644/492 1389/660/492 1390/661/492 1373/645/492
f 1374/646/715 1373/645/715 1390/661/715 1391/662/715
f 1375/647/490 1374/646/490 1391/662/490 1392/663/490
f 1375/647/716 1392/663/716 1393/664/716 1376/648/716
f 1377/649/3 1376/648/3 1393/664/3 1394/665/3
f 1378/650/488 1377/649/488 1394/665/488 1395/666/488
f 1378/650/717 1395/666/717 1396/667/717 1379/651/717
f 1379/651/486 1396/667/486 1397/668/486 1380/652/486
f 1380/652/485 1397/668/485 1398/669/485 1381/653/485
f 1382/654/484 1381/653/484 1398/669/484 1399/670/484
f 1382/654/718 1399/670/718 1400/671/718 1383/655/718
f 1384/656/719 1383/655/719 1400/671/719 1401/672/719
f 1386/657/130 1385/57/130 1402/58/130 1403/673/130
f 1386/657/720 1403/673/720 1404/674/720 1387/658/720
f 1387/658/721 1404/674/721 1405/675/721 1388/659/721
f 1389/660/507 1388/659/507 1405/675/507 1406/676/507
f 1389/660/506 1406/676/506 1407/677/506 1390/661/506
f 1391/662/722 1390/661/722 1407/677/722 1408/678/722
f 1391/662/504 1408/678/504 1409/679/504 1392/663/504
f 1392/663/723 1409/679/723 1410/680/723 1393/664/723
f 1393/664/3 1410/680/3 1411/681/3 1394/665/3
f 1395/666/502 1394/665/502 1411/681/502 1412/682/502
f 1395/666/501 1412/682/501 1413/683/501 1396/667/501
f 1396/667/500 1413/683/500 1414/684/500 1397/668/500
f 1397/668/499 1414/684/499 1415/685/499 1398/669/499
f 1399/670/724 1398/669/724 1415/685/724 1416/686/724
f 1399/670/725 1416/686/725 1417/687/725 1400/671/725
f 1401/672/726 1400/671/726 1417/687/726 1418/688/726
f 1403/673/130 1402/58/130 1419/61/130 1420/689/130
f 1404/674/727 1403/673/727 1420/689/727 1421/690/727
f 1404/674/522 1421/690/522 1422/691/522 1405/675/522
f 1406/676/728 1405/675/728 1422/691/728 1423/692/728
f 1406/676/520 1423/692/520 1424/693/520 1407/677/520
f 1407/677/729 1424/693/729 1425/694/729 1408/678/729
f 1408/678/730 1425/694/730 1426/695/730 1409/679/730
f 1409/679/731 1426/695/731 1427/696/731 1410/680/731
f 1410/680/3 1427/696/3 1428/697/3 1411/681/3
f 1412/682/732 1411/681/732 1428/697/732 1429/698/732
f 1413/683/733 1412/682/733 1429/698/733 1430/699/733
f 1414/684/734 1413/683/734 1430/699/734 1431/700/734
f 1415/685/513 1414/684/513 1431/700/513 1432/701/513
f 1415/685/512 1432/701/512 1433/702/512 1416/686/512
f 1417/687/735 1416/686/735 1433/702/735 1434/703/735
f 1417/687/736 1434/703/736 1435/704/736 1418/688/736
f 1420/689/130 1419/61/130 1436/64/130 1437/705/130
f 1421/690/737 1420/689/737 1437/705/737 1438/706/737
f 1422/691/738 1421/690/738 1438/706/738 1439/707/738
f 1422/691/535 1439/707/535 1440/708/535 1423/692/535
f 1424/693/534 1423/692/534 1440/708/534 1441/709/534
f 1424/693/533 1441/709/533 1442/710/533 1425/694/533
f 1426/695/532 1425/694/532 1442/710/532 1443/711/532
f 1426/695/739 1443/711/739 1444/712/739 1427/696/739
f 1427/696/3 1444/712/3 1445/713/3 1428/697/3
f 1429/698/740 1428/697/740 1445/713/740 1446/714/740
f 1429/698/741 1446/714/741 1447/715/741 1430/699/741
f 1431/700/528 1430/699/528 1447/715/528 1448/716/528
f 1431/700/527 1448/716/527 1449/717/527 1432/701/527
f 1433/702/742 1432/701/742 1449/717/742 1450/718/742
f 1434/703/525 1433/702/525 1450/718/525 1451/719/525
f 1434/703/743 1451/719/743 1452/720/743 1435/704/743
f 1437/705/130 1436/64/130 1453/67/130 1454/721/130
f 1438/706/744 1437/705/744 1454/721/744 1455/722/744
f 1439/707/745 1438/706/745 1455/722/745 1456/723/745
f 1439/707/549 1456/723/549 1457/724/549 1440/708/549
f 1440/708/548 1457/724/548 1458/725/548 1441/709/548
f 1441/709/746 1458/725/746 1459/726/746 1442/710/746
f 1443/711/546 1442/710/546 1459/726/546 1460/727/546
f 1443/711/747 1460/727/747 1461/728/747 1444/712/747
f 1444/712/3 1461/728/3 1462/729/3 1445/713/3
f 1446/714/544 1445/713/544 1462/729/544 1463/730/544
f 1446/714/748 1463/730/748 1464/731/748 1447/715/748
f 1447/715/542 1464/731/542 1465/732/542 1448/716/542
f 1448/716/541 1465/732/541 1466/733/541 1449/717/541
f 1449/717/540 1466/733/540 1467/734/540 1450/718/540
f 1451/719/749 1450/718/749 1467/734/749 1468/735/749
f 1451/719/750 1468/735/750 1469/736/750 1452/720/750
f 1454/721/130 1453/67/130 1470/148/130 1471/737/130
f 1455/722/565 1454/721/565 1471/737/565 1472/738/565
f 1455/722/564 1472/738/564 1473/739/564 1456/723/564
f 1457/724/751 1456/723/751 1473/739/751 1474/740/751
f 1458/725/562 1457/724/562 1474/740/562 1475/741/562
f 1458/725/752 1475/741/752 1476/742/752 1459/726/752
f 1459/726/753 1476/742/753 1477/743/753 1460/727/753
f 1461/728/754 1460/727/754 1477/743/754 1478/744/754
f 1462/729/3 1461/728/3 1478/744/3 1479/745/3
f 1462/729/755 1479/745/755 1480/746/755 1463/730/755
f 1463/730/756 1480/746/756 1481/747/756 1464/731/756
f 1464/731/556 1481/747/556 1482/748/556 1465/732/556
f 1465/732/555 1482/748/555 1483/749/555 1466/733/555
f 1466/733/757 1483/749/757 1484/750/757 1467/734/757
f 1468/735/553 1467/734/553 1484/750/553 1485/751/553
f 1468/735/552 1485/751/552 1486/752/552 1469/736/552
f 1470/148/130 1487/3/130 1488/753/130 1471/737/130
f 1472/738/579 1471/737/579 1488/753/579 1489/754/579
f 1472/738/758 1489/754/758 1490/755/758 1473/739/758
f 1474/740/759 1473/739/759 1490/755/759 1491/756/759
f 1474/740/576 1491/756/576 1492/757/576 1475/741/576
f 1475/741/760 1492/757/760 1493/758/760 1476/742/760
f 1476/742/574 1493/758/574 1494/759/574 1477/743/574
f 1477/743/761 1494/759/761 1495/760/761 1478/744/761
f 1479/745/3 1478/744/3 1495/760/3 1496/761/3
f 1479/745/762 1496/761/762 1497/762/762 1480/746/762
f 1480/746/763 1497/762/763 1498/763/763 1481/747/763
f 1482/748/764 1481/747/764 1498/763/764 1499/764/764
f 1482/748/569 1499/764/569 1500/765/569 1483/749/569
f 1483/749/765 1500/765/765 1501/766/765 1484/750/765
f 1485/751/567 1484/750/567 1501/766/567 1502/767/567
f 1485/751/766 1502/767/766 1503/768/766 1486/752/766
f 1487/3/130 1504/116/130 1505/769/130 1488/753/130
f 1489/754/767 1488/753/767 1505/769/767 1506/770/767
f 1489/754/768 1506/770/768 1507/771/768 1490/755/768
f 1491/756/769 1490/755/769 1507/771/769 1508/772/769
f 1492/757/590 1491/756/590 1508/772/590 1509/773/590
f 1493/758/589 1492/757/589 1509/773/589 1510/774/589
f 1494/759/770 1493/758/770 1510/774/770 1511/775/770
f 1494/759/771 1511/775/771 1512/776/771 1495/760/771
f 1496/761/3 1495/760/3 1512/776/3 1513/777/3
f 1497/762/772 1496/761/772 1513/777/772 1514/778/772
f 1497/762/773 1514/778/773 1515/779/773 1498/763/773
f 1498/763/584 1515/779/584 1516/780/584 1499/764/584
f 1499/764/583 1516/780/583 1517/781/583 1500/765/583
f 1500/765/774 1517/781/774 1518/782/774 1501/766/774
f 1501/766/581 1518/782/581 1519/783/581 1502/767/581
f 1502/767/580 1519/783/580 1520/784/580 1503/768/580
f 1505/769/130 1504/116/130 1521/20/130 1522/785/130
f 1506/770/775 1505/769/775 1522/785/775 1523/786/775
f 1506/770/776 1523/786/776 1524/787/776 1507/771/776
f 1508/772/605 1507/771/605 1524/787/605 1525/788/605
f 1509/773/604 1508/772/604 1525/788/604 1526/789/604
f 1510/774/777 1509/773/777 1526/789/777 1527/790/777
f 1510/774/602 1527/790/602 1528/791/602 1511/775/602
f 1511/775/778 1528/791/778 1529/792/778 1512/776/778
f 1512/776/3 1529/792/3 1530/793/3 1513/777/3
f 1514/778/600 1513/777/600 1530/793/600 1531/794/600
f 1514/778/779 1531/794/779 1532/795/779 1515/779/779
f 1515/779/780 1532/795/780 1533/796/780 1516/780/780
f 1516/780/597 1533/796/597 1534/797/597 1517/781/597
f 1518/782/596 1517/781/596 1534/797/596 1535/798/596
f 1519/783/595 1518/782/595 1535/798/595 1536/799/595
f 1519/783/781 1536/799/781 1537/800/781 1520/784/781
f 1522/785/130 1521/20/130 1538/22/130 1539/801/130
f 1523/786/782 1522/785/782 1539/801/782 1540/802/782
f 1523/786/620 1540/802/620 1541/803/620 1524/787/620
f 1525/788/619 1524/787/619 1541/803/619 1542/804/619
f 1525/788/618 1542/804/618 1543/805/618 1526/789/618
f 1526/789/617 1543/805/617 1544/806/617 1527/790/617
f 1527/790/783 1544/806/783 1545/807/783 1528/791/783
f 1529/792/615 1528/791/615 1545/807/615 1546/808/615
f 1529/792/3 1546/808/3 1547/809/3 1530/793/3
f 1531/794/614 1530/793/614 1547/809/614 1548/810/614
f 1532/795/613 1531/794/613 1548/810/613 1549/811/613
f 1532/795/784 1549/811/784 1550/812/784 1533/796/784
f 1533/796/611 1550/812/611 1551/813/611 1534/797/611
f 1534/797/785 1551/813/785 1552/814/785 1535/798/785
f 1536/799/609 1535/798/609 1552/814/609 1553/815/609
f 1536/799/786 1553/815/786 1554/816/786 1537/800/786
f 1538/22/130 1555/45/130 1556/817/130 1539/801/130
f 1540/802/635 1539/801/635 1556/817/635 1557/818/635
f 1541/803/634 1540/802/634 1557/818/634 1558/819/634
f 1541/803/633 1558/819/633 1559/820/633 1542/804/633
f 1542/804/632 1559/820/632 1560/821/632 1543/805/632
f 1544/806/631 1543/805/631 1560/821/631 1561/822/631
f 1544/806/787 1561/822/787 1562/823/787 1545/807/787
f 1546/808/629 1545/807/629 1562/823/629 1563/824/629
f 1546/808/3 1563/824/3 1564/825/3 1547/809/3
f 1548/810/788 1547/809/788 1564/825/788 1565/826/788
f 1548/810/789 1565/826/789 1566/827/789 1549/811/789
f 1550/812/790 1549/811/790 1566/827/790 1567/828/790
f 1551/813/625 1550/812/625 1567/828/625 1568/829/625
f 1552/814/791 1551/813/791 1568/829/791 1569/830/791
f 1553/815/792 1552/814/792 1569/830/792 1570/831/792
f 1553/815/793 1570/831/793 1571/832/793 1554/816/793
f 1556/817/130 1555/45/130 1572/46/130 1573/833/130
f 1557/818/649 1556/817/649 1573/833/649 1574/834/649
f 1557/818/794 1574/834/794 1575/835/794 1558/819/794
f 1559/820/795 1558/819/795 1575/835/795 1576/836/795
f 1559/820/646 1576/836/646 1577/837/646 1560/821/646
f 1561/822/645 1560/821/645 1577/837/645 1578/838/645
f 1561/822/796 1578/838/796 1579/839/796 1562/823/796
f 1562/823/643 1579/839/643 1580/840/643 1563/824/643
f 1563/824/3 1580/840/3 1581/841/3 1564/825/3
f 1565/826/642 1564/825/642 1581/841/642 1582/842/642
f 1565/826/641 1582/842/641 1583/843/641 1566/827/641
f 1567/828/640 1566/827/640 1583/843/640 1584/844/640
f 1567/828/639 1584/844/639 1585/845/639 1568/829/639
f 1569/830/797 1568/829/797 1585/845/797 1586/846/797
f 1569/830/798 1586/846/798 1587/847/798 1570/831/798
f 1570/831/799 1587/847/799 1588/848/799 1571/832/799
f 1572/46/130 1589/140/130 1590/849/130 1573/833/130
f 1574/834/800 1573/833/800 1590/849/800 1591/850/800
f 1574/834/662 1591/850/662 1592/851/662 1575/835/662
f 1575/835/801 1592/851/801 1593/852/801 1576/836/801
f 1577/837/660 1576/836/660 1593/852/660 1594/853/660
f 1578/838/659 1577/837/659 1594/853/659 1595/854/659
f 1578/838/802 1595/854/802 1596/855/802 1579/839/802
f 1579/839/803 1596/855/803 1597/856/803 1580/840/803
f 1581/841/3 1580/840/3 1597/856/3 1598/857/3
f 1582/842/804 1581/841/804 1598/857/804 1599/858/804
f 1582/842/655 1599/858/655 1600/859/655 1583/843/655
f 1583/843/805 1600/859/805 1601/860/805 1584/844/805
f 1585/845/653 1584/844/653 1601/860/653 1602/861/653
f 1585/845/652 1602/861/652 1603/862/652 1586/846/652
f 1586/846/806 1603/862/806 1604/863/806 1587/847/806
f 1587/847/807 1604/863/807 1605/864/807 1588/848/807
f 1589/140/130 994/145/130 995/865/130 1590/849/130
f 1591/850/808 1590/849/808 995/865/808 996/866/808
f 1591/850/809 996/866/809 997/867/809 1592/851/809
f 1592/851/810 997/867/810 998/868/810 1593/852/810
f 1593/852/674 998/868/674 999/869/674 1594/853/674
f 1595/854/811 1594/853/811 999/869/811 1000/870/811
f 1595/854/812 1000/870/812 1001/871/812 1596/855/812
f 1596/855/813 1001/871/813 1002/43/813 1597/856/813
f 1598/857/3 1597/856/3 1002/43/3 1003/872/3
f 1599/858/814 1598/857/814 1003/872/814 1004/873/814
f 1600/859/815 1599/858/815 1004/873/815 1005/874/815
f 1600/859/668 1005/874/668 1006/875/668 1601/860/668
f 1601/860/667 1006/875/667 1007/876/667 1602/861/667
f 1603/862/816 1602/861/816 1007/876/816 1008/877/816
f 1603/862/817 1008/877/817 1009/878/817 1604/863/817
f 1604/863/818 1009/878/818 1010/142/818 1605/864/818
usemtl Mat_1.001
f 644/879/819 643/880/819 639/72/819
f 724/881/820 739/74/820 723/882/820
f 645/883/821 644/879/821 639/77/821
f 725/884/822 739/79/822 724/881/822
f 646/885/823 645/883/823 639/81/823
f 726/886/824 739/83/824 725/884/824
f 648/887/825 647/888/825 640/889/825
f 728/890/826 740/891/826 727/892/826
f 649/893/827 648/887/827 640/894/827
f 729/895/828 740/896/828 728/890/828
f 650/885/829 649/893/829 640/897/829
f 730/886/830 740/898/830 729/895/830
f 652/879/831 651/880/831 641/72/831
f 732/881/832 741/74/832 731/882/832
f 653/883/833 652/879/833 641/77/833
f 733/884/834 741/79/834 732/881/834
f 654/885/835 653/883/835 641/81/835
f 734/886/836 741/83/836 733/884/836
f 656/887/837 655/888/837 638/889/837
f 736/890/838 738/891/838 735/892/838
f 657/893/839 656/887/839 638/894/839
f 737/895/840 738/896/840 736/890/840
f 642/885/841 657/893/841 638/897/841
f 722/886/842 738/898/842 737/895/842
f 760/899/178 808/900/178 814/901/178
f 768/902/178 808/900/178 760/899/178
f 769/903/134 796/904/134 797/905/134
f 746/879/820 743/72/820 745/880/820
f 786/881/843 785/882/843 793/74/843
f 747/883/844 743/77/844 746/879/844
f 787/884/845 786/881/845 793/79/845
f 748/885/846 743/81/846 747/883/846
f 788/886/847 787/884/847 793/83/847
f 750/887/848 742/889/848 749/888/848
f 790/890/825 789/892/825 792/891/825
f 751/893/828 742/894/828 750/887/828
f 791/895/827 790/890/827 792/896/827
f 744/885/849 742/897/849 751/893/849
f 784/886/850 791/895/850 792/898/850
f 793/143/130 803/906/130 792/144/130
f 810/907/130 793/143/130 800/908/851
f 742/143/3 798/906/3 743/144/3
f 809/909/13 798/906/13 742/143/3
f 742/143/3 811/910/3 809/909/13
f 1848/911/852 1832/912/852 1830/913/852
f 1862/914/853 1847/915/853 1846/916/853
f 1863/917/854 1848/911/854 1830/918/854
f 1878/919/855 1831/920/855 1847/915/855
f 1879/921/856 1863/917/856 1830/922/856
f 1887/923/857 1870/924/857 1886/925/857
f 1894/926/858 1831/927/858 1878/919/858
f 1895/928/859 1879/921/859 1830/929/859
f 1902/930/860 1887/923/860 1886/925/860
f 1903/931/860 1887/923/860 1902/930/860
f 1910/932/861 1831/933/861 1894/926/861
f 1911/934/862 1895/928/862 1830/935/862
f 1919/936/863 1902/930/863 1918/937/863
f 1919/936/863 1903/931/863 1902/930/863
f 1926/938/864 1831/939/864 1910/932/864
f 1927/940/865 1911/934/865 1830/123/865
f 1934/941/178 1919/936/178 1918/937/178
f 1935/942/178 1919/936/178 1934/941/178
f 1942/943/866 1831/449/866 1926/938/866
f 1943/944/867 1927/940/867 1830/945/867
f 1957/946/868 1942/943/868 1941/947/868
f 1958/948/869 1943/944/869 1830/949/869
f 1973/950/870 1831/951/870 1942/943/870
f 1974/952/871 1958/948/871 1830/953/871
f 1982/954/872 1966/955/872 1965/956/872
f 1989/957/873 1831/958/873 1973/950/873
f 1990/959/874 1974/952/874 1830/960/874
f 1998/961/875 1982/954/875 1981/962/875
f 2005/963/876 1831/964/876 1989/957/876
f 2012/965/877 1998/961/877 1997/966/877
f 2013/967/877 1998/961/877 2012/965/877
f 2020/968/878 1831/969/878 2005/963/878
f 2021/970/879 1990/959/879 1830/971/879
f 2029/972/880 2012/965/880 2028/973/880
f 2029/972/880 2013/967/880 2012/965/880
f 2035/974/881 2020/968/881 2019/975/881
f 2036/976/882 2021/970/882 1830/977/882
f 2051/978/883 1831/979/883 2020/968/883
f 2052/980/884 2036/976/884 1830/981/884
f 2067/982/885 1831/983/885 2051/978/885
f 2068/984/886 2052/980/886 1830/985/886
f 2076/986/887 2059/987/887 2075/988/887
f 2083/989/888 1831/990/888 2067/982/888
f 2084/991/889 2068/984/889 1830/992/889
f 2092/993/890 2076/986/890 2091/994/890
f 2099/995/891 1831/996/891 2083/989/891
f 2100/997/892 2084/991/892 1830/67/892
f 2114/998/893 2099/995/893 2098/999/893
f 2121/1000/894 2108/1001/894 2107/1002/894
f 2129/1003/895 1831/1004/895 2099/995/895
f 2130/1005/896 2100/997/896 1830/1006/896
f 2138/1007/897 2121/1000/897 2137/1008/897
f 2138/1007/897 2122/1009/897 2121/1000/897
f 2145/1010/898 1831/1011/898 2129/1003/898
f 2146/1012/899 2130/1005/899 1830/1013/899
f 2153/1014/900 2138/1007/900 2137/1008/900
f 2154/1015/900 2138/1007/900 2153/1014/900
f 2161/1016/901 1831/1017/901 2145/1010/901
f 1832/1018/902 2146/1012/902 1830/1019/902
f 2169/1020/903 2153/1014/903 2168/1021/903
f 2169/1020/903 2154/1015/903 2153/1014/903
f 2176/1022/904 1831/1023/904 2161/1016/904
f 1847/1024/905 1831/1025/905 2176/1022/905
f 642/1026/906 638/144/906 639/152/906 643/880/906
f 642/1026/907 643/880/907 659/1027/907 658/1028/907
f 674/899/908 658/1028/908 659/1027/908 675/1029/908
f 690/902/134 674/899/134 675/1029/134 691/903/134
f 690/902/909 691/903/909 707/1030/909 706/1031/909
f 722/1032/910 706/1031/910 707/1030/910 723/882/910
f 738/143/911 722/1032/911 723/882/911 739/162/911
f 643/880/912 644/879/912 660/1033/912 659/1027/912
f 675/1029/913 659/1027/913 660/1033/913 676/1034/913
f 675/1029/914 676/1034/914 692/1035/914 691/903/914
f 691/903/915 692/1035/915 708/1036/915 707/1030/915
f 723/882/916 707/1030/916 708/1036/916 724/881/916
f 644/879/917 645/883/917 661/1037/917 660/1033/917
f 676/1034/918 660/1033/918 661/1037/918 677/1038/918
f 676/1034/919 677/1038/919 693/1039/919 692/1035/919
f 692/1035/920 693/1039/920 709/1040/920 708/1036/920
f 724/881/921 708/1036/921 709/1040/921 725/884/921
f 645/883/922 646/885/922 662/1041/922 661/1037/922
f 677/1038/923 661/1037/923 662/1041/923 678/1042/923
f 693/1039/924 677/1038/924 678/1042/924 694/1043/924
f 709/1040/925 693/1039/925 694/1043/925 710/1044/925
f 709/1040/926 710/1044/926 726/886/926 725/884/926
f 646/1026/927 639/144/927 640/1045/927 647/888/927
f 646/1026/928 647/888/928 663/1046/928 662/1028/928
f 662/1028/929 663/1046/929 679/1047/929 678/899/929
f 678/899/930 679/1047/930 695/1048/930 694/902/930
f 694/902/931 695/1048/931 711/1049/931 710/1031/931
f 710/1031/932 711/1049/932 727/892/932 726/1032/932
f 739/143/933 726/1032/933 727/892/933 740/1050/933
f 663/1046/934 647/888/934 648/887/934 664/1051/934
f 679/1047/935 663/1046/935 664/1051/935 680/1052/935
f 695/1048/936 679/1047/936 680/1052/936 696/1053/936
f 711/1049/937 695/1048/937 696/1053/937 712/1054/937
f 711/1049/938 712/1054/938 728/890/938 727/892/938
f 664/1051/939 648/887/939 649/893/939 665/1055/939
f 664/1051/940 665/1055/940 681/1056/940 680/1052/940
f 696/1053/941 680/1052/941 681/1056/941 697/1057/941
f 712/1054/942 696/1053/942 697/1057/942 713/1058/942
f 728/890/943 712/1054/943 713/1058/943 729/895/943
f 665/1055/944 649/893/944 650/885/944 666/1041/944
f 665/1055/945 666/1041/945 682/1042/945 681/1056/945
f 681/1056/946 682/1042/946 698/1043/946 697/1057/946
f 697/1057/947 698/1043/947 714/1044/947 713/1058/947
f 713/1058/948 714/1044/948 730/886/948 729/895/948
f 640/144/949 641/152/949 651/880/949 650/1026/949
f 650/1026/950 651/880/950 667/1027/950 666/1028/950
f 682/899/951 666/1028/951 667/1027/951 683/1029/951
f 682/899/178 683/1029/178 699/903/178 698/902/178
f 714/1031/952 698/902/952 699/903/952 715/1030/952
f 714/1031/953 715/1030/953 731/882/953 730/1032/953
f 740/143/954 730/1032/954 731/882/954 741/162/954
f 667/1027/955 651/880/955 652/879/955 668/1033/955
f 667/1027/956 668/1033/956 684/1034/956 683/1029/956
f 699/903/957 683/1029/957 684/1034/957 700/1035/957
f 699/903/958 700/1035/958 716/1036/958 715/1030/958
f 731/882/959 715/1030/959 716/1036/959 732/881/959
f 668/1033/960 652/879/960 653/883/960 669/1037/960
f 668/1033/961 669/1037/961 685/1038/961 684/1034/961
f 684/1034/962 685/1038/962 701/1039/962 700/1035/962
f 716/1036/963 700/1035/963 701/1039/963 717/1040/963
f 716/1036/964 717/1040/964 733/884/964 732/881/964
f 669/1037/965 653/883/965 654/885/965 670/1041/965
f 685/1038/966 669/1037/966 670/1041/966 686/1042/966
f 701/1039/967 685/1038/967 686/1042/967 702/1043/967
f 701/1039/968 702/1043/968 718/1044/968 717/1040/968
f 717/1040/969 718/1044/969 734/886/969 733/884/969
f 654/1026/970 641/144/970 638/1045/970 655/888/970
f 654/1026/971 655/888/971 671/1046/971 670/1028/971
f 686/899/972 670/1028/972 671/1046/972 687/1047/972
f 702/902/973 686/899/973 687/1047/973 703/1048/973
f 702/902/974 703/1048/974 719/1049/974 718/1031/974
f 734/1032/975 718/1031/975 719/1049/975 735/892/975
f 741/143/976 734/1032/976 735/892/976 738/1050/976
f 655/888/977 656/887/977 672/1051/977 671/1046/977
f 687/1047/978 671/1046/978 672/1051/978 688/1052/978
f 687/1047/979 688/1052/979 704/1053/979 703/1048/979
f 703/1048/980 704/1053/980 720/1054/980 719/1049/980
f 735/892/981 719/1049/981 720/1054/981 736/890/981
f 656/887/982 657/893/982 673/1055/982 672/1051/982
f 672/1051/983 673/1055/983 689/1056/983 688/1052/983
f 704/1053/984 688/1052/984 689/1056/984 705/1057/984
f 704/1053/985 705/1057/985 721/1058/985 720/1054/985
f 736/890/986 720/1054/986 721/1058/986 737/895/986
f 673/1055/987 657/893/987 642/885/987 658/1041/987
f 673/1055/988 658/1041/988 674/1042/988 689/1056/988
f 689/1056/989 674/1042/989 690/1043/989 705/1057/989
f 705/1057/990 690/1043/990 706/1044/990 721/1058/990
f 737/895/991 721/1058/991 706/1044/991 722/886/991
f 741/143/3 738/144/3 739/145/3 740/142/3
f 638/143/130 641/144/130 640/145/130 639/142/130
f 742/144/954 744/1026/954 795/1059/954 807/1060/954
f 744/1026/953 752/1028/953 804/1061/953 795/1059/953
f 752/1028/952 760/899/952 814/901/952 804/1061/952
f 808/900/951 768/902/951 776/1031/951 805/1062/951
f 805/1062/950 776/1031/950 784/1032/950 806/1063/950
f 806/1063/949 784/1032/949 792/143/949 803/1064/949
f 802/1065/911 745/880/911 743/152/911 798/1066/911
f 794/1067/910 753/1027/910 745/880/910 802/1065/910
f 796/904/909 761/1029/909 753/1027/909 794/1067/909
f 777/1030/992 769/903/992 797/905/992 799/1068/992
f 796/904/134 769/903/134 761/1029/134
f 785/882/907 777/1030/907 799/1068/907 801/1069/907
f 793/162/906 785/882/906 801/1069/906 800/1070/906
f 745/880/993 753/1027/993 754/1033/993 746/879/993
f 753/1027/915 761/1029/915 762/1034/915 754/1033/915
f 761/1029/914 769/903/914 770/1035/914 762/1034/914
f 777/1030/994 778/1036/994 770/1035/994 769/903/994
f 785/882/912 786/881/912 778/1036/912 777/1030/912
f 754/1033/995 755/1037/995 747/883/995 746/879/995
f 754/1033/920 762/1034/920 763/1038/920 755/1037/920
f 770/1035/919 771/1039/919 763/1038/919 762/1034/919
f 778/1036/996 779/1040/996 771/1039/996 770/1035/996
f 786/881/917 787/884/917 779/1040/917 778/1036/917
f 755/1037/926 756/1041/926 748/885/926 747/883/926
f 755/1037/997 763/1038/997 764/1042/997 756/1041/997
f 763/1038/924 771/1039/924 772/1043/924 764/1042/924
f 771/1039/923 779/1040/923 780/1044/923 772/1043/923
f 787/884/922 788/886/922 780/1044/922 779/1040/922
f 748/1026/933 749/888/933 742/1045/933 743/144/933
f 748/1026/932 756/1028/932 757/1046/932 749/888/932
f 756/1028/931 764/899/931 765/1047/931 757/1046/931
f 772/902/930 773/1048/930 765/1047/930 764/899/930
f 772/902/929 780/1031/929 781/1049/929 773/1048/929
f 788/1032/928 789/892/928 781/1049/928 780/1031/928
f 788/1032/927 793/143/927 792/1050/927 789/892/927
f 749/888/938 757/1046/938 758/1051/938 750/887/938
f 757/1046/998 765/1047/998 766/1052/998 758/1051/998
f 773/1048/936 774/1053/936 766/1052/936 765/1047/936
f 773/1048/935 781/1049/935 782/1054/935 774/1053/935
f 781/1049/934 789/892/934 790/890/934 782/1054/934
f 758/1051/999 759/1055/999 751/893/999 750/887/999
f 766/1052/942 767/1056/942 759/1055/942 758/1051/942
f 774/1053/941 775/1057/941 767/1056/941 766/1052/941
f 774/1053/940 782/1054/940 783/1058/940 775/1057/940
f 790/890/939 791/895/939 783/1058/939 782/1054/939
f 759/1055/1000 752/1041/1000 744/885/1000 751/893/1000
f 767/1056/1001 760/1042/1001 752/1041/1001 759/1055/1001
f 775/1057/946 768/1043/946 760/1042/946 767/1056/946
f 783/1058/1002 776/1044/1002 768/1043/1002 775/1057/1002
f 783/1058/1003 791/895/1003 784/886/1003 776/1044/1003
f 793/143/130 810/907/130 812/1071/130 813/1072/1004
f 803/906/1004 793/143/130 813/1072/1004
f 742/143/3 807/908/3 815/907/3 811/910/3
f 1833/1073/1005 1832/912/1005 1848/911/1005 1849/1074/1005
f 1834/1075/1006 1833/1073/1006 1849/1074/1006 1850/1076/1006
f 1834/1075/1007 1850/1076/1007 1851/1077/1007 1835/1078/1007
f 1835/1078/1008 1851/1077/1008 1852/1079/1008 1836/1080/1008
f 1836/1080/1009 1852/1079/1009 1853/1081/1009 1837/1082/1009
f 1838/1083/1010 1837/1082/1010 1853/1081/1010 1854/1084/1010
f 1839/1085/1011 1838/1083/1011 1854/1084/1011 1855/1086/1011
f 1840/1087/1012 1839/1085/1012 1855/1086/1012 1856/1088/1012
f 1841/1089/1013 1840/1087/1013 1856/1088/1013 1857/1090/1013
f 1842/1091/1014 1841/1089/1014 1857/1090/1014 1858/1092/1014
f 1842/1091/1015 1858/1092/1015 1859/1093/1015 1843/1094/1015
f 1843/1094/1016 1859/1093/1016 1860/1095/1016 1844/1096/1016
f 1845/1097/1017 1844/1096/1017 1860/1095/1017 1861/1098/1017
f 1845/1097/1018 1861/1098/1018 1862/914/1018 1846/916/1018
f 1849/1074/1019 1848/911/1019 1863/917/1019 1864/1099/1019
f 1849/1074/1020 1864/1099/1020 1865/1100/1020 1850/1076/1020
f 1851/1077/1021 1850/1076/1021 1865/1100/1021 1866/1101/1021
f 1851/1077/1022 1866/1101/1022 1867/1102/1022 1852/1079/1022
f 1852/1079/1023 1867/1102/1023 1868/1103/1023 1853/1081/1023
f 1854/1084/1024 1853/1081/1024 1868/1103/1024 1869/1104/1024
f 1854/1084/1025 1869/1104/1025 1870/924/1025 1855/1086/1025
f 1856/1088/1026 1855/1086/1026 1870/924/1026 1871/1105/1026
f 1857/1090/1027 1856/1088/1027 1871/1105/1027 1872/1106/1027
f 1857/1090/1028 1872/1106/1028 1873/1107/1028 1858/1092/1028
f 1858/1092/1029 1873/1107/1029 1874/1108/1029 1859/1093/1029
f 1859/1093/1030 1874/1108/1030 1875/1109/1030 1860/1095/1030
f 1861/1098/1031 1860/1095/1031 1875/1109/1031 1876/1110/1031
f 1861/1098/1032 1876/1110/1032 1877/1111/1032 1862/914/1032
f 1862/914/1033 1877/1111/1033 1878/919/1033 1847/915/1033
f 1863/917/1034 1879/921/1034 1880/1112/1034 1864/1099/1034
f 1864/1099/1035 1880/1112/1035 1881/1113/1035 1865/1100/1035
f 1865/1100/1036 1881/1113/1036 1882/1114/1036 1866/1101/1036
f 1867/1102/1037 1866/1101/1037 1882/1114/1037 1883/1115/1037
f 1867/1102/1038 1883/1115/1038 1884/1116/1038 1868/1103/1038
f 1868/1103/1039 1884/1116/1039 1885/1117/1039 1869/1104/1039
f 1870/924/1040 1869/1104/1040 1885/1117/1040 1886/925/1040
f 1871/1105/1041 1887/923/1041 1888/1118/1041 1872/1106/1041
f 1887/923/857 1871/1105/857 1870/924/857
f 1873/1107/1042 1872/1106/1042 1888/1118/1042 1889/1119/1042
f 1873/1107/1043 1889/1119/1043 1890/1120/1043 1874/1108/1043
f 1875/1109/1044 1874/1108/1044 1890/1120/1044 1891/1121/1044
f 1875/1109/1045 1891/1121/1045 1892/1122/1045 1876/1110/1045
f 1877/1111/1046 1876/1110/1046 1892/1122/1046 1893/1123/1046
f 1878/919/1047 1877/1111/1047 1893/1123/1047 1894/926/1047
f 1880/1112/1048 1879/921/1048 1895/928/1048 1896/1124/1048
f 1881/1113/1049 1880/1112/1049 1896/1124/1049 1897/1125/1049
f 1881/1113/1050 1897/1125/1050 1898/1126/1050 1882/1114/1050
f 1882/1114/1051 1898/1126/1051 1899/1127/1051 1883/1115/1051
f 1884/1116/1052 1883/1115/1052 1899/1127/1052 1900/1128/1052
f 1885/1117/1053 1884/1116/1053 1900/1128/1053 1901/1129/1053
f 1886/925/1054 1885/1117/1054 1901/1129/1054 1902/930/1054
f 1887/923/1055 1903/931/1055 1904/1130/1055 1888/1118/1055
f 1889/1119/1056 1888/1118/1056 1904/1130/1056 1905/1131/1056
f 1889/1119/1057 1905/1131/1057 1906/1132/1057 1890/1120/1057
f 1891/1121/1058 1890/1120/1058 1906/1132/1058 1907/1133/1058
f 1891/1121/1059 1907/1133/1059 1908/1134/1059 1892/1122/1059
f 1892/1122/1060 1908/1134/1060 1909/1135/1060 1893/1123/1060
f 1893/1123/1061 1909/1135/1061 1910/932/1061 1894/926/1061
f 1895/928/1062 1911/934/1062 1912/1136/1062 1896/1124/1062
f 1896/1124/1063 1912/1136/1063 1913/1137/1063 1897/1125/1063
f 1897/1125/1064 1913/1137/1064 1914/1138/1064 1898/1126/1064
f 1898/1126/1065 1914/1138/1065 1915/1139/1065 1899/1127/1065
f 1900/1128/1066 1899/1127/1066 1915/1139/1066 1916/1140/1066
f 1900/1128/1067 1916/1140/1067 1917/1141/1067 1901/1129/1067
f 1902/930/1068 1901/1129/1068 1917/1141/1068 1918/937/1068
f 1903/931/1069 1919/936/1069 1920/1142/1069 1904/1130/1069
f 1905/1131/1070 1904/1130/1070 1920/1142/1070 1921/1143/1070
f 1906/1132/1071 1905/1131/1071 1921/1143/1071 1922/1144/1071
f 1906/1132/1072 1922/1144/1072 1923/1145/1072 1907/1133/1072
f 1908/1134/1073 1907/1133/1073 1923/1145/1073 1924/1146/1073
f 1909/1135/1074 1908/1134/1074 1924/1146/1074 1925/1147/1074
f 1910/932/1075 1909/1135/1075 1925/1147/1075 1926/938/1075
f 1912/1136/1076 1911/934/1076 1927/940/1076 1928/1148/1076
f 1913/1137/1077 1912/1136/1077 1928/1148/1077 1929/1149/1077
f 1914/1138/1078 1913/1137/1078 1929/1149/1078 1930/1150/1078
f 1914/1138/1079 1930/1150/1079 1931/1151/1079 1915/1139/1079
f 1916/1140/1080 1915/1139/1080 1931/1151/1080 1932/1152/1080
f 1917/1141/1081 1916/1140/1081 1932/1152/1081 1933/1153/1081
f 1917/1141/1082 1933/1153/1082 1934/941/1082 1918/937/1082
f 1920/1142/1083 1919/936/1083 1935/942/1083 1936/1154/1083
f 1920/1142/1084 1936/1154/1084 1937/1155/1084 1921/1143/1084
f 1921/1143/1085 1937/1155/1085 1938/1156/1085 1922/1144/1085
f 1923/1145/1086 1922/1144/1086 1938/1156/1086 1939/1157/1086
f 1924/1146/1087 1923/1145/1087 1939/1157/1087 1940/1158/1087
f 1924/1146/1088 1940/1158/1088 1941/947/1088 1925/1147/1088
f 1926/938/1089 1925/1147/1089 1941/947/1089 1942/943/1089
f 1927/940/1090 1943/944/1090 1944/1159/1090 1928/1148/1090
f 1928/1148/1091 1944/1159/1091 1945/1160/1091 1929/1149/1091
f 1930/1150/1092 1929/1149/1092 1945/1160/1092 1946/1161/1092
f 1930/1150/1093 1946/1161/1093 1947/1162/1093 1931/1151/1093
f 1931/1151/1094 1947/1162/1094 1948/1163/1094 1932/1152/1094
f 1932/1152/1095 1948/1163/1095 1949/1164/1095 1933/1153/1095
f 1934/941/1096 1933/1153/1096 1949/1164/1096 1950/1165/1096
f 1935/942/1097 1934/941/1097 1950/1165/1097 1951/1166/1097
f 1935/942/1098 1951/1166/1098 1952/1167/1098 1936/1154/1098
f 1936/1154/1099 1952/1167/1099 1953/1168/1099 1937/1155/1099
f 1937/1155/1100 1953/1168/1100 1954/1169/1100 1938/1156/1100
f 1939/1157/1101 1938/1156/1101 1954/1169/1101 1955/1170/1101
f 1940/1158/1102 1939/1157/1102 1955/1170/1102 1956/1171/1102
f 1940/1158/1103 1956/1171/1103 1957/946/1103 1941/947/1103
f 1944/1159/1104 1943/944/1104 1958/948/1104 1959/1172/1104
f 1945/1160/1105 1944/1159/1105 1959/1172/1105 1960/1173/1105
f 1946/1161/1106 1945/1160/1106 1960/1173/1106 1961/1174/1106
f 1947/1162/1107 1946/1161/1107 1961/1174/1107 1962/1175/1107
f 1948/1163/1108 1947/1162/1108 1962/1175/1108 1963/1176/1108
f 1949/1164/1109 1948/1163/1109 1963/1176/1109 1964/1177/1109
f 1949/1164/1110 1964/1177/1110 1965/956/1110 1950/1165/1110
f 1951/1166/1111 1950/1165/1111 1965/956/1111 1966/955/1111
f 1952/1167/1112 1951/1166/1112 1966/955/1112 1967/1178/1112
f 1953/1168/1113 1952/1167/1113 1967/1178/1113 1968/1179/1113
f 1953/1168/1114 1968/1179/1114 1969/1180/1114 1954/1169/1114
f 1954/1169/1115 1969/1180/1115 1970/1181/1115 1955/1170/1115
f 1955/1170/1116 1970/1181/1116 1971/1182/1116 1956/1171/1116
f 1956/1171/1117 1971/1182/1117 1972/1183/1117 1957/946/1117
f 1957/946/1118 1972/1183/1118 1973/950/1118 1942/943/1118
f 1958/948/1119 1974/952/1119 1975/1184/1119 1959/1172/1119
f 1959/1172/1120 1975/1184/1120 1976/1185/1120 1960/1173/1120
f 1960/1173/1121 1976/1185/1121 1977/1186/1121 1961/1174/1121
f 1962/1175/1122 1961/1174/1122 1977/1186/1122 1978/1187/1122
f 1963/1176/1123 1962/1175/1123 1978/1187/1123 1979/1188/1123
f 1963/1176/1124 1979/1188/1124 1980/1189/1124 1964/1177/1124
f 1965/956/1125 1964/1177/1125 1980/1189/1125 1981/962/1125
f 1967/1178/1126 1966/955/1126 1982/954/1126 1983/1190/1126
f 1981/962/872 1982/954/872 1965/956/872
f 1968/1179/1127 1967/1178/1127 1983/1190/1127 1984/1191/1127
f 1968/1179/1128 1984/1191/1128 1985/1192/1128 1969/1180/1128
f 1970/1181/1129 1969/1180/1129 1985/1192/1129 1986/1193/1129
f 1971/1182/1130 1970/1181/1130 1986/1193/1130 1987/1194/1130
f 1971/1182/1131 1987/1194/1131 1988/1195/1131 1972/1183/1131
f 1972/1183/1132 1988/1195/1132 1989/957/1132 1973/950/1132
f 1974/952/1133 1990/959/1133 1991/1196/1133 1975/1184/1133
f 1976/1185/1134 1975/1184/1134 1991/1196/1134 1992/1197/1134
f 1976/1185/1135 1992/1197/1135 1993/1198/1135 1977/1186/1135
f 1978/1187/1136 1977/1186/1136 1993/1198/1136 1994/1199/1136
f 1979/1188/1137 1978/1187/1137 1994/1199/1137 1995/1200/1137
f 1979/1188/1138 1995/1200/1138 1996/1201/1138 1980/1189/1138
f 1980/1189/1139 1996/1201/1139 1997/966/1139 1981/962/1139
f 1982/954/1140 1998/961/1140 1999/1202/1140 1983/1190/1140
f 1997/966/875 1998/961/875 1981/962/875
f 1984/1191/1141 1983/1190/1141 1999/1202/1141 2000/1203/1141
f 1985/1192/1142 1984/1191/1142 2000/1203/1142 2001/1204/1142
f 1986/1193/1143 1985/1192/1143 2001/1204/1143 2002/1205/1143
f 1986/1193/1144 2002/1205/1144 2003/1206/1144 1987/1194/1144
f 1988/1195/1145 1987/1194/1145 2003/1206/1145 2004/1207/1145
f 1988/1195/1146 2004/1207/1146 2005/963/1146 1989/957/1146
f 1992/1197/1147 1991/1196/1147 2006/1208/1147 2007/1209/1147
f 1990/959/1148 2006/1208/1148 1991/1196/1148
f 1993/1198/1149 1992/1197/1149 2007/1209/1149 2008/1210/1149
f 1993/1198/1150 2008/1210/1150 2009/1211/1150 1994/1199/1150
f 1994/1199/1151 2009/1211/1151 2010/1212/1151 1995/1200/1151
f 1996/1201/1152 1995/1200/1152 2010/1212/1152 2011/1213/1152
f 1996/1201/1153 2011/1213/1153 2012/965/1153 1997/966/1153
f 1998/961/1154 2013/967/1154 2014/1214/1154 1999/1202/1154
f 2000/1203/1155 1999/1202/1155 2014/1214/1155 2015/1215/1155
f 2001/1204/1156 2000/1203/1156 2015/1215/1156 2016/1216/1156
f 2002/1205/1157 2001/1204/1157 2016/1216/1157 2017/1217/1157
f 2002/1205/1158 2017/1217/1158 2018/1218/1158 2003/1206/1158
f 2004/1207/1159 2003/1206/1159 2018/1218/1159 2019/975/1159
f 2005/963/1160 2004/1207/1160 2019/975/1160 2020/968/1160
f 2006/1208/1161 1990/959/1161 2021/970/1161 2022/1219/1161
f 2006/1208/1162 2022/1219/1162 2023/1220/1162 2007/1209/1162
f 2008/1210/1163 2007/1209/1163 2023/1220/1163 2024/1221/1163
f 2008/1210/1164 2024/1221/1164 2025/1222/1164 2009/1211/1164
f 2010/1212/1165 2009/1211/1165 2025/1222/1165 2026/1223/1165
f 2011/1213/1166 2010/1212/1166 2026/1223/1166 2027/1224/1166
f 2011/1213/1167 2027/1224/1167 2028/973/1167 2012/965/1167
f 2013/967/1168 2029/972/1168 2030/1225/1168 2014/1214/1168
f 2015/1215/1169 2014/1214/1169 2030/1225/1169 2031/1226/1169
f 2015/1215/1170 2031/1226/1170 2032/1227/1170 2016/1216/1170
f 2016/1216/1171 2032/1227/1171 2033/1228/1171 2017/1217/1171
f 2017/1217/1172 2033/1228/1172 2034/1229/1172 2018/1218/1172
f 2019/975/1173 2018/1218/1173 2034/1229/1173 2035/974/1173
f 2021/970/1174 2036/976/1174 2037/1230/1174 2022/1219/1174
f 2023/1220/1175 2022/1219/1175 2037/1230/1175 2038/1231/1175
f 2023/1220/1176 2038/1231/1176 2039/1232/1176 2024/1221/1176
f 2024/1221/1177 2039/1232/1177 2040/1233/1177 2025/1222/1177
f 2025/1222/1178 2040/1233/1178 2041/1234/1178 2026/1223/1178
f 2027/1224/1179 2026/1223/1179 2041/1234/1179 2042/1235/1179
f 2027/1224/1180 2042/1235/1180 2043/1236/1180 2028/973/1180
f 2029/972/1181 2044/1237/1181 2045/1238/1181 2030/1225/1181
f 2043/1236/1182 2029/972/1182 2028/973/1182
f 2043/1236/1182 2044/1237/1182 2029/972/1182
f 2031/1226/1183 2030/1225/1183 2045/1238/1183 2046/1239/1183
f 2032/1227/1184 2031/1226/1184 2046/1239/1184 2047/1240/1184
f 2033/1228/1185 2032/1227/1185 2047/1240/1185 2048/1241/1185
f 2033/1228/1186 2048/1241/1186 2049/1242/1186 2034/1229/1186
f 2034/1229/1187 2049/1242/1187 2050/1243/1187 2035/974/1187
f 2035/974/1188 2050/1243/1188 2051/978/1188 2020/968/1188
f 2037/1230/1189 2036/976/1189 2052/980/1189 2053/1244/1189
f 2038/1231/1190 2037/1230/1190 2053/1244/1190 2054/1245/1190
f 2038/1231/1191 2054/1245/1191 2055/1246/1191 2039/1232/1191
f 2039/1232/1192 2055/1246/1192 2056/1247/1192 2040/1233/1192
f 2041/1234/1193 2040/1233/1193 2056/1247/1193 2057/1248/1193
f 2041/1234/1194 2057/1248/1194 2058/1249/1194 2042/1235/1194
f 2043/1236/1195 2042/1235/1195 2058/1249/1195 2059/987/1195
f 2044/1237/1196 2060/1250/1196 2061/1251/1196 2045/1238/1196
f 2059/987/1197 2044/1237/1197 2043/1236/1197
f 2059/987/1197 2060/1250/1197 2044/1237/1197
f 2045/1238/1198 2061/1251/1198 2062/1252/1198 2046/1239/1198
f 2047/1240/1199 2046/1239/1199 2062/1252/1199 2063/1253/1199
f 2048/1241/1200 2047/1240/1200 2063/1253/1200 2064/1254/1200
f 2049/1242/1201 2048/1241/1201 2064/1254/1201 2065/1255/1201
f 2050/1243/1202 2049/1242/1202 2065/1255/1202 2066/1256/1202
f 2051/978/1203 2050/1243/1203 2066/1256/1203 2067/982/1203
f 2052/980/1204 2068/984/1204 2069/1257/1204 2053/1244/1204
f 2054/1245/1205 2053/1244/1205 2069/1257/1205 2070/1258/1205
f 2054/1245/1206 2070/1258/1206 2071/1259/1206 2055/1246/1206
f 2056/1247/1207 2055/1246/1207 2071/1259/1207 2072/1260/1207
f 2057/1248/1208 2056/1247/1208 2072/1260/1208 2073/1261/1208
f 2057/1248/1209 2073/1261/1209 2074/1262/1209 2058/1249/1209
f 2058/1249/1210 2074/1262/1210 2075/988/1210 2059/987/1210
f 2061/1251/1211 2060/1250/1211 2076/986/1211 2077/1263/1211
f 2076/986/887 2060/1250/887 2059/987/887
f 2061/1251/1212 2077/1263/1212 2078/1264/1212 2062/1252/1212
f 2063/1253/1213 2062/1252/1213 2078/1264/1213 2079/1265/1213
f 2063/1253/1214 2079/1265/1214 2080/1266/1214 2064/1254/1214
f 2064/1254/1215 2080/1266/1215 2081/1267/1215 2065/1255/1215
f 2066/1256/1216 2065/1255/1216 2081/1267/1216 2082/1268/1216
f 2067/982/1217 2066/1256/1217 2082/1268/1217 2083/989/1217
f 2069/1257/1218 2068/984/1218 2084/991/1218 2085/1269/1218
f 2069/1257/1219 2085/1269/1219 2086/1270/1219 2070/1258/1219
f 2070/1258/1220 2086/1270/1220 2087/1271/1220 2071/1259/1220
f 2071/1259/1221 2087/1271/1221 2088/1272/1221 2072/1260/1221
f 2073/1261/1222 2072/1260/1222 2088/1272/1222 2089/1273/1222
f 2074/1262/1223 2073/1261/1223 2089/1273/1223 2090/1274/1223
f 2075/988/1224 2074/1262/1224 2090/1274/1224 2091/994/1224
f 2076/986/1225 2092/993/1225 2093/1275/1225 2077/1263/1225
f 2091/994/890 2076/986/890 2075/988/890
f 2077/1263/1226 2093/1275/1226 2094/1276/1226 2078/1264/1226
f 2079/1265/1227 2078/1264/1227 2094/1276/1227 2095/1277/1227
f 2080/1266/1228 2079/1265/1228 2095/1277/1228 2096/1278/1228
f 2081/1267/1229 2080/1266/1229 2096/1278/1229 2097/1279/1229
f 2081/1267/1230 2097/1279/1230 2098/999/1230 2082/1268/1230
f 2083/989/1231 2082/1268/1231 2098/999/1231 2099/995/1231
f 2084/991/1232 2100/997/1232 2101/1280/1232 2085/1269/1232
f 2085/1269/1233 2101/1280/1233 2102/1281/1233 2086/1270/1233
f 2087/1271/1234 2086/1270/1234 2102/1281/1234 2103/1282/1234
f 2087/1271/1235 2103/1282/1235 2104/1283/1235 2088/1272/1235
f 2088/1272/1236 2104/1283/1236 2105/1284/1236 2089/1273/1236
f 2090/1274/1237 2089/1273/1237 2105/1284/1237 2106/1285/1237
f 2090/1274/1238 2106/1285/1238 2107/1002/1238 2091/994/1238
f 2091/994/134 2107/1002/134 2108/1001/134 2092/993/134
f 2092/993/1239 2108/1001/1239 2109/1286/1239 2093/1275/1239
f 2093/1275/1240 2109/1286/1240 2110/1287/1240 2094/1276/1240
f 2094/1276/1241 2110/1287/1241 2111/1288/1241 2095/1277/1241
f 2096/1278/1242 2095/1277/1242 2111/1288/1242 2112/1289/1242
f 2097/1279/1243 2096/1278/1243 2112/1289/1243 2113/1290/1243
f 2098/999/1244 2097/1279/1244 2113/1290/1244 2114/998/1244
f 2102/1281/1245 2101/1280/1245 2115/1291/1245 2116/1292/1245
f 2115/1291/1246 2101/1280/1246 2100/997/1246
f 2103/1282/1247 2102/1281/1247 2116/1292/1247 2117/1293/1247
f 2104/1283/1248 2103/1282/1248 2117/1293/1248 2118/1294/1248
f 2105/1284/1249 2104/1283/1249 2118/1294/1249 2119/1295/1249
f 2106/1285/1250 2105/1284/1250 2119/1295/1250 2120/1296/1250
f 2106/1285/1251 2120/1296/1251 2121/1000/1251 2107/1002/1251
f 2108/1001/1252 2122/1009/1252 2123/1297/1252 2109/1286/1252
f 2121/1000/894 2122/1009/894 2108/1001/894
f 2109/1286/1253 2123/1297/1253 2124/1298/1253 2110/1287/1253
f 2111/1288/1254 2110/1287/1254 2124/1298/1254 2125/1299/1254
f 2111/1288/1255 2125/1299/1255 2126/1300/1255 2112/1289/1255
f 2112/1289/1256 2126/1300/1256 2127/1301/1256 2113/1290/1256
f 2113/1290/1257 2127/1301/1257 2128/1302/1257 2114/998/1257
f 2114/998/1258 2128/1302/1258 2129/1003/1258 2099/995/1258
f 2115/1291/1259 2100/997/1259 2130/1005/1259 2131/1303/1259
f 2116/1292/1260 2115/1291/1260 2131/1303/1260 2132/1304/1260
f 2117/1293/1261 2116/1292/1261 2132/1304/1261 2133/1305/1261
f 2117/1293/1262 2133/1305/1262 2134/1306/1262 2118/1294/1262
f 2118/1294/1263 2134/1306/1263 2135/1307/1263 2119/1295/1263
f 2119/1295/1264 2135/1307/1264 2136/1308/1264 2120/1296/1264
f 2121/1000/1265 2120/1296/1265 2136/1308/1265 2137/1008/1265
f 2123/1297/1266 2122/1009/1266 2138/1007/1266 2139/1309/1266
f 2124/1298/1267 2123/1297/1267 2139/1309/1267 2140/1310/1267
f 2124/1298/1268 2140/1310/1268 2141/1311/1268 2125/1299/1268
f 2126/1300/1269 2125/1299/1269 2141/1311/1269 2142/1312/1269
f 2127/1301/1270 2126/1300/1270 2142/1312/1270 2143/1313/1270
f 2128/1302/1271 2127/1301/1271 2143/1313/1271 2144/1314/1271
f 2129/1003/1272 2128/1302/1272 2144/1314/1272 2145/1010/1272
f 2130/1005/1273 2146/1012/1273 2147/1315/1273 2131/1303/1273
f 2132/1304/1274 2131/1303/1274 2147/1315/1274 2148/1316/1274
f 2132/1304/1275 2148/1316/1275 2149/1317/1275 2133/1305/1275
f 2134/1306/1276 2133/1305/1276 2149/1317/1276 2150/1318/1276
f 2134/1306/1277 2150/1318/1277 2151/1319/1277 2135/1307/1277
f 2135/1307/1278 2151/1319/1278 2152/1320/1278 2136/1308/1278
f 2136/1308/1279 2152/1320/1279 2153/1014/1279 2137/1008/1279
f 2139/1309/1280 2138/1007/1280 2154/1015/1280 2155/1321/1280
f 2139/1309/1281 2155/1321/1281 2156/1322/1281 2140/1310/1281
f 2141/1311/1282 2140/1310/1282 2156/1322/1282 2157/1323/1282
f 2142/1312/1283 2141/1311/1283 2157/1323/1283 2158/1324/1283
f 2143/1313/1284 2142/1312/1284 2158/1324/1284 2159/1325/1284
f 2144/1314/1285 2143/1313/1285 2159/1325/1285 2160/1326/1285
f 2144/1314/1286 2160/1326/1286 2161/1016/1286 2145/1010/1286
f 2146/1012/1287 1832/1018/1287 2162/1327/1287 2147/1315/1287
f 2148/1316/1288 2147/1315/1288 2162/1327/1288 2163/1328/1288
f 2148/1316/1289 2163/1328/1289 2164/1329/1289 2149/1317/1289
f 2150/1318/1290 2149/1317/1290 2164/1329/1290 2165/1330/1290
f 2150/1318/1291 2165/1330/1291 2166/1331/1291 2151/1319/1291
f 2151/1319/1292 2166/1331/1292 2167/1332/1292 2152/1320/1292
f 2153/1014/1293 2152/1320/1293 2167/1332/1293 2168/1021/1293
f 2154/1015/1294 2169/1020/1294 2170/1333/1294 2155/1321/1294
f 2156/1322/1295 2155/1321/1295 2170/1333/1295 2171/1334/1295
f 2156/1322/1296 2171/1334/1296 2172/1335/1296 2157/1323/1296
f 2158/1324/1297 2157/1323/1297 2172/1335/1297 2173/1336/1297
f 2158/1324/1298 2173/1336/1298 2174/1337/1298 2159/1325/1298
f 2160/1326/1299 2159/1325/1299 2174/1337/1299 2175/1338/1299
f 2161/1016/1300 2160/1326/1300 2175/1338/1300 2176/1022/1300
f 2163/1328/1301 2162/1327/1301 1833/1339/1301 1834/1340/1301
f 1833/1339/1302 2162/1327/1302 1832/1018/1302
f 2163/1328/1303 1834/1340/1303 1835/1341/1303 2164/1329/1303
f 2164/1329/1304 1835/1341/1304 1836/1342/1304 2165/1330/1304
f 2165/1330/1305 1836/1342/1305 1837/1343/1305 2166/1331/1305
f 2166/1331/1306 1837/1343/1306 1838/1344/1306 2167/1332/1306
f 2168/1021/1307 2167/1332/1307 1838/1344/1307 1839/1345/1307
f 2169/1020/1308 2168/1021/1308 1839/1345/1308 1840/1346/1308
f 2169/1020/1309 1840/1346/1309 1841/1347/1309 2170/1333/1309
f 2171/1334/1310 2170/1333/1310 1841/1347/1310 1842/1348/1310
f 2171/1334/1311 1842/1348/1311 1843/1349/1311 2172/1335/1311
f 2172/1335/1312 1843/1349/1312 1844/1350/1312 2173/1336/1312
f 2174/1337/1313 2173/1336/1313 1844/1350/1313 1845/1351/1313
f 2175/1338/1314 2174/1337/1314 1845/1351/1314 1846/1352/1314
f 2176/1022/1315 2175/1338/1315 1846/1352/1315 1847/1024/1315
usemtl carbon_fiber.001
f 822/1353/1316 823/1354/1316 816/1355/1316
f 823/1354/1317 824/1356/1317 817/1357/1317
f 826/1358/1318 821/1359/1318 820/1360/1318
f 879/1361/1319 873/1362/1319 878/1363/1319
f 958/1364/1320 904/1365/1320 903/1366/1320
f 828/1367/1321 824/1356/1321 959/1368/1321
f 951/1369/1322 978/1370/1322 960/1371/1322
f 984/1372/1323 976/1373/1324 960/1371/1322
f 960/1371/1322 978/1370/1322 983/1374/1322
f 985/1375/1322 984/1372/1323 960/1371/1322
f 960/1371/1322 983/1374/1322 985/1375/1322
f 950/1376/1322 960/1371/1322 976/1373/1322
f 978/1370/1322 951/1369/1322 979/1377/1322
f 977/1378/1325 982/1379/1326 961/1380/1322
f 979/1377/1322 951/1369/1322 961/1380/1322
f 988/1381/1322 979/1377/1322 961/1380/1322
f 961/1380/1322 982/1379/1326 989/1382/1322
f 961/1380/1322 989/1382/1322 988/1381/1322
f 873/1362/1319 872/1383/1319 878/1363/1319
f 876/1384/1327 875/1385/1327 882/1386/1327
f 881/1387/1327 882/1386/1327 875/1385/1327
f 962/1388/1328 876/1384/1329 882/1386/1329
f 953/1389/1330 877/1390/1330 962/1388/1328
f 833/1391/1331 828/1367/1331 959/1368/1331
f 836/1392/1332 830/1393/1332 835/1394/1332
f 837/1395/1333 838/1396/1333 832/1397/1333
f 837/1395/1333 832/1397/1333 831/1398/1333
f 840/1399/1334 835/1394/1335 834/1400/1336
f 841/1401/1335 835/1394/1335 840/1399/1334
f 836/1392/1337 835/1394/1337 841/1401/1337
f 842/1402/1337 836/1392/1337 841/1401/1337
f 885/1403/1338 881/1387/1338 880/1404/1338
f 963/1405/1339 882/1386/1340 886/1406/1340
f 887/1407/1341 953/1389/1341 963/1405/1339
f 838/1396/1342 837/1395/1342 844/1408/1342
f 843/1409/1342 844/1408/1342 837/1395/1342
f 952/1410/1343 841/1401/1343 964/1411/1343
f 952/1410/1344 842/1402/1344 841/1401/1344
f 888/1412/1345 883/1413/1345 953/1389/1345
f 887/1407/1345 888/1412/1345 953/1389/1345
f 955/1414/1346 986/1415/1346 898/1416/1346
f 990/1417/1346 981/1418/1346 898/1416/1346
f 898/1416/1346 986/1415/1346 987/1419/1346
f 987/1419/1346 990/1417/1346 898/1416/1346
f 847/1420/1347 844/1408/1347 843/1409/1347
f 848/1421/1348 845/1422/1348 965/1423/1348
f 885/1403/1349 884/1424/1349 889/1425/1349
f 889/1425/1349 890/1426/1349 885/1403/1349
f 891/1427/1350 885/1403/1350 890/1426/1350
f 886/1406/1350 885/1403/1350 891/1427/1350
f 892/1428/1351 886/1406/1352 891/1427/1352
f 893/1429/1353 887/1407/1353 892/1428/1351
f 821/1430/1354 906/1431/1354 905/1432/1354
f 965/1423/1355 847/1420/1355 853/1433/1355
f 852/1434/1355 853/1433/1355 847/1420/1355
f 854/1435/1356 848/1421/1356 965/1423/1356
f 954/1436/1357 850/1437/1357 966/1438/1358
f 894/1439/1359 888/1412/1359 893/1429/1359
f 898/1416/1346 981/1418/1346 980/1440/1346
f 993/1441/1346 905/1432/1346 899/1442/1346
f 899/1442/1346 980/1440/1346 991/1443/1346
f 992/1444/1346 993/1441/1346 899/1442/1346
f 991/1443/1346 992/1444/1346 899/1442/1346
f 859/1445/1360 966/1438/1361 858/1446/1361
f 890/1426/1362 889/1425/1362 896/1447/1362
f 895/1448/1362 896/1447/1362 889/1425/1362
f 864/1449/1363 857/1450/1363 863/1451/1363
f 858/1446/1363 857/1450/1363 864/1449/1363
f 866/1452/973 861/1453/973 860/1454/973
f 898/1416/1364 892/1428/1365 967/1455/1366
f 818/1456/1367 902/1457/1367 901/1458/1367
f 868/1459/1368 869/1460/1368 862/1461/1368
f 871/1462/1369 865/1463/1370 870/1464/1370
f 872/1383/1371 873/1362/1372 866/1452/1371
f 873/1362/1372 867/1465/1372 866/1452/1371
f 896/1447/1373 895/1448/1373 900/1466/1373
f 897/1467/1374 896/1447/1374 901/1458/1375
f 876/1384/1376 870/1464/1376 869/1460/1376
f 875/1385/1376 876/1384/1376 869/1460/1376
f 821/1468/1377 968/1469/1378 906/143/1378
f 830/1470/1379 908/1471/1380 826/143/1380
f 968/1472/1381 910/1473/1382 899/1474/1382
f 842/1475/1383 969/1476/1383 836/143/1383
f 915/1477/1384 917/1478/1385 883/1479/1385
f 918/1480/1386 916/1481/1386 855/1482/1386
f 873/1483/1387 921/1484/1388 867/143/1388
f 919/1485/1387 921/1484/1388 873/1483/1387
f 923/1486/1389 922/1487/1390 908/1488/1391
f 922/1489/1392 924/1490/1393 907/1491/1394
f 909/1492/1395 923/1493/1396 908/1494/1397
f 911/1495/1398 971/1496/1398 913/143/1398
f 929/1497/1399 912/1498/1399 914/1499/1400
f 971/1500/1401 930/1501/1402 915/1502/1403
f 918/1503/1404 931/1504/1405 916/143/1406
f 920/1505/1407 932/1506/1408 918/143/1408
f 919/1507/1409 935/1508/1410 921/1509/1411
f 922/1510/3 973/1511/3 924/143/3
f 956/1512/3 923/1513/3 925/1499/3
f 973/1514/3 974/1473/3 926/1515/3
f 974/1516/3 939/1473/3 927/1517/3
f 940/1518/3 938/1519/3 928/1520/3
f 942/1521/3 928/1522/3 929/1499/3
f 941/1518/3 943/1523/3 971/1524/3
f 943/1518/3 975/1525/3 930/1526/3
f 932/1527/3 944/1528/3 931/143/3
f 975/1529/3 933/1513/3 972/1499/3
f 823/1354/1412 822/1353/1412 827/1530/1412 959/1368/1412
f 902/1457/1413 967/1455/1414 897/1467/1413
f 903/1366/1414 967/1455/1414 902/1457/1413
f 823/1354/1316 817/1357/1316 816/1355/1316
f 824/1356/1317 818/1531/1317 817/1357/1317
f 818/1531/1415 957/1532/1415 819/1533/1416
f 824/1356/1415 957/1532/1415 818/1531/1415
f 819/1533/1416 825/1534/1417 958/1535/1417
f 825/1534/1417 819/1533/1416 957/1532/1415
f 825/1534/1318 976/1373/1318 958/1535/1318
f 976/1373/1318 949/1536/1318 958/1535/1318
f 977/1378/1318 826/1358/1318 820/1360/1318
f 819/1537/1418 958/1364/1320 903/1366/1320
f 905/1432/1346 906/1431/1346 899/1442/1346
f 967/1455/1414 904/1365/1419 898/1416/1419
f 903/1366/1414 904/1365/1419 967/1455/1414
f 825/1534/1420 957/1532/1421 829/1538/1422 950/1376/1420
f 959/1368/1321 824/1356/1321 823/1354/1321
f 828/1367/1423 957/1532/1421 824/1356/1423
f 829/1538/1422 957/1532/1421 828/1367/1423
f 951/1369/1322 960/1371/1322 950/1376/1322 830/1393/1322
f 950/1376/1322 976/1373/1322 825/1534/1322
f 874/1539/1424 880/1404/1424 881/1387/1424 875/1385/1424
f 830/1393/1322 977/1378/1325 961/1380/1322
f 830/1393/1322 961/1380/1322 951/1369/1322
f 977/1378/1325 830/1393/1322 826/1358/1322
f 827/1530/1425 831/1398/1425 832/1397/1425 959/1368/1425
f 876/1384/1329 962/1388/1328 877/1390/1330
f 877/1390/1330 953/1389/1330 878/1363/1330
f 950/1376/1426 829/1538/1427 834/1400/1428 835/1394/1426
f 832/1397/1331 833/1391/1331 959/1368/1331
f 828/1367/1427 833/1391/1427 829/1538/1427
f 833/1391/1427 834/1400/1428 829/1538/1427
f 832/1397/1429 838/1396/1429 839/1540/1429 833/1391/1429
f 835/1394/1332 830/1393/1332 950/1376/1332
f 953/1389/1430 883/1413/1430 878/1363/1430
f 883/1413/1430 879/1361/1430 878/1363/1430
f 904/1365/1346 955/1414/1346 898/1416/1346
f 882/1386/1431 881/1387/1431 885/1403/1431 886/1406/1431
f 839/1540/1336 834/1400/1336 833/1391/1336
f 840/1399/1334 834/1400/1336 839/1540/1336
f 884/1424/1338 885/1403/1338 880/1404/1338
f 840/1399/1432 839/1540/1433 845/1422/1433 964/1411/1343
f 882/1386/1340 963/1405/1339 962/1388/1339
f 963/1405/1339 953/1389/1341 962/1388/1339
f 820/1541/1354 821/1430/1354 905/1432/1354
f 845/1422/1434 839/1540/1434 838/1396/1434
f 844/1408/1434 845/1422/1434 838/1396/1434
f 845/1422/1435 848/1421/1435 849/1542/1436 964/1411/1437
f 964/1411/1343 841/1401/1343 840/1399/1432
f 846/1543/1344 842/1402/1344 952/1410/1344
f 847/1420/1347 965/1423/1347 844/1408/1347
f 965/1423/1348 845/1422/1348 844/1408/1348
f 853/1433/1438 852/1434/1438 856/1544/1438 857/1450/1438
f 849/1542/1436 952/1410/1439 964/1411/1437
f 850/1437/1439 952/1410/1439 849/1542/1436
f 850/1437/1440 851/1545/1440 952/1410/1440
f 851/1545/1440 846/1543/1440 952/1410/1440
f 892/1428/1351 963/1405/1351 886/1406/1352
f 892/1428/1351 887/1407/1353 963/1405/1351
f 853/1433/1356 854/1435/1356 965/1423/1356
f 848/1421/1441 966/1438/1358 849/1542/1358
f 854/1435/1441 966/1438/1358 848/1421/1441
f 966/1438/1358 850/1437/1357 849/1542/1358
f 954/1436/1442 855/1546/1442 850/1437/1442
f 855/1546/1442 851/1545/1442 850/1437/1442
f 893/1429/1359 888/1412/1359 887/1407/1359
f 980/1440/1346 899/1442/1346 898/1416/1346
f 854/1435/1443 853/1433/1443 857/1450/1443 858/1446/1443
f 954/1436/1444 966/1438/1361 859/1445/1360 860/1454/1444
f 858/1446/1361 966/1438/1361 854/1435/1361
f 891/1427/1445 890/1426/1445 896/1447/1445 897/1467/1445
f 860/1454/1446 861/1453/1446 954/1436/1446
f 861/1453/1446 855/1546/1446 954/1436/1446
f 958/1364/1354 955/1414/1354 904/1365/1354
f 900/1466/1447 816/1547/1447 817/1548/1447 901/1458/1447
f 857/1450/1448 856/1544/1448 862/1461/1448 863/1451/1448
f 858/1446/1449 864/1449/1449 865/1463/1450 859/1445/1450
f 860/1454/1451 859/1445/1450 865/1463/1450 866/1452/1451
f 864/1449/1452 863/1451/1452 869/1460/1452 870/1464/1452
f 866/1452/973 867/1465/973 861/1453/973
f 891/1427/1366 967/1455/1366 892/1428/1365
f 897/1467/1366 967/1455/1366 891/1427/1366
f 892/1428/1365 898/1416/1364 893/1429/1364
f 898/1416/1453 894/1439/1453 893/1429/1453
f 899/1442/1453 894/1439/1453 898/1416/1453
f 817/1548/1367 818/1456/1367 901/1458/1367
f 869/1460/1368 863/1451/1368 862/1461/1368
f 865/1463/1370 871/1462/1369 872/1383/1454 866/1452/1454
f 870/1464/1370 865/1463/1370 864/1449/1370
f 902/1457/1455 818/1456/1455 819/1537/1418 903/1366/1320
f 958/1364/1354 949/1549/1354 955/1414/1354
f 900/1466/1456 901/1458/1456 896/1447/1456
f 901/1458/1375 902/1457/1375 897/1467/1374
f 869/1460/1457 868/1459/1457 874/1539/1457 875/1385/1457
f 871/1462/1458 877/1390/1459 878/1363/1460 872/1383/1460
f 876/1384/1461 871/1462/1458 870/1464/1461
f 877/1390/1459 871/1462/1458 876/1384/1461
f 821/1550/1462 826/1499/1462 908/1551/1462 907/1552/1462
f 909/1553/1463 830/143/1463 836/1554/1463 969/1555/1463
f 907/1556/1377 968/1469/1378 821/1468/1377
f 909/1557/1379 908/1471/1380 830/1470/1379
f 906/1558/1381 968/1472/1381 899/1474/1382
f 894/1559/1464 899/1524/1464 910/1518/1464 911/1560/1464
f 888/1561/1465 894/1499/1465 911/1562/1465 913/1563/1465
f 912/1518/1383 969/1476/1383 842/1475/1383
f 915/1473/1466 883/1564/1466 888/1565/1466 913/1566/1466
f 914/1567/1467 912/1568/1467 842/1569/1467
f 914/1567/1467 842/1569/1467 846/1570/1467
f 846/1571/1468 851/1499/1468 916/1572/1468 914/1573/1468
f 919/1473/1469 873/143/1469 879/1574/1469 917/1575/1469
f 883/1479/1385 917/1478/1385 879/1576/1385
f 855/1482/1386 916/1481/1386 851/1577/1386
f 918/1473/1470 855/1578/1470 861/1579/1470 920/1580/1470
f 926/1473/1471 910/1581/1471 968/1582/1471 924/1583/1471
f 867/1584/1472 920/1585/1473 861/1586/1473
f 921/1587/1472 920/1585/1473 867/1584/1472
f 908/1488/1391 922/1487/1390 907/1588/1390
f 907/1491/1394 924/1490/1393 968/1589/1393
f 925/1590/1395 923/1493/1396 909/1492/1395
f 925/1591/1474 909/143/1474 969/1592/1474 970/1593/1474
f 969/1594/1475 912/1499/1475 928/1595/1475 970/1596/1475
f 911/1597/1476 910/1598/1477 927/1599/1476
f 910/1598/1477 926/1600/1477 927/1599/1476
f 914/1601/1478 916/1499/1478 931/1602/1478 929/1603/1478
f 927/1604/1398 971/1496/1398 911/1495/1398
f 912/1498/1399 929/1497/1399 928/1605/1399
f 913/1606/1401 971/1500/1401 915/1502/1403
f 917/1607/1479 915/1608/1479 930/1518/1479 972/1609/1479
f 933/1610/1480 919/143/1480 917/1611/1480 972/1612/1480
f 932/1613/1404 931/1504/1405 918/1503/1404
f 934/1473/1481 920/1614/1481 921/1615/1481 935/1616/1481
f 920/1505/1407 934/1617/1407 932/1506/1408
f 933/1618/1482 935/1508/1410 919/1507/1409
f 925/1619/3 970/1499/3 938/1512/3 956/1620/3
f 937/1518/3 936/1621/3 922/1622/3
f 937/1518/3 922/1622/3 923/1623/3
f 936/1518/3 973/1511/3 922/1510/3
f 923/1513/3 956/1512/3 937/1624/3
f 924/1625/3 973/1514/3 926/1515/3
f 971/1626/3 927/1627/3 939/1518/3 941/1628/3
f 926/1629/3 974/1516/3 927/1517/3
f 928/1520/3 938/1519/3 970/1630/3
f 932/1631/3 934/1632/3 947/1518/3 945/1633/3
f 942/1521/3 940/1634/3 928/1522/3
f 971/1524/3 943/1523/3 930/1635/3
f 929/1636/3 931/1637/3 942/1638/3
f 944/1518/3 942/1638/3 931/1637/3
f 930/1526/3 975/1525/3 972/1639/3
f 945/1518/3 944/1528/3 932/1527/3
f 933/1513/3 975/1529/3 946/1473/3
f 935/1640/3 933/1499/3 946/1518/3 948/1641/3
f 934/1642/3 948/1643/3 947/1473/3
f 948/1643/3 934/1642/3 935/1570/3
usemtl Metal_Silver.001
f 1614/1644/1483 1608/1645/1484 1606/1646/1485
f 1619/1647/1486 1607/1648/1487 1613/1649/1488
f 1620/1650/1489 1614/1644/1483 1606/1651/1485
f 1625/1652/1490 1607/1653/1487 1619/1647/1486
f 1626/1654/1491 1620/1650/1489 1606/1655/1485
f 1627/1656/1492 1620/1650/1492 1626/1654/1492
f 1631/1657/1493 1607/1658/1487 1625/1652/1490
f 1632/1659/1494 1626/1654/1491 1606/1660/1485
f 1637/1661/1495 1607/1662/1487 1631/1657/1493
f 1638/1663/1496 1632/1659/1494 1606/1664/1485
f 1643/1665/1497 1607/1666/1487 1637/1661/1495
f 1644/1667/1496 1638/1663/1496 1606/1668/1485
f 1650/1669/1498 1607/1670/1487 1643/1665/1497
f 1651/1671/1499 1644/1667/1496 1606/1672/1485
f 1656/1673/1500 1607/1674/1501 1650/1669/1502
f 1657/1675/1503 1651/1671/1499 1606/1676/1485
f 1662/1677/1504 1607/1678/1501 1656/1673/1500
f 1663/1679/1505 1657/1675/1503 1606/1680/1485
f 1667/1681/1506 1607/1682/1501 1662/1677/1504
f 1668/1683/1507 1663/1679/1505 1606/1684/1485
f 1669/1685/1508 1663/1679/1508 1668/1683/1508
f 1607/1686/1509 1667/1681/1509 1674/1687/1509
f 1675/1688/1510 1668/1683/1507 1606/1689/1485
f 1681/1690/1511 1675/1688/1510 1606/1691/1485
f 1687/1692/1512 1607/1693/1512 1680/1694/1512
f 1688/1695/1513 1681/1690/1511 1606/1696/1485
f 1693/1697/1514 1687/1692/1514 1686/1698/1514
f 1693/1697/1515 1607/1699/1515 1687/1692/1515
f 1694/1700/1516 1688/1695/1513 1606/1701/1485
f 1695/1702/1517 1688/1695/1517 1694/1700/1517
f 1701/1703/1518 1607/1704/1518 1693/1697/1518
f 1702/1705/1519 1694/1700/1516 1606/1706/1485
f 1702/1705/1520 1695/1702/1520 1694/1700/1520
f 1707/1707/1521 1607/1708/1487 1701/1703/1522
f 1708/1709/1523 1702/1705/1519 1606/1710/1485
f 1713/1711/1524 1607/1712/1487 1707/1707/1521
f 1714/1713/1525 1708/1709/1523 1606/1714/1485
f 1715/1715/1526 1710/1716/1526 1709/1717/1526
f 1718/1718/1527 1607/1719/1487 1713/1711/1524
f 1719/1720/1528 1714/1713/1525 1606/1721/1485
f 1721/1722/1529 1715/1715/1529 1720/1723/1529
f 1724/1724/1530 1607/1725/1487 1718/1718/1527
f 1725/1726/1531 1719/1720/1528 1606/1727/1485
f 1730/1728/1532 1607/1729/1487 1724/1724/1530
f 1731/1730/1533 1725/1726/1533 1606/1731/1533
f 1737/1732/1534 1607/1733/1487 1730/1728/1532
f 1738/1734/1535 1731/1730/1535 1606/1735/1535
f 1741/1736/1536 1736/1737/1536 1735/1738/1536
f 1743/1739/1537 1607/1740/1487 1737/1732/1534
f 1744/1741/1538 1738/1734/1538 1606/1742/1538
f 1749/1743/1539 1607/1744/1487 1743/1739/1537
f 1755/1745/1540 1607/1746/1487 1749/1743/1539
f 1756/1747/1541 1750/1748/1542 1606/1749/1543
f 1761/1750/1544 1607/1751/1487 1755/1745/1540
f 1762/1752/1545 1756/1747/1541 1606/1753/1543
f 1763/1754/1546 1756/1747/1546 1762/1752/1546
f 1767/1755/304 1607/1756/1487 1761/1750/1544
f 1768/1757/1547 1762/1752/1547 1606/1758/1547
f 1768/1757/1548 1763/1754/1548 1762/1752/1548
f 1773/1759/304 1607/1760/1487 1767/1755/304
f 1774/1761/1549 1768/1757/1549 1606/1762/1549
f 1780/1763/1550 1607/1764/1487 1773/1759/304
f 1781/1765/1551 1774/1761/1552 1606/1766/1485
f 1781/1765/1553 1775/1767/1553 1774/1761/1553
f 1786/1768/1550 1607/1769/1487 1780/1763/1550
f 1787/1770/1554 1781/1765/1551 1606/1771/1485
f 1792/1772/1555 1607/1773/1487 1786/1768/1550
f 1793/1774/1556 1787/1770/1554 1606/1775/1485
f 1794/1776/1557 1789/1777/1557 1788/1778/1557
f 1797/1779/1558 1607/1780/1487 1792/1772/1555
f 1798/1781/1559 1793/1774/1556 1606/1782/1485
f 1800/1783/1560 1794/1776/1560 1799/1784/1560
f 1801/1785/1561 1796/1786/1561 1795/1787/1561
f 1803/1788/1562 1607/1789/1487 1797/1779/1558
f 1804/1790/1563 1798/1781/1559 1606/1791/1485
f 1805/1792/1564 1798/1781/1564 1804/1790/1564
f 1809/1793/1565 1801/1785/1565 1808/1794/1565
f 1810/1795/1566 1607/1796/1487 1803/1788/1562
f 1811/1797/1567 1804/1790/1563 1606/1798/1485
f 1811/1797/1568 1805/1792/1568 1804/1790/1568
f 1812/1799/1569 1807/1800/1569 1806/1801/1569
f 1815/1802/1570 1607/1803/1487 1810/1795/1566
f 1816/1804/1571 1811/1797/1567 1606/1805/1485
f 1821/1806/1572 1607/1807/1487 1815/1802/1570
f 1822/1808/1573 1816/1804/1571 1606/1809/1485
f 1829/1810/1574 1821/1806/1574 1828/1811/1574
f 1829/1810/1575 1607/1812/1487 1821/1806/1572
f 1608/1813/1484 1822/1808/1573 1606/1814/1485
f 1613/1815/1488 1607/1816/1487 1829/1810/1575
f 1608/1645/1576 1614/1644/1576 1615/1817/1576 1609/1818/1576
f 1610/1819/1577 1609/1818/1577 1615/1817/1577 1616/1820/1577
f 1611/1821/1578 1610/1819/1578 1616/1820/1578 1617/1822/1578
f 1611/1821/1579 1617/1822/1579 1618/1823/1579 1612/1824/1579
f 1613/1649/1580 1612/1824/1580 1618/1823/1580 1619/1647/1580
f 1615/1817/1581 1614/1644/1581 1620/1650/1581 1621/1825/1581
f 1615/1817/1582 1621/1825/1582 1622/1826/1582 1616/1820/1582
f 1617/1822/936 1616/1820/936 1622/1826/936 1623/1827/936
f 1617/1822/1583 1623/1827/1583 1624/1828/1583 1618/1823/1583
f 1619/1647/1584 1618/1823/1584 1624/1828/1584 1625/1652/1584
f 1621/1825/1585 1620/1650/1585 1627/1656/1585 1628/1829/1585
f 1621/1825/1586 1628/1829/1586 1629/1830/1586 1622/1826/1586
f 1623/1827/1587 1622/1826/1587 1629/1830/1587 1630/1831/1587
f 1625/1652/1588 1624/1828/1588 1630/1831/1588 1631/1657/1588
f 1630/1831/1589 1624/1828/1589 1623/1827/1589
f 1627/1656/1590 1632/1659/1590 1633/1832/1590 1628/1829/1590
f 1632/1659/1591 1627/1656/1591 1626/1654/1591
f 1629/1830/1592 1628/1829/1592 1633/1832/1592 1634/1833/1592
f 1629/1830/1593 1634/1833/1593 1635/1834/1593 1630/1831/1593
f 1631/1657/1594 1630/1831/1594 1636/1835/1594 1637/1661/1594
f 1635/1834/1595 1636/1835/1595 1630/1831/1595
f 1632/1659/1596 1638/1663/1596 1639/1836/1596 1633/1832/1596
f 1634/1833/1597 1633/1832/1597 1639/1836/1597 1640/1837/1597
f 1634/1833/941 1640/1837/941 1641/1838/941 1635/1834/941
f 1636/1835/1598 1635/1834/1598 1641/1838/1598 1642/1839/1598
f 1637/1661/1599 1636/1835/1599 1642/1839/1599 1643/1665/1599
f 1638/1663/1600 1644/1667/1600 1645/1840/1600 1639/1836/1600
f 1639/1836/1601 1645/1840/1601 1646/1841/1601 1640/1837/1601
f 1640/1837/1602 1646/1841/1602 1647/1842/1602 1641/1838/1602
f 1642/1839/1603 1641/1838/1603 1647/1842/1603 1648/1843/1603
f 1642/1839/1604 1648/1843/1604 1649/1844/1604 1643/1665/1604
f 1644/1667/1605 1651/1671/1605 1652/1845/1605 1645/1840/1605
f 1649/1844/1606 1650/1669/1606 1643/1665/1606
f 1645/1840/1607 1652/1845/1607 1653/1846/1607 1646/1841/1607
f 1646/1841/1608 1653/1846/1608 1654/1847/1608 1647/1842/1608
f 1648/1843/1609 1647/1842/1609 1654/1847/1609 1655/1848/1609
f 1649/1844/1610 1648/1843/1610 1655/1848/1610 1656/1673/1610
f 1652/1845/1611 1651/1671/1611 1657/1675/1611 1658/1849/1611
f 1656/1673/1612 1650/1669/1612 1649/1844/1612
f 1652/1845/1613 1658/1849/1613 1659/1850/1613 1653/1846/1613
f 1653/1846/946 1659/1850/946 1660/1851/946 1654/1847/946
f 1654/1847/1614 1660/1851/1614 1661/1852/1614 1655/1848/1614
f 1656/1673/1615 1655/1848/1615 1661/1852/1615 1662/1677/1615
f 1658/1849/1616 1657/1675/1616 1663/1679/1616 1664/1853/1616
f 1659/1850/1617 1664/1853/1617 1665/1854/1617 1660/1851/1617
f 1664/1853/1618 1659/1850/1618 1658/1849/1618
f 1661/1852/1619 1660/1851/1619 1665/1854/1619 1666/1855/1619
f 1661/1852/1620 1666/1855/1620 1667/1681/1620 1662/1677/1620
f 1664/1853/1621 1663/1679/1621 1669/1685/1621 1670/1856/1621
f 1665/1854/1622 1664/1853/1622 1671/1857/1622 1672/1858/1622
f 1670/1856/1623 1671/1857/1623 1664/1853/1623
f 1666/1855/1624 1665/1854/1624 1672/1858/1624 1673/1859/1624
f 1666/1855/1625 1673/1859/1625 1674/1687/1625 1667/1681/1625
f 1669/1685/1626 1675/1688/1626 1676/1860/1626 1670/1856/1626
f 1675/1688/1627 1669/1685/1627 1668/1683/1627
f 1670/1856/1628 1676/1860/1628 1677/1861/1628 1671/1857/1628
f 1672/1858/957 1671/1857/957 1677/1861/957 1678/1862/957
f 1672/1858/1629 1678/1862/1629 1679/1863/1629 1673/1859/1629
f 1674/1687/1630 1673/1859/1630 1679/1863/1630 1680/1694/1630
f 1676/1860/1631 1675/1688/1631 1681/1690/1631 1682/1864/1631
f 1680/1694/1632 1607/1686/1632 1674/1687/1632
f 1677/1861/1633 1676/1860/1633 1682/1864/1633 1683/1865/1633
f 1677/1861/1634 1683/1865/1634 1684/1866/1634 1678/1862/1634
f 1679/1863/1635 1678/1862/1635 1684/1866/1635 1685/1867/1635
f 1679/1863/1636 1685/1867/1636 1686/1698/1636 1680/1694/1636
f 1682/1864/1637 1681/1690/1637 1688/1695/1637 1689/1868/1637
f 1686/1698/1638 1687/1692/1638 1680/1694/1638
f 1683/1865/1639 1682/1864/1639 1689/1868/1639 1690/1869/1639
f 1683/1865/1640 1690/1869/1640 1691/1870/1640 1684/1866/1640
f 1685/1867/1641 1684/1866/1641 1691/1870/1641 1692/1871/1641
f 1686/1698/1642 1685/1867/1642 1692/1871/1642 1693/1697/1642
f 1689/1868/1643 1688/1695/1643 1695/1702/1643 1696/1872/1643
f 1690/1869/1644 1689/1868/1644 1696/1872/1644 1697/1873/1644
f 1690/1869/962 1697/1873/962 1698/1874/962 1691/1870/962
f 1692/1871/1645 1691/1870/1645 1698/1874/1645 1699/1875/1645
f 1692/1871/1646 1699/1875/1646 1700/1876/1646 1693/1697/1646
f 1695/1702/1647 1702/1705/1647 1703/1877/1647 1696/1872/1647
f 1700/1876/1648 1701/1703/1648 1693/1697/1648
f 1697/1873/1649 1696/1872/1649 1703/1877/1649 1704/1878/1649
f 1697/1873/1650 1704/1878/1650 1705/1879/1650 1698/1874/1650
f 1699/1875/1651 1698/1874/1651 1705/1879/1651 1706/1880/1651
f 1700/1876/1652 1699/1875/1652 1706/1880/1652 1707/1707/1652
f 1703/1877/1653 1702/1705/1653 1708/1709/1653 1709/1717/1653
f 1707/1707/1654 1701/1703/1654 1700/1876/1654
f 1703/1877/1655 1709/1717/1655 1710/1716/1655 1704/1878/1655
f 1704/1878/1656 1710/1716/1656 1711/1881/1656 1705/1879/1656
f 1705/1879/1657 1711/1881/1657 1712/1882/1657 1706/1880/1657
f 1707/1707/1658 1706/1880/1658 1712/1882/1658 1713/1711/1658
f 1709/1717/1659 1708/1709/1659 1714/1713/1659 1715/1715/1659
f 1710/1716/1660 1715/1715/1660 1716/1883/1660 1711/1881/1660
f 1712/1882/1661 1711/1881/1661 1716/1883/1661 1717/1884/1661
f 1712/1882/1662 1717/1884/1662 1718/1718/1662 1713/1711/1662
f 1715/1715/1663 1714/1713/1663 1719/1720/1663 1720/1723/1663
f 1716/1883/1664 1715/1715/1664 1721/1722/1664 1722/1885/1664
f 1717/1884/1665 1716/1883/1665 1722/1885/1665 1723/1886/1665
f 1717/1884/1666 1723/1886/1666 1724/1724/1666 1718/1718/1666
f 1720/1723/1667 1719/1720/1667 1725/1726/1667 1726/1887/1667
f 1720/1723/1668 1726/1887/1668 1727/1888/1668 1721/1722/1668
f 1722/1885/1669 1721/1722/1669 1727/1888/1669 1728/1889/1669
f 1723/1886/1670 1722/1885/1670 1728/1889/1670 1729/1890/1670
f 1723/1886/1671 1729/1890/1671 1730/1728/1671 1724/1724/1671
f 1726/1887/1672 1725/1726/1672 1732/1891/1672 1733/1892/1672
f 1731/1730/1673 1732/1891/1673 1725/1726/1673
f 1727/1888/1674 1726/1887/1674 1733/1892/1674 1734/1893/1674
f 1728/1889/979 1727/1888/979 1734/1893/979 1735/1738/979
f 1729/1890/1675 1728/1889/1675 1735/1738/1675 1736/1737/1675
f 1729/1890/1676 1736/1737/1676 1737/1732/1676 1730/1728/1676
f 1732/1891/1677 1738/1734/1677 1739/1894/1677 1733/1892/1677
f 1738/1734/1678 1732/1891/1678 1731/1730/1678
f 1734/1893/1679 1733/1892/1679 1739/1894/1679 1740/1895/1679
f 1735/1738/1680 1734/1893/1680 1740/1895/1680 1741/1736/1680
f 1736/1737/1681 1741/1736/1681 1742/1896/1681 1737/1732/1681
f 1738/1734/1682 1744/1741/1682 1745/1897/1682 1739/1894/1682
f 1742/1896/1683 1743/1739/1683 1737/1732/1683
f 1740/1895/1684 1739/1894/1684 1745/1897/1684 1746/1898/1684
f 1740/1895/1685 1746/1898/1685 1747/1899/1685 1741/1736/1685
f 1742/1896/1686 1741/1736/1686 1748/1900/1686 1749/1743/1686
f 1747/1899/1687 1748/1900/1687 1741/1736/1687
f 1744/1741/1688 1750/1748/1688 1751/1901/1688 1745/1897/1688
f 1749/1743/1689 1743/1739/1689 1742/1896/1689
f 1750/1748/1690 1744/1741/1690 1606/1742/1690
f 1746/1898/1691 1745/1897/1691 1751/1901/1691 1752/1902/1691
f 1746/1898/984 1752/1902/984 1753/1903/984 1747/1899/984
f 1747/1899/1692 1753/1903/1692 1754/1904/1692 1748/1900/1692
f 1749/1743/1693 1748/1900/1693 1754/1904/1693 1755/1745/1693
f 1751/1901/1694 1750/1748/1694 1756/1747/1694 1757/1905/1694
f 1751/1901/1695 1757/1905/1695 1758/1906/1695 1752/1902/1695
f 1753/1903/1696 1752/1902/1696 1758/1906/1696 1759/1907/1696
f 1753/1903/1697 1759/1907/1697 1760/1908/1697 1754/1904/1697
f 1755/1745/1698 1754/1904/1698 1760/1908/1698 1761/1750/1698
f 1757/1905/1699 1756/1747/1699 1763/1754/1699 1764/1909/1699
f 1758/1906/1700 1757/1905/1700 1764/1909/1700 1765/1910/1700
f 1759/1907/1701 1758/1906/1701 1765/1910/1701 1766/1911/1701
f 1760/1908/1702 1766/1911/1702 1767/1755/1702 1761/1750/1702
f 1766/1911/1703 1760/1908/1703 1759/1907/1703
f 1763/1754/1704 1768/1757/1704 1769/1912/1704 1764/1909/1704
f 1764/1909/1705 1769/1912/1705 1770/1913/1705 1765/1910/1705
f 1765/1910/1706 1770/1913/1706 1771/1914/1706 1766/1911/1706
f 1766/1911/1707 1772/1915/1707 1773/1759/1707 1767/1755/1707
f 1771/1914/1708 1772/1915/1708 1766/1911/1708
f 1769/1912/1709 1768/1757/1709 1775/1767/1709 1776/1916/1709
f 1774/1761/1710 1775/1767/1710 1768/1757/1710
f 1769/1912/1711 1776/1916/1711 1777/1917/1711 1770/1913/1711
f 1770/1913/1712 1777/1917/1712 1778/1918/1712 1771/1914/1712
f 1772/1915/1713 1771/1914/1713 1778/1918/1713 1779/1919/1713
f 1772/1915/1714 1779/1919/1714 1780/1763/1714 1773/1759/1714
f 1775/1767/1715 1781/1765/1715 1782/1920/1715 1776/1916/1715
f 1776/1916/1716 1782/1920/1716 1783/1921/1716 1777/1917/1716
f 1777/1917/1717 1783/1921/1717 1784/1922/1717 1778/1918/1717
f 1779/1919/1718 1778/1918/1718 1784/1922/1718 1785/1923/1718
f 1779/1919/1719 1785/1923/1719 1786/1768/1719 1780/1763/1719
f 1781/1765/1720 1787/1770/1720 1788/1778/1720 1782/1920/1720
f 1783/1921/1721 1782/1920/1721 1788/1778/1721 1789/1777/1721
f 1783/1921/914 1789/1777/914 1790/1924/914 1784/1922/914
f 1785/1923/1722 1784/1922/1722 1790/1924/1722 1791/1925/1722
f 1785/1923/1723 1791/1925/1723 1792/1772/1723 1786/1768/1723
f 1787/1770/1724 1793/1774/1724 1794/1776/1724 1788/1778/1724
f 1789/1777/1725 1794/1776/1725 1795/1787/1725 1790/1924/1725
f 1791/1925/1726 1790/1924/1726 1795/1787/1726 1796/1786/1726
f 1791/1925/1727 1796/1786/1727 1797/1779/1727 1792/1772/1727
f 1794/1776/1728 1793/1774/1728 1798/1781/1728 1799/1784/1728
f 1795/1787/1729 1794/1776/1729 1800/1783/1729 1801/1785/1729
f 1796/1786/1730 1801/1785/1730 1802/1926/1730 1797/1779/1730
f 1799/1784/1731 1798/1781/1731 1805/1792/1731 1806/1801/1731
f 1802/1926/1732 1803/1788/1732 1797/1779/1732
f 1799/1784/1733 1806/1801/1733 1807/1800/1733 1800/1783/1733
f 1800/1783/1734 1807/1800/1734 1808/1794/1734 1801/1785/1734
f 1802/1926/1735 1801/1785/1735 1809/1793/1735 1810/1795/1735
f 1805/1792/1736 1811/1797/1736 1812/1799/1736 1806/1801/1736
f 1810/1795/1737 1803/1788/1737 1802/1926/1737
f 1807/1800/1738 1812/1799/1738 1813/1927/1738 1808/1794/1738
f 1808/1794/1739 1813/1927/1739 1814/1928/1739 1809/1793/1739
f 1810/1795/1740 1809/1793/1740 1814/1928/1740 1815/1802/1740
f 1812/1799/1741 1811/1797/1741 1816/1804/1741 1817/1929/1741
f 1813/1927/1742 1812/1799/1742 1818/1930/1742 1819/1931/1742
f 1817/1929/1743 1818/1930/1743 1812/1799/1743
f 1813/1927/1744 1819/1931/1744 1820/1932/1744 1814/1928/1744
f 1814/1928/1745 1820/1932/1745 1821/1806/1745 1815/1802/1745
f 1817/1929/1746 1816/1804/1746 1823/1933/1746 1824/1934/1746
f 1822/1808/1747 1823/1933/1747 1816/1804/1747
f 1817/1929/1748 1824/1934/1748 1825/1935/1748 1818/1930/1748
f 1819/1931/924 1818/1930/924 1825/1935/924 1826/1936/924
f 1820/1932/1749 1819/1931/1749 1826/1936/1749 1827/1937/1749
f 1820/1932/1750 1827/1937/1750 1828/1811/1750 1821/1806/1750
f 1823/1933/1751 1608/1813/1751 1609/1938/1751 1824/1934/1751
f 1608/1813/1752 1823/1933/1752 1822/1808/1752
f 1825/1935/1753 1824/1934/1753 1609/1938/1753 1610/1939/1753
f 1826/1936/1754 1825/1935/1754 1610/1939/1754 1611/1940/1754
f 1826/1936/1755 1611/1940/1755 1612/1941/1755 1827/1937/1755
f 1828/1811/1756 1827/1937/1756 1612/1941/1756 1613/1815/1756
f 1613/1815/1757 1829/1810/1757 1828/1811/1757
